RESOURCE_ID,RESOURCE_DESCRIPTION,RESOURCE_TYPE,DEPARTMENT_ID,SCHEDULE_GROUP_ID,SCHEDULE_NORMALLY,OPERATION_ROW_COUNT,DISTINCT_WORK_ORDERS,DISTINCT_SEQUENCES,FIRST_SCHED_START_DATE,LAST_SCHED_FINISH_DATE
010-02,Saw - Horizontal Peerless,W,NULL,NULL,N,8,8,8,NULL,NULL
010-03,Saw - Band Saw - Crob,W,NULL,NULL,N,2,2,2,2023-09-28 00:00:00.000,2023-11-02 00:00:00.000
010-GRP,Saw Group - Horizontals,G,NULL,NULL,Y,24,24,24,2008-04-10 00:00:00.000,2010-11-18 06:20:00.000
020-01,Waterjet - Flow M3 4020B,W,NULL,NULL,Y,9763,8190,8256,2011-05-17 16:00:00.000,2028-08-18 02:00:00.000
030-01,Tapping Head,W,NULL,NULL,Y,1,1,1,NULL,NULL
030-GRP,Tapping Head Group,G,NULL,NULL,Y,189,177,189,2007-10-26 14:30:00.000,2025-10-30 00:10:00.000
050-01,Shop Group,I,NULL,NULL,Y,250,236,250,2008-01-31 13:00:00.000,2026-06-17 09:00:00.000
050-02,Unattended Machining,W,NULL,NULL,N,8804,6976,6976,2007-10-24 00:00:00.000,2036-10-02 16:10:00.000
050-GRP,Shop Group,G,NULL,NULL,Y,14123,11658,12198,2007-10-24 00:00:00.000,2036-10-02 16:00:00.000
060-01,Laser - 3015 Mazak Nexus Fiber 4,000 W,W,NULL,NULL,Y,1625,1598,1602,2019-10-04 07:10:00.000,2026-07-20 12:40:00.000
060-02,Laser - Bystronic 12K,W,NULL,NULL,Y,1822,1810,1813,2023-09-07 00:00:00.000,2026-06-26 21:30:00.000
060-03,Laser - Bystronic 12K,W,NULL,NULL,Y,426,425,425,2023-06-30 14:50:00.000,2026-07-03 21:10:00.000
090-01,Spot Weld ,W,NULL,NULL,Y,588,436,586,2019-09-12 15:00:00.000,2026-08-12 19:20:00.000
090-02,Spot Weld ,W,NULL,NULL,Y,1,1,1,NULL,NULL
090-03,Spot Weld ,W,NULL,NULL,Y,0,0,1,NULL,NULL
090-04,Spot Weld,W,NULL,NULL,Y,14,7,14,2025-05-30 00:00:00.000,2026-06-02 23:50:00.000
090-05,Spot Weld,W,NULL,NULL,Y,0,0,1,NULL,NULL
090-GRP,Spot Weld Group,G,NULL,NULL,Y,1831,1749,1827,2007-10-31 00:00:00.000,2026-07-08 23:40:00.000
092-01,Stud Weld Steel,W,NULL,NULL,Y,315,315,315,2019-10-01 17:20:00.000,2032-07-16 03:30:00.000
092-02,Stud Weld Alum,W,NULL,NULL,Y,28,28,28,NULL,NULL
095-01,Welding - Portable Lincoln Arc Welder,W,NULL,NULL,Y,176,176,176,2011-10-26 07:40:00.000,2026-06-04 23:40:00.000
095-02,Welding - Lincoln Square Wave,W,NULL,NULL,N,14,14,14,2023-09-07 00:10:00.000,2026-03-01 23:40:00.000
095-03,Welding - Miller CP300,W,NULL,NULL,Y,0,0,1,NULL,NULL
095-06,Welding - Preston Easting Positioner,W,NULL,NULL,N,0,0,1,NULL,NULL
095-07,Welding - Lincoln Ideal Arc DC600,W,NULL,NULL,Y,0,0,1,NULL,NULL
095-08,Welding - Lincoln LN7 Feeder,W,NULL,NULL,N,4,4,4,2026-04-24 00:30:00.000,2026-06-04 09:00:00.000
095-09,Welding - Lincoln LN7 Feeder,W,NULL,NULL,N,0,0,1,NULL,NULL
095-10,Welding - Lincoln LN7 Feeder,W,NULL,NULL,N,0,0,1,NULL,NULL
095-11,Miller Feeder Model #XRW Serial #KC21255,W,NULL,NULL,Y,0,0,1,NULL,NULL
095-12,Lincoln Precision Tig, Model 375,W,NULL,NULL,N,56,56,56,2019-09-12 13:10:00.000,2026-06-05 14:50:00.000
095-13,Wire Welder (Manual),W,NULL,NULL,Y,81,81,81,2019-10-04 07:10:00.000,2026-03-31 23:40:00.000
095-17,Lincoln Power Mig 210 Wire Welder,W,NULL,NULL,Y,0,0,1,NULL,NULL
095-GRP,Manual Welding,G,NULL,NULL,Y,457,455,455,2008-11-10 00:00:00.000,2026-05-01 02:10:00.000
096-01,Lincoln E Cell Robotic Welder,W,NULL,NULL,Y,372,367,367,2012-05-18 09:00:00.000,2026-06-04 23:40:00.000
096-01-GRP,Lincoln E Cell Robotic Welder,G,NULL,NULL,Y,835,823,826,2007-10-24 00:00:00.000,2026-06-08 23:40:00.000
096-02,Lincoln Robotic Welder XHS-CM,W,NULL,NULL,Y,461,460,461,2020-09-08 06:40:00.000,2026-06-17 03:10:00.000
096-03,Lincoln Robotic Welder XHS-CM,W,NULL,NULL,Y,211,211,211,2021-05-07 22:30:00.000,2029-10-05 12:00:00.000
099-03,Press (Enerpac),W,NULL,NULL,N,4,3,3,2020-07-02 23:20:00.000,2025-10-10 00:00:00.000
099-04,Press (Enerpac),W,NULL,NULL,Y,0,0,1,NULL,NULL
099-05,DO NOT USE,W,NULL,NULL,Y,17,17,17,2023-06-02 00:00:00.000,2025-10-30 00:10:00.000
100-01,Press Room 400 Ton Williams & White,W,NULL,NULL,Y,2107,1842,2105,2008-07-01 13:50:00.000,2023-03-10 15:10:00.000
100-01-GRP,Press Room 400 Ton,G,NULL,NULL,Y,154,139,154,2007-10-24 14:30:00.000,2020-04-09 15:20:00.000
100-02,Press Room 200 Ton Bliss,W,NULL,NULL,Y,298,298,298,2008-03-06 00:00:00.000,2010-10-25 16:20:00.000
100-02-GRP,Press Room 200 Ton,G,NULL,NULL,Y,1432,1334,1428,2007-10-30 22:50:00.000,2011-10-25 07:30:00.000
100-03,Press Room 220 Ton Aida,W,NULL,NULL,Y,3894,3886,3894,2008-03-20 08:30:00.000,2026-06-21 23:50:00.000
100-03-GRP,Press Room 220 Ton,G,NULL,NULL,Y,61,61,61,2007-11-20 00:20:00.000,2010-10-28 13:50:00.000
100-04,Press Room 60 Ton,W,NULL,NULL,Y,14,14,14,2008-09-09 14:10:00.000,2010-01-14 10:10:00.000
100-04-GRP,Press Room 60 Ton,G,NULL,NULL,Y,94,94,94,2007-11-07 08:40:00.000,2011-05-20 08:10:00.000
100-06,Press Room 500 Ton Heim,W,NULL,NULL,Y,5004,4910,5004,2008-03-10 07:00:00.000,2026-06-02 21:20:00.000
100-06-1/2BUR,Press Room 500 Ton Heim,W,NULL,NULL,Y,0,0,1,NULL,NULL
100-06-GRP,Press Room 500 Ton,G,NULL,NULL,Y,532,500,532,2007-10-25 13:30:00.000,2011-11-17 16:00:00.000
100-07,Brake Press,W,NULL,NULL,Y,3603,3441,3592,2012-05-18 12:20:00.000,2035-06-18 09:20:00.000
100-07-GRP,Brake Press,G,NULL,NULL,Y,383,383,383,2007-10-24 11:10:00.000,2012-06-04 13:50:00.000
100-08,Press Room 800 Ton,W,NULL,NULL,Y,1989,1559,1989,2009-02-05 07:00:00.000,2026-05-29 01:30:00.000
100-08-1/2BUR,Press Room 800 Ton - 1/2 Burden,W,NULL,NULL,Y,36,36,36,NULL,NULL
100-09,Press Room 800 Ton,W,NULL,NULL,Y,350,339,350,2019-10-04 07:10:00.000,2031-04-04 04:00:00.000
100-09-Cell,Press Room 800 Ton & Studweld,W,NULL,NULL,Y,150,150,150,NULL,NULL
100-10,Press Room 200 Ton Clearing,W,NULL,NULL,Y,131,131,131,2019-09-12 13:10:00.000,2021-12-30 23:50:00.000
100-10-1/2BUR,Press Room 200 Ton Clearing - 1/2 Burden,W,NULL,NULL,Y,0,0,1,NULL,NULL
100-11,Press Room 500 Ton Heim,W,NULL,NULL,Y,1209,1189,1209,2019-09-12 13:10:00.000,2022-10-26 23:50:00.000
100-11-1/2BUR,Press Room 500 Ton Heim,W,NULL,NULL,Y,3,3,3,NULL,NULL
100-12,Press Room 440 Ton Seyi,W,NULL,NULL,Y,5288,5280,5287,2019-09-13 00:20:00.000,2026-06-14 23:40:00.000
100-12-1/2BUR,Press Room 440 Ton Seyi,W,NULL,NULL,Y,7,7,7,NULL,NULL
100-13,Press Room Lien Chieh,W,NULL,NULL,Y,337,155,337,2019-09-13 03:40:00.000,2026-04-23 23:50:00.000
100-14,Press Room 660 Ton Seyi,W,NULL,NULL,Y,1562,1513,1562,2019-09-13 14:00:00.000,2026-07-01 08:00:00.000
100-14-1/2BUR,Press Room 660 Ton Seyi,W,NULL,NULL,Y,23,23,23,NULL,NULL
100-15,Press Room 660 Ton Seyi,W,NULL,NULL,Y,1377,1373,1377,2019-09-20 02:50:00.000,2026-06-04 14:40:00.000
100-16,Press Room 440 Ton Seyi,W,NULL,NULL,Y,1286,1263,1286,2019-09-30 11:40:00.000,2026-06-08 16:10:00.000
100-17,Press Room 660 Ton Seyi,W,NULL,NULL,Y,581,552,581,2019-11-14 19:40:00.000,2026-06-05 15:50:00.000
100-18,Press Room 330 Ton Seyi Servo,W,NULL,NULL,Y,663,663,663,2019-09-30 11:40:00.000,2026-06-09 15:40:00.000
100-1806,Press Room 200 Ton Minster,W,NULL,NULL,Y,2127,2117,2126,2011-11-08 22:30:00.000,2027-04-29 23:40:00.000
100-1807,Press Room 200 Ton Minster,W,NULL,NULL,Y,1074,1073,1074,2010-11-19 10:40:00.000,2026-06-12 15:00:00.000
100-1807-1/2BUR,Press Room 200 Ton Minster,W,NULL,NULL,Y,17,17,17,NULL,NULL
100-1814,Press Room 110 ton Bliss,W,NULL,NULL,Y,1006,973,1006,2010-11-10 15:20:00.000,2026-05-05 13:20:00.000
100-1814-GRP,Press Room 110 ton Bliss,W,NULL,NULL,Y,86,86,86,2010-09-03 08:00:00.000,2012-05-21 23:50:00.000
100-1823,Press Room 150 ton Bliss,W,NULL,NULL,Y,1241,1231,1241,2010-09-23 17:30:00.000,2026-06-16 22:30:00.000
100-1850,Press Room 250 Ton Hydraulic,W,NULL,NULL,Y,303,295,303,2010-09-06 14:50:00.000,2021-06-09 21:50:00.000
100-19,Press Room 880 Ton Seyi,W,NULL,NULL,Y,810,764,810,2019-10-04 07:10:00.000,2026-06-04 01:00:00.000
100-20,Press Room 440 Ton Seyi,W,NULL,NULL,Y,860,856,860,2019-10-02 14:50:00.000,2026-06-03 07:00:00.000
100-21,Press Room 330 Seyi,W,NULL,NULL,Y,12,12,12,2022-02-11 00:00:00.000,2026-06-04 23:40:00.000
100-22,Press Room 660 Stamtec,W,NULL,NULL,Y,180,171,180,2021-02-18 07:10:00.000,2026-05-29 10:50:00.000
100-23,Press Room 800 Ton,W,NULL,NULL,Y,747,439,747,2021-05-28 13:40:00.000,2031-04-04 02:00:00.000
100-24,Press Room 800 Ton,W,NULL,NULL,Y,2220,2216,2220,2021-09-20 21:20:00.000,2026-06-09 14:20:00.000
100-25,Press Room 660 Ton Seyi,W,NULL,NULL,Y,191,180,191,2022-03-04 00:00:00.000,2026-06-11 23:40:00.000
100-26,Press Room 176 Ton Seyi,W,NULL,NULL,Y,149,149,149,2022-01-20 08:00:00.000,2026-05-10 23:40:00.000
100-27,Press Room 330 Ton Seyi,W,NULL,NULL,Y,684,683,684,2022-02-21 16:10:00.000,2026-06-19 00:10:00.000
100-28,Press Room 330 Ton Stamtec,W,NULL,NULL,Y,428,402,428,2022-03-24 09:30:00.000,2026-06-09 09:40:00.000
100-29,E-Brake Premium III Series,W,NULL,NULL,Y,1351,1314,1351,2022-09-12 08:50:00.000,2033-03-18 10:10:00.000
100-30,Press (Multicell),W,NULL,NULL,Y,431,430,430,2023-10-05 07:00:00.000,2026-06-26 22:50:00.000
100-31,Press Room 1100 ton SEYI,W,NULL,NULL,Y,80,80,80,2024-06-20 00:00:00.000,2026-06-02 15:20:00.000
100-A-BUR-1/2,Press Room Universal Half Burden,W,NULL,NULL,Y,769,588,769,NULL,NULL
100-A-BUR-1/4,Press Room Universal Quarter Burden,W,NULL,NULL,Y,42,42,42,NULL,NULL
100-GRP,Small Press Coil Fed,G,NULL,NULL,Y,9363,7534,7535,2007-10-24 00:00:00.000,2036-10-02 16:10:00.000
100-GRP1,1ST SHIFT,G,NULL,NULL,Y,233,233,233,2010-11-18 23:50:00.000,2012-05-30 23:50:00.000
100-GRP2,Large Press,G,NULL,NULL,Y,699,587,699,2007-10-25 21:10:00.000,2012-05-31 23:50:00.000
100-GRP3,Small Press Hand Transfer,G,NULL,NULL,Y,0,0,1,NULL,NULL
101-01,Orbital Riveter,W,NULL,NULL,Y,2,2,2,2025-06-12 00:10:00.000,2025-06-19 00:00:00.000
101-02,Orbital Riveter,W,NULL,NULL,Y,0,0,1,NULL,NULL
105-01,Press Room - Press Feeder (DCR),W,NULL,NULL,Y,0,0,1,NULL,NULL
105-02,Press Room - Straighter Machine,W,NULL,NULL,N,1,1,1,NULL,NULL
105-03,Press Room - Press Feeder (Stock Reel),W,NULL,NULL,Y,0,0,1,NULL,NULL
105-04,Press Room - Coil Handler,W,NULL,NULL,N,0,0,1,NULL,NULL
105-05,Press Room - Press Feeder (DJR),W,NULL,NULL,Y,0,0,1,NULL,NULL
105-06,Press Room - Restrictor Arm (PTR),W,NULL,NULL,N,0,0,1,NULL,NULL
105-07,Press Room - Straightener (DPS),W,NULL,NULL,Y,0,0,1,NULL,NULL
105-08,Press Room - Coil Handling System,W,NULL,NULL,N,1,1,1,NULL,NULL
105-1807A,Press Room - Feeder,W,NULL,NULL,Y,0,0,1,NULL,NULL
105-1807B,Press Room - Straightener,W,NULL,NULL,Y,1,1,1,NULL,NULL
105-1807C,Press Room - Coil Handling Reel,W,NULL,NULL,Y,0,0,1,NULL,NULL
109-01,Oven (Electra),W,NULL,NULL,Y,0,0,1,NULL,NULL
110-01,Heat Treat,W,NULL,NULL,N,123,123,123,2019-11-04 12:10:00.000,2026-04-17 19:10:00.000
110-GRP,Heat Treat Group,G,NULL,NULL,Y,9,9,9,2008-05-05 00:00:00.000,2010-08-30 00:00:00.000
120-01,PEMSERTER® Series 4 Auto Feeder,W,NULL,NULL,N,263,254,261,2019-10-04 07:10:00.000,2026-05-31 23:40:00.000
120-04,Haeger 824 MSP-5e Automated Cell,W,NULL,NULL,N,23,23,23,2025-04-24 00:00:00.000,2026-03-12 00:10:00.000
120-05,Auto Rivet Machine,W,NULL,NULL,N,194,194,194,2024-10-31 00:00:00.000,2026-02-19 00:10:00.000
120-06,Auto Rivet Machine,W,NULL,NULL,N,0,0,1,NULL,NULL
130-01,Drill Press - Small Drill Press (900-02),W,NULL,NULL,N,6,6,6,2020-03-27 06:40:00.000,2020-09-27 23:50:00.000
130-02,Drill Press - Clausing,W,NULL,NULL,Y,3,3,3,2024-12-12 00:50:00.000,2025-09-07 23:50:00.000
130-07,Drill Press - Donauflex 133,W,NULL,NULL,N,19,19,19,2022-09-02 00:00:00.000,2026-06-03 21:30:00.000
130-11,Drill Press - Small Drill Press,W,NULL,NULL,N,1,1,1,2024-09-12 00:20:00.000,2024-09-12 19:50:00.000
131-02,Tapping Arm - Wilton (Deburring),W,NULL,NULL,N,1,1,1,NULL,NULL
131-03,Tapping Fixture - Table,W,NULL,NULL,N,304,303,304,2019-09-12 13:10:00.000,2026-06-01 14:30:00.000
131-04,Tapping Fixture - Rotary,W,NULL,NULL,N,64,64,64,2020-01-23 14:00:00.000,2026-04-17 06:10:00.000
135.23,CNC - Doosan VC 3600,W,NULL,NULL,Y,5,5,5,2024-11-21 03:20:00.000,2025-11-04 23:40:00.000
135-02,Manual Vert. - Milltrontics,W,NULL,NULL,Y,1,1,1,2025-07-10 00:00:00.000,2025-07-11 02:50:00.000
135-03,Manual Vert. - Milltrontics,W,NULL,NULL,N,0,0,1,NULL,NULL
135-04,Manual Vert. - Milltrontics,W,NULL,NULL,Y,0,0,1,NULL,NULL
135-05,Manual Vert. - Milltrontics,W,NULL,NULL,N,0,0,1,NULL,NULL
135-07,Manual Vert. - Bridgeport Mill,W,NULL,NULL,N,0,0,1,NULL,NULL
135-09,Manual Vert. - Acer 3VKN,W,NULL,NULL,N,0,0,1,NULL,NULL
135-10,Manual Vert. - Milltronics, RH30,W,NULL,NULL,Y,0,0,1,NULL,NULL
135-23,CNC Vertical Mill - Doosan VC 3600,W,NULL,NULL,Y,72,72,72,2024-02-12 00:00:00.000,2026-06-16 23:10:00.000
140-01,Assembly,W,NULL,NULL,N,28,28,28,2019-12-12 08:50:00.000,2026-05-29 07:10:00.000
140-03,Assembly (Rafael),W,NULL,NULL,N,46,42,46,2007-10-24 00:00:00.000,2009-04-30 08:50:00.000
140-GRP,Assembly Group,G,NULL,NULL,Y,1344,1344,1344,2007-11-21 00:00:00.000,2026-05-08 07:00:00.000
150-01,Fabrication,W,NULL,NULL,N,8,8,8,2020-07-10 08:30:00.000,2023-03-31 13:20:00.000
150-GRP,Die Shop Assembly,G,NULL,NULL,Y,108,98,98,2026-02-05 23:50:00.000,2027-06-24 13:40:00.000
160-01,Labor - PT,I,NULL,NULL,Y,6,6,6,2011-11-08 15:50:00.000,2011-11-08 15:50:00.000
160-GRP,Labor - PT Group,G,NULL,NULL,Y,125,125,125,2009-01-08 14:30:00.000,2012-05-23 03:10:00.000
180-01,Inactive -Surface Grind 24 IN X 48 IN,W,NULL,NULL,N,0,0,1,NULL,NULL
180-02,Surface Grind 6 IN X 18 IN,W,NULL,NULL,Y,0,0,1,NULL,NULL
180-03,Surface Grind 6 IN X 18 IN,W,NULL,NULL,N,0,0,1,NULL,NULL
180-04,Surface Grind 6 IN X 18 IN,W,NULL,NULL,Y,0,0,1,NULL,NULL
180-05,Chevalier Surface Grinder,W,NULL,NULL,Y,4,4,4,2025-10-16 08:20:00.000,2026-05-15 01:30:00.000
180-05-GRP,Chevalier Surface Grinder,W,NULL,NULL,Y,0,0,1,NULL,NULL
180-06,Chevalier Surface Grinder 16" x 32",W,NULL,NULL,Y,0,0,1,NULL,NULL
180-07,Chevalier Surface Grinder 8" x 16",W,NULL,NULL,Y,0,0,1,NULL,NULL
180-08,Chevalier Surface Grinder 8" x 16",W,NULL,NULL,Y,0,0,1,NULL,NULL
180-GRP,Surface Grind Group,G,NULL,NULL,N,1,1,1,2007-11-21 00:00:00.000,2007-11-21 00:00:00.000
190-01,Blanchard Grind 48 IN,W,NULL,NULL,Y,2,2,2,2026-01-23 00:00:00.000,2026-06-01 12:00:00.000
190-02,Blanchard Grind 36 IN,W,NULL,NULL,N,0,0,1,NULL,NULL
190-GRP,Blanchard Grind Group,G,NULL,NULL,Y,47,47,47,2007-10-31 00:00:00.000,2010-11-18 10:50:00.000
251-01,First Article,W,NULL,NULL,N,0,0,1,NULL,NULL
251-GRP,First Article Group,G,NULL,NULL,Y,0,0,1,NULL,NULL
252-01,Final Inspection ,W,NULL,NULL,N,1738,1671,1738,2020-04-26 23:50:00.000,2026-09-08 23:50:00.000
252-GRP,Final Inspection Group,G,NULL,NULL,Y,8907,7076,7078,2007-10-24 00:00:00.000,2036-10-02 16:10:00.000
253-01,In-Process Inspection ,W,NULL,NULL,N,94,91,94,2007-10-24 00:00:00.000,2026-05-29 00:00:00.000
253-GRP,In-Process Inspection Group,G,NULL,NULL,Y,7967,6298,6298,2009-05-12 00:00:00.000,2036-10-02 16:10:00.000
254-01,PPAP / ISIR,W,NULL,NULL,N,1,1,1,2023-12-07 00:00:00.000,2023-12-07 00:00:00.000
254-GRP,PPAP / ISIR Group,G,NULL,NULL,Y,1,1,1,NULL,NULL
255-01,Receiving Inspection,W,NULL,NULL,N,1,1,1,NULL,NULL
255-GRP,Receiving Inspection Group,G,NULL,NULL,Y,0,0,1,NULL,NULL
260-03,Do Not Use,W,NULL,NULL,Y,1,1,1,2007-11-21 00:00:00.000,2007-11-21 01:20:00.000
260-04,Do Not Use,W,NULL,NULL,Y,3,2,2,2007-10-24 00:00:00.000,2008-02-28 01:10:00.000
260-05,Do Not Use,W,NULL,NULL,Y,4,3,3,2007-10-25 22:30:00.000,2008-02-28 16:10:00.000
300-01,Shipping,W,NULL,NULL,N,15,13,13,2007-10-29 20:20:00.000,2008-05-05 00:00:00.000
300-GRP,Die Shop Tryout,G,NULL,NULL,Y,8938,7093,7097,2007-10-24 00:00:00.000,2036-10-02 16:10:00.000
301-01,Ship to Vendor,W,NULL,NULL,N,3,3,3,2007-10-24 14:40:00.000,2007-10-24 14:40:00.000
350-01,WEDM Submerged,W,NULL,NULL,Y,0,0,1,NULL,NULL
350-02,WEDM Non-Submerged,W,NULL,NULL,N,0,0,1,NULL,NULL
350-03,Unattended Wire EDM,W,NULL,NULL,Y,8799,6971,6971,2007-10-24 00:00:00.000,2036-10-02 16:10:00.000
350-GRP,Wire EDM Group,G,NULL,NULL,N,8916,7074,7074,2007-10-24 00:00:00.000,2036-10-02 16:10:00.000
500-GRP,Die Maintenance,G,NULL,NULL,Y,47273,47261,47261,2011-10-24 13:50:00.000,2027-04-27 17:40:00.000
712-01,CNC Lathe - Harrison,W,NULL,NULL,Y,6,6,6,NULL,NULL
876-49,Dip Conveyor,W,NULL,NULL,Y,1,1,1,2025-08-07 07:00:00.000,2025-08-08 13:40:00.000
880-01,Manual Finish ,W,NULL,NULL,Y,3395,3381,3394,2012-05-18 09:00:00.000,2035-05-28 18:50:00.000
880-DBR,Manual Finish Laser Parts,W,NULL,NULL,Y,23,23,23,2025-12-19 20:50:00.000,2026-06-22 21:50:00.000
880-GRP,Manual Finish Group,G,NULL,NULL,Y,3183,3114,3183,2007-11-01 19:50:00.000,2026-05-22 00:00:00.000
880-PAK,Manual Finish Packaging,W,NULL,NULL,Y,65,65,65,2025-02-13 01:50:00.000,2026-02-19 04:30:00.000
890-01,Stoelting Parts Washer,W,NULL,NULL,Y,926,892,926,2019-09-18 13:00:00.000,2026-01-09 11:00:00.000
890-03,Integrity 4-Stage Parts Washer,W,NULL,NULL,Y,47,47,47,2022-12-16 07:00:00.000,2026-06-05 07:50:00.000
890-05,Integrity 4-Stage Parts Washer-Large,W,NULL,NULL,Y,2,2,2,2026-06-04 22:40:00.000,2026-06-04 22:50:00.000
971-05,Air Compressor - Atlas,W,NULL,NULL,N,0,0,1,NULL,NULL
972-01,Drier - Van Air,W,NULL,NULL,Y,0,0,1,NULL,NULL
977-01,Battery Charger - Chloride,W,NULL,NULL,N,0,0,1,NULL,NULL
977-02,Battery Charger - Charter,W,NULL,NULL,Y,0,0,1,NULL,NULL
977-03,Battery Charger - Exide,W,NULL,NULL,N,0,0,1,NULL,NULL
977-04,Battery Charger - Model TF18-680,W,NULL,NULL,Y,0,0,1,NULL,NULL
978-01,Scale #1,W,NULL,NULL,N,0,0,1,NULL,NULL
978-02,Scale #2,W,NULL,NULL,Y,0,0,1,NULL,NULL
979-01,Forklift - Crown 30RCTT,W,NULL,NULL,N,0,0,1,NULL,NULL
979-02,Forklift - Crown 35RCTT,W,NULL,NULL,Y,0,0,1,NULL,NULL
979-03,Forklift - Crown 25RCTL-S,W,NULL,NULL,N,0,0,1,NULL,NULL
979-04,Forklift - Cat V50D,W,NULL,NULL,Y,0,0,1,NULL,NULL
979-05,Forklift - Clark CFY140,W,NULL,NULL,N,0,0,1,NULL,NULL
984-06,Tennant Sweeper (S8),W,NULL,NULL,N,0,0,1,NULL,NULL
984-07,Tennant Sweeper (T3),W,NULL,NULL,Y,0,0,1,NULL,NULL
990-01,Engineering,I,NULL,NULL,Y,89,89,89,2009-05-26 07:00:00.000,2026-05-29 00:00:00.000
990-GRP,Engineering Group,G,NULL,NULL,Y,9456,7623,7624,2007-10-24 00:00:00.000,2027-02-18 09:50:00.000
EMP1,TEAM MEMBER 1,I,NULL,NULL,Y,0,0,1,NULL,NULL
EMP10,TEAM MEMBER 10,I,NULL,NULL,Y,0,0,1,NULL,NULL
EMP11,TEAM MEMBER 11,I,NULL,NULL,Y,0,0,1,NULL,NULL
EMP12,TEAM MEMBER 12,I,NULL,NULL,Y,0,0,1,NULL,NULL
EMP13,TEAM MEMBER 13,I,NULL,NULL,Y,0,0,1,NULL,NULL
EMP14,TEAM MEMBER 14,I,NULL,NULL,Y,0,0,1,NULL,NULL
EMP15,TEAM MEMBER 15,I,NULL,NULL,Y,0,0,1,NULL,NULL
EMP16,TEAM MEMBER 16,I,NULL,NULL,Y,0,0,1,NULL,NULL
EMP17,TEAM MEMBER 17,I,NULL,NULL,Y,0,0,1,NULL,NULL
EMP18,TEAM MEMBER 18,I,NULL,NULL,Y,0,0,1,NULL,NULL
EMP19,TEAM MEMBER 19,I,NULL,NULL,Y,0,0,1,NULL,NULL
EMP2,TEAM MEMBER 2,I,NULL,NULL,Y,0,0,1,NULL,NULL
EMP20,TEAM MEMBER 20,I,NULL,NULL,Y,0,0,1,NULL,NULL
EMP21,TEAM MEMBER 21,I,NULL,NULL,Y,0,0,1,NULL,NULL
EMP22,TEAM MEMBER 22,I,NULL,NULL,Y,0,0,1,NULL,NULL
EMP23,TEAM MEMBER 23,I,NULL,NULL,Y,0,0,1,NULL,NULL
EMP24,TEAM MEMBER 24,I,NULL,NULL,Y,0,0,1,NULL,NULL
EMP25,TEAM MEMBER 25,I,NULL,NULL,Y,0,0,1,NULL,NULL
EMP26,TEAM MEMBER 26,I,NULL,NULL,Y,0,0,1,NULL,NULL
EMP3,TEAM MEMBER 3,I,NULL,NULL,Y,0,0,1,NULL,NULL
EMP4,TEAM MEMBER 4,I,NULL,NULL,Y,0,0,1,NULL,NULL
EMP5,TEAM MEMBER 5,I,NULL,NULL,Y,0,0,1,NULL,NULL
EMP6,TEAM MEMBER 6,I,NULL,NULL,Y,0,0,1,NULL,NULL
EMP7,TEAM MEMBER 7,I,NULL,NULL,Y,0,0,1,NULL,NULL
EMP8,TEAM MEMBER 8,I,NULL,NULL,Y,0,0,1,NULL,NULL
EMP9,TEAM MEMBER 9,I,NULL,NULL,Y,0,0,1,NULL,NULL
EXTRA-OPERATOR,EXTRA OPERATOR,G,NULL,NULL,Y,0,0,1,NULL,NULL
Materials,Materials,W,NULL,NULL,Y,8308,6594,6597,2009-04-16 10:50:00.000,2027-06-15 06:30:00.000
OUTSIDE_SERVICE,Outside Service,C,NULL,NULL,N,24681,21283,22766,2007-10-24 00:00:00.000,2036-10-02 16:10:00.000
SR-01,Special Request Notes,W,NULL,NULL,Y,0,0,1,NULL,NULL
V096-04,Lincoln Robotic Welder XHS-CM,W,NULL,NULL,Y,77,77,77,2026-01-29 00:00:00.000,2026-06-29 23:40:00.000
V100-26,Press Room 176 Ton Seyi,W,NULL,NULL,Y,18,18,18,2026-02-12 18:00:00.000,2026-06-05 16:00:00.000
V100-32,Press Room 660 Ton Seyi,W,NULL,NULL,Y,791,791,791,2025-01-30 00:00:00.000,2026-06-01 22:20:00.000
V100-33,Press Room 440 Ton Seyi,W,NULL,NULL,Y,749,749,749,2025-01-30 10:00:00.000,2026-06-09 23:50:00.000
V100-34,Press Room 660 Ton Seyi,W,NULL,NULL,Y,4,4,4,2026-03-27 00:00:00.000,2026-06-02 03:20:00.000
V120-05,Auto Rivet Machine,W,NULL,NULL,N,244,244,244,2025-05-01 00:00:00.000,2026-06-19 22:50:00.000
V120-06,Auto Rivet Machine,W,NULL,NULL,N,0,0,1,NULL,NULL
V140-01,Assembly,W,NULL,NULL,N,3,3,3,2026-05-29 07:00:00.000,2026-05-29 07:10:00.000
V140-03,Assembly (Rafael),W,NULL,NULL,N,0,0,1,NULL,NULL
V140-GRP,Assembly Group,G,NULL,NULL,Y,35,35,35,2026-02-27 21:50:00.000,2026-06-08 22:50:00.000
V880-01,Manual Finish ,W,NULL,NULL,Y,5,5,5,2026-04-29 00:10:00.000,2026-06-17 09:10:00.000
V880-GRP,Manual Finish Group,W,NULL,NULL,Y,144,144,144,2026-01-15 19:50:00.000,2026-06-22 07:00:00.000
V880-PAK,Manual Finish Packaging,W,NULL,NULL,Y,1647,1647,1647,2025-05-07 23:40:00.000,2026-06-29 23:50:00.000
v-890-01,Assembly Group,G,NULL,NULL,Y,0,0,1,NULL,NULL
V890-01,Stoelting Parts Washer,W,NULL,NULL,Y,16,16,16,2025-12-16 21:30:00.000,2026-06-16 22:50:00.000
VSR-01,Special Request Notes,W,NULL,NULL,Y,1,1,1,2026-05-29 00:00:00.000,2026-05-29 00:00:00.000
ZWIP,NULL,W,NULL,NULL,Y,55,51,51,2007-10-24 00:00:00.000,2008-09-16 00:00:00.000