TABLE_SCHEMA,TABLE_NAME,COLUMN_NAME,DATA_TYPE,CHARACTER_MAXIMUM_LENGTH,NUMERIC_PRECISION,NUMERIC_SCALE,IS_NULLABLE
dbo,CO_PRODUCT,ALLOCATED_QTY,decimal,NULL,20,8,NO
dbo,CUST_BOOK_DEL,ALLOCATED_QTY,decimal,NULL,20,8,NO
dbo,CUST_LINE_DEL,ALLOCATED_QTY,decimal,NULL,20,8,NO
dbo,CUST_ORDER_ALLOC,ALLOCATED_QTY,decimal,NULL,20,8,NO
dbo,CUST_ORDER_LINE,ALLOCATED_QTY,decimal,NULL,20,8,NO
dbo,DEMAND_SUPPLY_LINK,ALLOCATED_QTY,decimal,NULL,20,8,NO
dbo,OPERATION,ALLOCATED_QTY,decimal,NULL,20,8,NO
dbo,PURC_LINE_DEL,ALLOCATED_QTY,decimal,NULL,20,8,YES
dbo,PURC_ORDER_LINE,ALLOCATED_QTY,decimal,NULL,20,8,NO
dbo,PURC_REQ_LINE,ALLOCATED_QTY,decimal,NULL,20,8,NO
dbo,REQUIREMENT,ALLOCATED_QTY,decimal,NULL,20,8,NO
dbo,WORK_ORDER,ALLOCATED_QTY,decimal,NULL,20,8,NO
dbo,CUST_ORDER_ALLOC,BASE_ID,nvarchar,30,NULL,NULL,NO
dbo,E_FACTLOAD_DET,BASE_ID,nvarchar,30,NULL,NULL,YES
dbo,E_JOBCOMP_DET,BASE_ID,nvarchar,30,NULL,NULL,YES
dbo,E_JOBSTARTS_DET,BASE_ID,nvarchar,30,NULL,NULL,YES
dbo,E_LATEJOB_DET,BASE_ID,nvarchar,30,NULL,NULL,YES
dbo,E_OPENJOB_DET,BASE_ID,nvarchar,30,NULL,NULL,YES
dbo,E_OPENOPS_DET,BASE_ID,nvarchar,30,NULL,NULL,YES
dbo,E_OPSCOMPL_DET,BASE_ID,nvarchar,30,NULL,NULL,YES
dbo,E_OPSSTARTS_DET,BASE_ID,nvarchar,30,NULL,NULL,YES
dbo,E_OPSSVLV_DET,BASE_ID,nvarchar,30,NULL,NULL,YES
dbo,E_SCHEDSVLV_DET,BASE_ID,nvarchar,30,NULL,NULL,YES
dbo,E_WANTSVLV_DET,BASE_ID,nvarchar,30,NULL,NULL,YES
dbo,EVENT_TRIGGER,BASE_ID,nvarchar,30,NULL,NULL,YES
dbo,TEST_RESULT,BASE_ID,nvarchar,30,NULL,NULL,YES
dbo,WORK_ORDER,BASE_ID,nvarchar,30,NULL,NULL,NO
dbo,ACCOUNT_CHG_LOG,CREATE_DATE,datetime,NULL,NULL,NULL,NO
dbo,ACCT_BAL_DIM_BATCH,CREATE_DATE,datetime,NULL,NULL,NULL,NO
dbo,ADJ_REASON_SYNC,CREATE_DATE,datetime,NULL,NULL,NULL,NO
dbo,ADJUSTMENT_DIST,CREATE_DATE,datetime,NULL,NULL,NULL,NO
dbo,AIC_SYNC,CREATE_DATE,datetime,NULL,NULL,NULL,NO
dbo,ALLOCATION,CREATE_DATE,datetime,NULL,NULL,NULL,YES
dbo,AMTS_PENDING_TRANS,CREATE_DATE,datetime,NULL,NULL,NULL,NO
dbo,APS_LAYOUT,CREATE_DATE,datetime,NULL,NULL,NULL,NO
dbo,BANK_ADJ_DIST,CREATE_DATE,datetime,NULL,NULL,NULL,NO
dbo,BANK_ADJUSTMENT,CREATE_DATE,datetime,NULL,NULL,NULL,NO
dbo,BOL,CREATE_DATE,datetime,NULL,NULL,NULL,NO
dbo,BUFFER,CREATE_DATE,datetime,NULL,NULL,NULL,NO
dbo,BURDEN_DIST,CREATE_DATE,datetime,NULL,NULL,NULL,NO
dbo,CARRIER_SYNC,CREATE_DATE,datetime,NULL,NULL,NULL,NO
dbo,CARTON,CREATE_DATE,datetime,NULL,NULL,NULL,NO
dbo,CASH_DISBURSE_DIST,CREATE_DATE,datetime,NULL,NULL,NULL,NO
dbo,CASH_DISBURSEMENT,CREATE_DATE,datetime,NULL,NULL,NULL,NO
dbo,CASH_PLAN,CREATE_DATE,datetime,NULL,NULL,NULL,NO
dbo,CASH_RECEIPT,CREATE_DATE,datetime,NULL,NULL,NULL,NO
dbo,CASH_RECEIPT_DIST,CREATE_DATE,datetime,NULL,NULL,NULL,NO
dbo,COMMODITY_SYNC,CREATE_DATE,datetime,NULL,NULL,NULL,NO
dbo,CONSIGN_RECEIVER,CREATE_DATE,datetime,NULL,NULL,NULL,NO
dbo,CONSOLIDATION,CREATE_DATE,datetime,NULL,NULL,NULL,NO
dbo,CONSOLIDATION_LOG,CREATE_DATE,datetime,NULL,NULL,NULL,NO
dbo,CONTROL_LIMITS,CREATE_DATE,datetime,NULL,NULL,NULL,NO
dbo,CUST_BOOK_LINE,CREATE_DATE,datetime,NULL,NULL,NULL,NO
dbo,CUST_LINE_BILLING,CREATE_DATE,datetime,NULL,NULL,NULL,NO
dbo,CUST_ORD_TYPE_SYNC,CREATE_DATE,datetime,NULL,NULL,NULL,NO
dbo,CUST_ORDER_SYNC,CREATE_DATE,datetime,NULL,NULL,NULL,NO
dbo,CUST_PRICE_EFFECT,CREATE_DATE,datetime,NULL,NULL,NULL,NO
dbo,CUSTOMER_BOOKINGS,CREATE_DATE,datetime,NULL,NULL,NULL,NO
dbo,CUSTOMER_ORDER,CREATE_DATE,datetime,NULL,NULL,NULL,NO
dbo,CUSTOMER_SYNC,CREATE_DATE,datetime,NULL,NULL,NULL,NO
dbo,DBR_EVENT_DETECT,CREATE_DATE,datetime,NULL,NULL,NULL,NO
dbo,DBR_EVENT_TRIGGER,CREATE_DATE,datetime,NULL,NULL,NULL,NO
dbo,DEMAND_SUPPLY_LINK,CREATE_DATE,datetime,NULL,NULL,NULL,NO
dbo,DOCUMENT_REF_EAC,CREATE_DATE,datetime,NULL,NULL,NULL,YES
dbo,DOCUMENT_REF_PATH,CREATE_DATE,datetime,NULL,NULL,NULL,NO
dbo,DOCUMENT_REF_WF,CREATE_DATE,datetime,NULL,NULL,NULL,NO
dbo,DOCUMENT_REF_WO,CREATE_DATE,datetime,NULL,NULL,NULL,YES
dbo,DOCUMENT_REFERENCE,CREATE_DATE,datetime,NULL,NULL,NULL,YES
dbo,E_JOBCOMP_DET,CREATE_DATE,datetime,NULL,NULL,NULL,YES
dbo,E_JOBSTARTS_DET,CREATE_DATE,datetime,NULL,NULL,NULL,YES
dbo,E_LATEJOB_DET,CREATE_DATE,datetime,NULL,NULL,NULL,YES
dbo,E_OPENJOB_DET,CREATE_DATE,datetime,NULL,NULL,NULL,YES
dbo,E_SCHEDSVLV_DET,CREATE_DATE,datetime,NULL,NULL,NULL,YES
dbo,E_WANTSVLV_DET,CREATE_DATE,datetime,NULL,NULL,NULL,YES
dbo,EC,CREATE_DATE,datetime,NULL,NULL,NULL,NO
dbo,EC_GROUP_USER,CREATE_DATE,datetime,NULL,NULL,NULL,NO
dbo,EC_LINE,CREATE_DATE,datetime,NULL,NULL,NULL,NO
dbo,EC_REASONS,CREATE_DATE,datetime,NULL,NULL,NULL,NO
dbo,EC_TYPES,CREATE_DATE,datetime,NULL,NULL,NULL,NO
dbo,ECN,CREATE_DATE,datetime,NULL,NULL,NULL,NO
dbo,ECN_DETAIL,CREATE_DATE,datetime,NULL,NULL,NULL,NO
dbo,EMPLOYEE_SYNC,CREATE_DATE,datetime,NULL,NULL,NULL,NO
dbo,EVENT_DETECT,CREATE_DATE,datetime,NULL,NULL,NULL,NO
dbo,EVENT_LOG,CREATE_DATE,datetime,NULL,NULL,NULL,NO
dbo,EVENT_TRIGGER,CREATE_DATE,datetime,NULL,NULL,NULL,NO
dbo,EXCEPTION,CREATE_DATE,datetime,NULL,NULL,NULL,NO
dbo,FOB_POINT_SYNC,CREATE_DATE,datetime,NULL,NULL,NULL,NO
dbo,GJ,CREATE_DATE,datetime,NULL,NULL,NULL,NO
dbo,GJ_DIST,CREATE_DATE,datetime,NULL,NULL,NULL,NO
dbo,GROUP_USER,CREATE_DATE,datetime,NULL,NULL,NULL,NO
dbo,GROUPS,CREATE_DATE,datetime,NULL,NULL,NULL,NO
dbo,HISTORY_DATA,CREATE_DATE,datetime,NULL,NULL,NULL,NO
dbo,IBT_RECEIVER,CREATE_DATE,datetime,NULL,NULL,NULL,NO
dbo,IBT_SHIPPER,CREATE_DATE,datetime,NULL,NULL,NULL,NO
dbo,IBT_SYNC,CREATE_DATE,datetime,NULL,NULL,NULL,NO
dbo,INDIRECT_DIST,CREATE_DATE,datetime,NULL,NULL,NULL,NO
dbo,INDIVIDUAL_PRV_HISTORY,CREATE_DATE,datetime,NULL,NULL,NULL,NO
dbo,INSPECTION_ORDER,CREATE_DATE,datetime,NULL,NULL,NULL,NO
dbo,INVENTORY_TRANS,CREATE_DATE,datetime,NULL,NULL,NULL,NO
dbo,JOURNAL,CREATE_DATE,datetime,NULL,NULL,NULL,NO
dbo,JOURNAL_BATCH,CREATE_DATE,datetime,NULL,NULL,NULL,NO
dbo,LABOR_TICKET,CREATE_DATE,datetime,NULL,NULL,NULL,NO
dbo,NMFC_CODE_SYNC,CREATE_DATE,datetime,NULL,NULL,NULL,NO
dbo,NOTATION,CREATE_DATE,datetime,NULL,NULL,NULL,NO
dbo,NOTIFICATION_DATA,CREATE_DATE,datetime,NULL,NULL,NULL,NO
dbo,OPER_TYPE_SYNC,CREATE_DATE,datetime,NULL,NULL,NULL,NO
dbo,PACKAGE_TYPE_SYNC,CREATE_DATE,datetime,NULL,NULL,NULL,NO
dbo,PART,CREATE_DATE,datetime,NULL,NULL,NULL,NO
dbo,PART_SITE,CREATE_DATE,datetime,NULL,NULL,NULL,NO
dbo,PART_SYNC,CREATE_DATE,datetime,NULL,NULL,NULL,NO
dbo,PAYABLE,CREATE_DATE,datetime,NULL,NULL,NULL,NO
dbo,PAYABLE_DIST,CREATE_DATE,datetime,NULL,NULL,NULL,NO
dbo,PHYS_COUNT_LOC_ADJ,CREATE_DATE,datetime,NULL,NULL,NULL,NO
dbo,PROCESS_ACTIVITY,CREATE_DATE,datetime,NULL,NULL,NULL,NO
dbo,PROCESS_TYPE,CREATE_DATE,datetime,NULL,NULL,NULL,NO
dbo,PROCESS_TYPE_LINE,CREATE_DATE,datetime,NULL,NULL,NULL,NO
dbo,PRODUCT_SYNC,CREATE_DATE,datetime,NULL,NULL,NULL,NO
dbo,PROFILES,CREATE_DATE,datetime,NULL,NULL,NULL,NO
dbo,PROJECT_DIST,CREATE_DATE,datetime,NULL,NULL,NULL,NO
dbo,PROJECT_EAC_POC,CREATE_DATE,datetime,NULL,NULL,NULL,NO
dbo,PROJECT_GL_TRANS,CREATE_DATE,datetime,NULL,NULL,NULL,NO
dbo,PROJECT_SUMMARY,CREATE_DATE,datetime,NULL,NULL,NULL,YES
dbo,PURC_GROUP_USER,CREATE_DATE,datetime,NULL,NULL,NULL,NO
dbo,PURC_ORDER_SYNC,CREATE_DATE,datetime,NULL,NULL,NULL,NO
dbo,PURCHASE_CONTRACT,CREATE_DATE,datetime,NULL,NULL,NULL,NO
dbo,PURCHASE_DIST,CREATE_DATE,datetime,NULL,NULL,NULL,NO
dbo,PURCHASE_ORDER,CREATE_DATE,datetime,NULL,NULL,NULL,NO
dbo,QUERY,CREATE_DATE,datetime,NULL,NULL,NULL,NO
dbo,QUOTE,CREATE_DATE,datetime,NULL,NULL,NULL,NO
dbo,QUOTE_LINE,CREATE_DATE,datetime,NULL,NULL,NULL,NO
dbo,QUOTE_LINE_BILLING,CREATE_DATE,datetime,NULL,NULL,NULL,NO
dbo,QUOTE_ORDER,CREATE_DATE,datetime,NULL,NULL,NULL,NO
dbo,QUOTE_ORDER_LINE,CREATE_DATE,datetime,NULL,NULL,NULL,NO
dbo,QUOTE_PRICE,CREATE_DATE,datetime,NULL,NULL,NULL,NO
dbo,RCR_GJ,CREATE_DATE,datetime,NULL,NULL,NULL,NO
dbo,RCR_PAYABLE,CREATE_DATE,datetime,NULL,NULL,NULL,NO
dbo,RCR_RECEIVABLE,CREATE_DATE,datetime,NULL,NULL,NULL,NO
dbo,RECEIVABLE,CREATE_DATE,datetime,NULL,NULL,NULL,NO
dbo,RECEIVABLE_DIST,CREATE_DATE,datetime,NULL,NULL,NULL,NO
dbo,RECEIVER,CREATE_DATE,datetime,NULL,NULL,NULL,NO
dbo,REQUEST_FOR_QUOTE,CREATE_DATE,datetime,NULL,NULL,NULL,NO
dbo,REVALUE,CREATE_DATE,datetime,NULL,NULL,NULL,NO
dbo,REVALUE_DIST,CREATE_DATE,datetime,NULL,NULL,NULL,NO
dbo,REVENUE_DIST,CREATE_DATE,datetime,NULL,NULL,NULL,NO
dbo,REVISION_HISTORY,CREATE_DATE,datetime,NULL,NULL,NULL,NO
dbo,RFQ_LINE,CREATE_DATE,datetime,NULL,NULL,NULL,NO
dbo,RMA,CREATE_DATE,datetime,NULL,NULL,NULL,NO
dbo,RMA_SYNC,CREATE_DATE,datetime,NULL,NULL,NULL,NO
dbo,SCHEDULE,CREATE_DATE,datetime,NULL,NULL,NULL,YES
dbo,SCHEDULER_RUN_LOG,CREATE_DATE,datetime,NULL,NULL,NULL,NO
dbo,SERVICE_DISPATCH,CREATE_DATE,datetime,NULL,NULL,NULL,NO
dbo,SERVICE_DISPATCHED,CREATE_DATE,datetime,NULL,NULL,NULL,NO
dbo,SERVICE_RECEIPT,CREATE_DATE,datetime,NULL,NULL,NULL,NO
dbo,SHIP_VIA_SYNC,CREATE_DATE,datetime,NULL,NULL,NULL,NO
dbo,SHIPMENT_DIST,CREATE_DATE,datetime,NULL,NULL,NULL,NO
dbo,SHIPPER,CREATE_DATE,datetime,NULL,NULL,NULL,NO
dbo,SIC_SYNC,CREATE_DATE,datetime,NULL,NULL,NULL,NO
dbo,SOA_CODE_LIST,CREATE_DATE,datetime,NULL,NULL,NULL,NO
dbo,SOA_DIMENSION,CREATE_DATE,datetime,NULL,NULL,NULL,NO
dbo,SOA_DOC_SYNC,CREATE_DATE,datetime,NULL,NULL,NULL,NO
dbo,SOA_ID_MAP,CREATE_DATE,datetime,NULL,NULL,NULL,NO
dbo,SPLIT_TRANS,CREATE_DATE,datetime,NULL,NULL,NULL,NO
dbo,SUPPLIER_PREFERENCES,CREATE_DATE,datetime,NULL,NULL,NULL,NO
dbo,TABLE_LIST,CREATE_DATE,datetime,NULL,NULL,NULL,NO
dbo,TASK,CREATE_DATE,datetime,NULL,NULL,NULL,NO
dbo,TASK_REJ_CODES,CREATE_DATE,datetime,NULL,NULL,NULL,NO
dbo,TERRITORY_SYNC,CREATE_DATE,datetime,NULL,NULL,NULL,NO
dbo,TEST,CREATE_DATE,datetime,NULL,NULL,NULL,NO
dbo,TEST_STEP,CREATE_DATE,datetime,NULL,NULL,NULL,NO
dbo,TRACE,CREATE_DATE,datetime,NULL,NULL,NULL,NO
dbo,TRACE_HISTORY,CREATE_DATE,datetime,NULL,NULL,NULL,NO
dbo,TRACE_INV_TRANS,CREATE_DATE,datetime,NULL,NULL,NULL,NO
dbo,TRACE_LABOR_TRANS,CREATE_DATE,datetime,NULL,NULL,NULL,NO
dbo,TRACE_SERV_DISP,CREATE_DATE,datetime,NULL,NULL,NULL,NO
dbo,TRACE_SERV_TRANS,CREATE_DATE,datetime,NULL,NULL,NULL,NO
dbo,V_ACCOUNT,CREATE_DATE,datetime,NULL,NULL,NULL,YES
dbo,V_ACCT_BINARY,CREATE_DATE,datetime,NULL,NULL,NULL,YES
dbo,V_ACCT_CONTACT,CREATE_DATE,datetime,NULL,NULL,NULL,YES
dbo,V_ACCT_ENTITY,CREATE_DATE,datetime,NULL,NULL,NULL,YES
dbo,V_ACCT_SALESREP,CREATE_DATE,datetime,NULL,NULL,NULL,YES
dbo,V_ACCT_SITE,CREATE_DATE,datetime,NULL,NULL,NULL,YES
dbo,V_ACCT_TYPE,CREATE_DATE,datetime,NULL,NULL,NULL,YES
dbo,V_ADDRESS,CREATE_DATE,datetime,NULL,NULL,NULL,YES
dbo,V_ADMIN,CREATE_DATE,datetime,NULL,NULL,NULL,YES
dbo,V_AREA,CREATE_DATE,datetime,NULL,NULL,NULL,YES
dbo,V_BRANCH,CREATE_DATE,datetime,NULL,NULL,NULL,YES
dbo,V_BUSINESS_UNIT,CREATE_DATE,datetime,NULL,NULL,NULL,YES
dbo,V_CAL_BINARY,CREATE_DATE,datetime,NULL,NULL,NULL,YES
dbo,V_CAL_CONTACT,CREATE_DATE,datetime,NULL,NULL,NULL,YES
dbo,V_CALENDAR,CREATE_DATE,datetime,NULL,NULL,NULL,NO
dbo,V_CALL,CREATE_DATE,datetime,NULL,NULL,NULL,YES
dbo,V_CALL_BINARY,CREATE_DATE,datetime,NULL,NULL,NULL,YES
dbo,V_CALL_ISS_BINARY,CREATE_DATE,datetime,NULL,NULL,NULL,YES
dbo,V_CALL_ISS_KEY,CREATE_DATE,datetime,NULL,NULL,NULL,YES
dbo,V_CALL_ISSUE,CREATE_DATE,datetime,NULL,NULL,NULL,YES
dbo,V_CALL_RES_BINARY,CREATE_DATE,datetime,NULL,NULL,NULL,YES
dbo,V_CALL_RES_KEYS,CREATE_DATE,datetime,NULL,NULL,NULL,YES
dbo,V_CALL_RESOLUTION,CREATE_DATE,datetime,NULL,NULL,NULL,YES
dbo,V_CATEGORY,CREATE_DATE,datetime,NULL,NULL,NULL,YES
dbo,V_COMMIS_SHARE,CREATE_DATE,datetime,NULL,NULL,NULL,YES
dbo,V_CONTACT,CREATE_DATE,datetime,NULL,NULL,NULL,NO
dbo,V_CONTACT_BINARY,CREATE_DATE,datetime,NULL,NULL,NULL,YES
dbo,V_CONTACT_PREF,CREATE_DATE,datetime,NULL,NULL,NULL,YES
dbo,V_CONTR_ADDR,CREATE_DATE,datetime,NULL,NULL,NULL,YES
dbo,V_CONTR_BILLING,CREATE_DATE,datetime,NULL,NULL,NULL,YES
dbo,V_CONTR_BINARY,CREATE_DATE,datetime,NULL,NULL,NULL,YES
dbo,V_CONTR_CHARGE,CREATE_DATE,datetime,NULL,NULL,NULL,YES
dbo,V_CONTR_CONT,CREATE_DATE,datetime,NULL,NULL,NULL,YES
dbo,V_CONTR_ITEM,CREATE_DATE,datetime,NULL,NULL,NULL,YES
dbo,V_CONTR_ITEM_BIN,CREATE_DATE,datetime,NULL,NULL,NULL,YES
dbo,V_CONTR_PMT,CREATE_DATE,datetime,NULL,NULL,NULL,YES
dbo,V_CONTR_TYPE,CREATE_DATE,datetime,NULL,NULL,NULL,YES
dbo,V_CONTRACT,CREATE_DATE,datetime,NULL,NULL,NULL,YES
dbo,V_COUNTY_CODE,CREATE_DATE,datetime,NULL,NULL,NULL,YES
dbo,V_CUSTOM,CREATE_DATE,datetime,NULL,NULL,NULL,YES
dbo,V_CUSTOM_BINARY,CREATE_DATE,datetime,NULL,NULL,NULL,YES
dbo,V_CUSTOM_DEF,CREATE_DATE,datetime,NULL,NULL,NULL,YES
dbo,V_CUSTOM_JUNC,CREATE_DATE,datetime,NULL,NULL,NULL,YES
dbo,V_CUSTOM_REL,CREATE_DATE,datetime,NULL,NULL,NULL,YES
dbo,V_DIVISION,CREATE_DATE,datetime,NULL,NULL,NULL,YES
dbo,V_DOC_CATALOG,CREATE_DATE,datetime,NULL,NULL,NULL,YES
dbo,V_DOC_CATEGORY,CREATE_DATE,datetime,NULL,NULL,NULL,YES
dbo,V_DOC_SENT,CREATE_DATE,datetime,NULL,NULL,NULL,YES
dbo,V_DOC_TYPE,CREATE_DATE,datetime,NULL,NULL,NULL,YES
dbo,V_EMP_MATRIX,CREATE_DATE,datetime,NULL,NULL,NULL,YES
dbo,V_EMPLOYEE,CREATE_DATE,datetime,NULL,NULL,NULL,YES
dbo,V_EVENT,CREATE_DATE,datetime,NULL,NULL,NULL,YES
dbo,V_EVENT_ATTENDEE,CREATE_DATE,datetime,NULL,NULL,NULL,YES
dbo,V_EVENT_STAGE,CREATE_DATE,datetime,NULL,NULL,NULL,YES
dbo,V_EXP_CODE,CREATE_DATE,datetime,NULL,NULL,NULL,YES
dbo,V_FILTER,CREATE_DATE,datetime,NULL,NULL,NULL,YES
dbo,V_GRID_LAYOUT,CREATE_DATE,datetime,NULL,NULL,NULL,YES
dbo,V_HIST_DATA,CREATE_DATE,datetime,NULL,NULL,NULL,NO
dbo,V_HISTORY,CREATE_DATE,datetime,NULL,NULL,NULL,YES
dbo,V_HISTORY_TYPE,CREATE_DATE,datetime,NULL,NULL,NULL,NO
dbo,V_INV_BINARY,CREATE_DATE,datetime,NULL,NULL,NULL,YES
dbo,V_INV_LN_BINARY,CREATE_DATE,datetime,NULL,NULL,NULL,YES
dbo,V_INVOICE,CREATE_DATE,datetime,NULL,NULL,NULL,YES
dbo,V_INVOICE_LINE,CREATE_DATE,datetime,NULL,NULL,NULL,YES
dbo,V_KEYWORD,CREATE_DATE,datetime,NULL,NULL,NULL,YES
dbo,V_LBR_GROUP,CREATE_DATE,datetime,NULL,NULL,NULL,YES
dbo,V_LBR_GRP_RATE,CREATE_DATE,datetime,NULL,NULL,NULL,YES
dbo,V_LEAD_SOURCE,CREATE_DATE,datetime,NULL,NULL,NULL,YES
dbo,V_LEASE_TYPE,CREATE_DATE,datetime,NULL,NULL,NULL,YES
dbo,V_MAIL_NAVBAR,CREATE_DATE,datetime,NULL,NULL,NULL,YES
dbo,V_MISC_FIELDS,CREATE_DATE,datetime,NULL,NULL,NULL,YES
dbo,V_NAVBAR,CREATE_DATE,datetime,NULL,NULL,NULL,YES
dbo,V_OPPORTUNITY,CREATE_DATE,datetime,NULL,NULL,NULL,YES
dbo,V_OPTY_BINARY,CREATE_DATE,datetime,NULL,NULL,NULL,YES
dbo,V_OPTY_COMPET,CREATE_DATE,datetime,NULL,NULL,NULL,YES
dbo,V_OPTY_CONTACT,CREATE_DATE,datetime,NULL,NULL,NULL,YES
dbo,V_OPTY_CURR,CREATE_DATE,datetime,NULL,NULL,NULL,NO
dbo,V_OPTY_ESTIMATE,CREATE_DATE,datetime,NULL,NULL,NULL,YES
dbo,V_OPTY_ORDER,CREATE_DATE,datetime,NULL,NULL,NULL,YES
dbo,V_OPTY_PLAN,CREATE_DATE,datetime,NULL,NULL,NULL,YES
dbo,V_OPTY_TYPE,CREATE_DATE,datetime,NULL,NULL,NULL,YES
dbo,V_PAYABLE_DIST,CREATE_DATE,datetime,NULL,NULL,NULL,NO
dbo,V_PRIORITY,CREATE_DATE,datetime,NULL,NULL,NULL,YES
dbo,V_QTE_LINE_BINARY,CREATE_DATE,datetime,NULL,NULL,NULL,YES
dbo,V_QUOTA,CREATE_DATE,datetime,NULL,NULL,NULL,YES
dbo,V_QUOTE,CREATE_DATE,datetime,NULL,NULL,NULL,YES
dbo,V_QUOTE_ATTRIB,CREATE_DATE,datetime,NULL,NULL,NULL,YES
dbo,V_QUOTE_BINARY,CREATE_DATE,datetime,NULL,NULL,NULL,YES
dbo,V_QUOTE_CONTACT,CREATE_DATE,datetime,NULL,NULL,NULL,YES
dbo,V_QUOTE_CURR,CREATE_DATE,datetime,NULL,NULL,NULL,NO
dbo,V_QUOTE_ESTIMATE,CREATE_DATE,datetime,NULL,NULL,NULL,YES
dbo,V_QUOTE_LINE,CREATE_DATE,datetime,NULL,NULL,NULL,YES
dbo,V_QUOTE_ORDER,CREATE_DATE,datetime,NULL,NULL,NULL,YES
dbo,V_QUOTE_PART,CREATE_DATE,datetime,NULL,NULL,NULL,YES
dbo,V_QUOTE_PRINT,CREATE_DATE,datetime,NULL,NULL,NULL,YES
dbo,V_QUOTE_TYPE,CREATE_DATE,datetime,NULL,NULL,NULL,YES
dbo,V_RECV_DIST,CREATE_DATE,datetime,NULL,NULL,NULL,NO
dbo,V_RECV_DIST_LINE,CREATE_DATE,datetime,NULL,NULL,NULL,NO
dbo,V_RIGHTS,CREATE_DATE,datetime,NULL,NULL,NULL,YES
dbo,V_RPT,CREATE_DATE,datetime,NULL,NULL,NULL,YES
dbo,V_RPT_OPT,CREATE_DATE,datetime,NULL,NULL,NULL,YES
dbo,V_RPT_USER_OPT,CREATE_DATE,datetime,NULL,NULL,NULL,YES
dbo,V_SALES_ACTIVITY,CREATE_DATE,datetime,NULL,NULL,NULL,YES
dbo,V_SALES_PLAN,CREATE_DATE,datetime,NULL,NULL,NULL,YES
dbo,V_SALES_STAGE,CREATE_DATE,datetime,NULL,NULL,NULL,YES
dbo,V_SHOP_RESOURCE,CREATE_DATE,datetime,NULL,NULL,NULL,YES
dbo,V_SO_EXP_BINARY,CREATE_DATE,datetime,NULL,NULL,NULL,YES
dbo,V_SO_LBR_BINARY,CREATE_DATE,datetime,NULL,NULL,NULL,YES
dbo,V_SO_MTL_BINARY,CREATE_DATE,datetime,NULL,NULL,NULL,YES
dbo,V_SO_OPR_BINARY,CREATE_DATE,datetime,NULL,NULL,NULL,YES
dbo,V_SO_VND_BINARY,CREATE_DATE,datetime,NULL,NULL,NULL,YES
dbo,V_SRVC_CALL,CREATE_DATE,datetime,NULL,NULL,NULL,NO
dbo,V_SRVC_CODE,CREATE_DATE,datetime,NULL,NULL,NULL,YES
dbo,V_SRVC_ORDER,CREATE_DATE,datetime,NULL,NULL,NULL,YES
dbo,V_SRVC_TYPE,CREATE_DATE,datetime,NULL,NULL,NULL,YES
dbo,V_SRVCORD_BINARY,CREATE_DATE,datetime,NULL,NULL,NULL,YES
dbo,V_SRVCORD_EXP,CREATE_DATE,datetime,NULL,NULL,NULL,YES
dbo,V_SRVCORD_LBR,CREATE_DATE,datetime,NULL,NULL,NULL,YES
dbo,V_SRVCORD_MTL,CREATE_DATE,datetime,NULL,NULL,NULL,YES
dbo,V_SRVCORD_OPER,CREATE_DATE,datetime,NULL,NULL,NULL,YES
dbo,V_SRVCORD_VNDR,CREATE_DATE,datetime,NULL,NULL,NULL,YES
dbo,V_SUB_AREA,CREATE_DATE,datetime,NULL,NULL,NULL,YES
dbo,V_SYNC_USER,CREATE_DATE,datetime,NULL,NULL,NULL,YES
dbo,V_TASK,CREATE_DATE,datetime,NULL,NULL,NULL,YES
dbo,V_TASK_ACTIVITY_TYPE,CREATE_DATE,datetime,NULL,NULL,NULL,YES
dbo,V_TASK_BINARY,CREATE_DATE,datetime,NULL,NULL,NULL,YES
dbo,V_TASK_CATEGORY,CREATE_DATE,datetime,NULL,NULL,NULL,YES
dbo,V_TASK_CONTACT,CREATE_DATE,datetime,NULL,NULL,NULL,YES
dbo,V_USER,CREATE_DATE,datetime,NULL,NULL,NULL,YES
dbo,V_USER_AUTH,CREATE_DATE,datetime,NULL,NULL,NULL,YES
dbo,V_USER_DEF_LIST,CREATE_DATE,datetime,NULL,NULL,NULL,YES
dbo,V_USER_DEFINED,CREATE_DATE,datetime,NULL,NULL,NULL,YES
dbo,V_USER_TYPE,CREATE_DATE,datetime,NULL,NULL,NULL,YES
dbo,VENDOR_SYNC,CREATE_DATE,datetime,NULL,NULL,NULL,NO
dbo,VMDI_LAYOUT,CREATE_DATE,datetime,NULL,NULL,NULL,NO
dbo,VR_ANALYTIC_CONFIG,CREATE_DATE,datetime,NULL,NULL,NULL,NO
dbo,VR_DATA_SOURCE,CREATE_DATE,datetime,NULL,NULL,NULL,NO
dbo,VR_GRID_CONFIG,CREATE_DATE,datetime,NULL,NULL,NULL,NO
dbo,WEB_SESSION,CREATE_DATE,datetime,NULL,NULL,NULL,NO
dbo,WIP_ISSUE_DIST,CREATE_DATE,datetime,NULL,NULL,NULL,NO
dbo,WIP_RECEIPT_DIST,CREATE_DATE,datetime,NULL,NULL,NULL,NO
dbo,WIP_VAS_SYNC,CREATE_DATE,datetime,NULL,NULL,NULL,NO
dbo,WORK_ORDER,CREATE_DATE,datetime,NULL,NULL,NULL,NO
dbo,WORK_ORDER_SYNC,CREATE_DATE,datetime,NULL,NULL,NULL,NO
dbo,WORKFLOW_EVENT,CREATE_DATE,datetime,NULL,NULL,NULL,NO
dbo,ACCOUNT_BAL_DIM,CUST_ORDER_ID,nvarchar,15,NULL,NULL,NO
dbo,AMTS_PENDING_TRANS,CUST_ORDER_ID,nvarchar,15,NULL,NULL,YES
dbo,BANK_ADJ_LINE,CUST_ORDER_ID,nvarchar,15,NULL,NULL,YES
dbo,CUST_BOOK_DEL,CUST_ORDER_ID,nvarchar,15,NULL,NULL,NO
dbo,CUST_BOOK_LINE,CUST_ORDER_ID,nvarchar,15,NULL,NULL,NO
dbo,CUST_LINE_BILLING,CUST_ORDER_ID,nvarchar,15,NULL,NULL,NO
dbo,CUST_LINE_BINARY,CUST_ORDER_ID,nvarchar,15,NULL,NULL,NO
dbo,CUST_LINE_DEL,CUST_ORDER_ID,nvarchar,15,NULL,NULL,NO
dbo,CUST_LINE_TRC_CTL,CUST_ORDER_ID,nvarchar,15,NULL,NULL,NO
dbo,CUST_ORD_PRICING_BIN,CUST_ORDER_ID,nvarchar,15,NULL,NULL,NO
dbo,CUST_ORDER_BINARY,CUST_ORDER_ID,nvarchar,15,NULL,NULL,NO
dbo,CUST_ORDER_CURR,CUST_ORDER_ID,nvarchar,15,NULL,NULL,NO
dbo,CUST_ORDER_LINE,CUST_ORDER_ID,nvarchar,15,NULL,NULL,NO
dbo,CUST_ORDER_SHARE,CUST_ORDER_ID,nvarchar,15,NULL,NULL,NO
dbo,CUST_ORDER_SYNC,CUST_ORDER_ID,nvarchar,15,NULL,NULL,NO
dbo,CUST_ORDL_WIP_VAS,CUST_ORDER_ID,nvarchar,15,NULL,NULL,NO
dbo,CUSTOMER_BOOKINGS,CUST_ORDER_ID,nvarchar,15,NULL,NULL,NO
dbo,EQUIP_BILL_OPTIONS,CUST_ORDER_ID,nvarchar,15,NULL,NULL,NO
dbo,EQUIP_PM_SCHEDULE,CUST_ORDER_ID,nvarchar,15,NULL,NULL,YES
dbo,GJ_LINE,CUST_ORDER_ID,nvarchar,15,NULL,NULL,YES
dbo,INVENTORY_TRANS,CUST_ORDER_ID,nvarchar,15,NULL,NULL,YES
dbo,JOURNAL_DIM,CUST_ORDER_ID,nvarchar,15,NULL,NULL,YES
dbo,PAYABLE,CUST_ORDER_ID,nvarchar,15,NULL,NULL,YES
dbo,PAYABLE_LINE,CUST_ORDER_ID,nvarchar,15,NULL,NULL,YES
dbo,PHYS_COUNT_TAG,CUST_ORDER_ID,nvarchar,15,NULL,NULL,YES
dbo,QUOTE_ORDER,CUST_ORDER_ID,nvarchar,15,NULL,NULL,NO
dbo,QUOTE_ORDER_LINE,CUST_ORDER_ID,nvarchar,15,NULL,NULL,NO
dbo,RCR_GJ_LINE,CUST_ORDER_ID,nvarchar,15,NULL,NULL,YES
dbo,RCR_PAYABLE_LINE,CUST_ORDER_ID,nvarchar,15,NULL,NULL,YES
dbo,RECEIVABLE_LINE,CUST_ORDER_ID,nvarchar,15,NULL,NULL,YES
dbo,REVENUE_DETAIL,CUST_ORDER_ID,nvarchar,15,NULL,NULL,YES
dbo,SELECT_OPT_BINARY,CUST_ORDER_ID,nvarchar,15,NULL,NULL,NO
dbo,SELECTED_OPTIONS,CUST_ORDER_ID,nvarchar,15,NULL,NULL,NO
dbo,SHIPMENT_DETAIL,CUST_ORDER_ID,nvarchar,15,NULL,NULL,NO
dbo,SHIPMENT_DIST,CUST_ORDER_ID,nvarchar,15,NULL,NULL,NO
dbo,SHIPPER,CUST_ORDER_ID,nvarchar,15,NULL,NULL,NO
dbo,SHIPPER_LINE,CUST_ORDER_ID,nvarchar,15,NULL,NULL,NO
dbo,SHIPPER_LINE_DEL,CUST_ORDER_ID,nvarchar,15,NULL,NULL,YES
dbo,SHIPPER_LINK,CUST_ORDER_ID,nvarchar,15,NULL,NULL,YES
dbo,UNP_MNT_CALLS,CUST_ORDER_ID,nvarchar,15,NULL,NULL,YES
dbo,V_CUSTOM,CUST_ORDER_ID,nvarchar,15,NULL,NULL,YES
dbo,V_OPTY_ORDER,CUST_ORDER_ID,nvarchar,15,NULL,NULL,NO
dbo,V_QUOTE_ORDER,CUST_ORDER_ID,nvarchar,15,NULL,NULL,NO
dbo,VR_CUSTORD_DET,CUST_ORDER_ID,nvarchar,15,NULL,NULL,YES
dbo,VR_SHIPMENT_DET,CUST_ORDER_ID,nvarchar,15,NULL,NULL,YES
dbo,CUST_BOOK_DEL,DESIRED_SHIP_DATE,datetime,NULL,NULL,NULL,YES
dbo,CUST_BOOK_LINE,DESIRED_SHIP_DATE,datetime,NULL,NULL,NULL,YES
dbo,CUST_LINE_DEL,DESIRED_SHIP_DATE,datetime,NULL,NULL,NULL,YES
dbo,CUST_ORDER_LINE,DESIRED_SHIP_DATE,datetime,NULL,NULL,NULL,YES
dbo,CUSTOMER_BOOKINGS,DESIRED_SHIP_DATE,datetime,NULL,NULL,NULL,YES
dbo,CUSTOMER_ORDER,DESIRED_SHIP_DATE,datetime,NULL,NULL,NULL,YES
dbo,E_BACKLOG_DET,DESIRED_SHIP_DATE,datetime,NULL,NULL,NULL,YES
dbo,E_BOOK_DET,DESIRED_SHIP_DATE,datetime,NULL,NULL,NULL,YES
dbo,E_CUSTSVLV_DET,DESIRED_SHIP_DATE,datetime,NULL,NULL,NULL,YES
dbo,E_LATE_DET,DESIRED_SHIP_DATE,datetime,NULL,NULL,NULL,YES
dbo,E_SHIP_DET,DESIRED_SHIP_DATE,datetime,NULL,NULL,NULL,YES
dbo,IBT,DESIRED_SHIP_DATE,datetime,NULL,NULL,NULL,YES
dbo,V_QUOTE,DESIRED_SHIP_DATE,datetime,NULL,NULL,NULL,YES
dbo,V_QUOTE_LINE,DESIRED_SHIP_DATE,datetime,NULL,NULL,NULL,YES
dbo,VR_CUSTORD_DET,DESIRED_SHIP_DATE,datetime,NULL,NULL,NULL,YES
dbo,VR_SHIPMENT_DET,DESIRED_SHIP_DATE,datetime,NULL,NULL,NULL,YES
dbo,CUST_ORDER_ALLOC,FINISH_DATE,datetime,NULL,NULL,NULL,NO
dbo,EQUIP_PM_SCHEDULE,finish_date,datetime,NULL,NULL,NULL,YES
dbo,EQUIPMENT,finish_date,datetime,NULL,NULL,NULL,YES
dbo,OPERATION_AUDIT,FINISH_DATE,datetime,NULL,NULL,NULL,YES
dbo,OPERATION_SCHED,FINISH_DATE,datetime,NULL,NULL,NULL,YES
dbo,WORK_ORDER_SCHED,FINISH_DATE,datetime,NULL,NULL,NULL,YES
dbo,WORKORDER_AUDIT,FINISH_DATE,datetime,NULL,NULL,NULL,YES
dbo,CO_PRODUCT,FULFILLED_QTY,decimal,NULL,20,8,NO
dbo,CUST_BOOK_DEL,FULFILLED_QTY,decimal,NULL,20,8,NO
dbo,CUST_LINE_DEL,FULFILLED_QTY,decimal,NULL,20,8,NO
dbo,CUST_ORDER_LINE,FULFILLED_QTY,decimal,NULL,20,8,NO
dbo,OPERATION,FULFILLED_QTY,decimal,NULL,20,8,NO
dbo,PURC_LINE_DEL,FULFILLED_QTY,decimal,NULL,20,8,YES
dbo,PURC_ORDER_LINE,FULFILLED_QTY,decimal,NULL,20,8,NO
dbo,PURC_REQ_LINE,FULFILLED_QTY,decimal,NULL,20,8,NO
dbo,REQUIREMENT,FULFILLED_QTY,decimal,NULL,20,8,NO
dbo,WORK_ORDER,FULFILLED_QTY,decimal,NULL,20,8,NO
dbo,ADDRESS_POS_SETUP,line_no,smallint,NULL,5,0,NO
dbo,ALLOCATION_DETAIL,LINE_NO,smallint,NULL,5,0,NO
dbo,BANK_ADJ_LINE,LINE_NO,smallint,NULL,5,0,NO
dbo,CARTON_LINE,LINE_NO,smallint,NULL,5,0,NO
dbo,CASH_DISBURSE_LINE,LINE_NO,smallint,NULL,5,0,NO
dbo,CASH_PLAN_LINE,LINE_NO,smallint,NULL,5,0,NO
dbo,CASH_RECEIPT_LINE,LINE_NO,smallint,NULL,5,0,NO
dbo,CNSN_RCVR_LINE_DEL,LINE_NO,smallint,NULL,5,0,NO
dbo,CONSIGN_RCVR_LINE,LINE_NO,smallint,NULL,5,0,NO
dbo,CONSOLIDATION_MAP,LINE_NO,smallint,NULL,5,0,NO
dbo,CUST_ORDER_LINE,LINE_NO,smallint,NULL,5,0,NO
dbo,DETAIL_TABLE,LINE_NO,int,NULL,10,0,NO
dbo,DISTRIBUTION_LINE,LINE_NO,int,NULL,10,0,NO
dbo,DOCUMENT_REFERENCE,LINE_NO,smallint,NULL,5,0,NO
dbo,E_BACKLOG_DET,LINE_NO,smallint,NULL,5,0,YES
dbo,E_BOOK_DET,LINE_NO,smallint,NULL,5,0,YES
dbo,E_CUSTSVLV_DET,LINE_NO,smallint,NULL,5,0,YES
dbo,E_ESTIM_DET,LINE_NO,smallint,NULL,5,0,YES
dbo,E_LATE_DET,LINE_NO,smallint,NULL,5,0,YES
dbo,E_PROFORMA_DET,LINE_NO,smallint,NULL,5,0,YES
dbo,E_PURCBACK_DET,LINE_NO,smallint,NULL,5,0,YES
dbo,E_PURCLATE_DET,LINE_NO,smallint,NULL,5,0,YES
dbo,E_PURCOPEN_DET,LINE_NO,smallint,NULL,5,0,YES
dbo,E_PURCORD_DET,LINE_NO,smallint,NULL,5,0,YES
dbo,E_PURCRECV_DET,LINE_NO,smallint,NULL,5,0,YES
dbo,E_PURCSVLV_DET,LINE_NO,smallint,NULL,5,0,YES
dbo,E_SHIP_DET,LINE_NO,smallint,NULL,5,0,YES
dbo,EC_LINE,LINE_NO,int,NULL,10,0,NO
dbo,EC_LINE_BINARY,LINE_NO,int,NULL,10,0,NO
dbo,ECN_CO_PRODUCT,LINE_NO,int,NULL,10,0,NO
dbo,ECN_DETAIL,LINE_NO,int,NULL,10,0,NO
dbo,ECN_OPER_BINARY,LINE_NO,int,NULL,10,0,NO
dbo,ECN_OPER_RESOURCE,LINE_NO,int,NULL,10,0,NO
dbo,ECN_OPERATION,LINE_NO,int,NULL,10,0,NO
dbo,ECN_REQ_BINARY,LINE_NO,int,NULL,10,0,NO
dbo,ECN_REQ_PART_ALT,LINE_NO,int,NULL,10,0,NO
dbo,ECN_REQ_REF_DESIG,LINE_NO,int,NULL,10,0,NO
dbo,ECN_REQUIREMENT,LINE_NO,int,NULL,10,0,NO
dbo,ECN_WO_BINARY,LINE_NO,int,NULL,10,0,NO
dbo,ECN_WORKORDER,LINE_NO,int,NULL,10,0,NO
dbo,GJ_LINE,LINE_NO,smallint,NULL,5,0,NO
dbo,GJ_LINE_CURR,LINE_NO,smallint,NULL,5,0,NO
dbo,IBT_LINE,LINE_NO,smallint,NULL,5,0,NO
dbo,IBT_RECEIVER_LINE,LINE_NO,int,NULL,10,0,NO
dbo,IBT_SHIPPER_LINE,LINE_NO,int,NULL,10,0,NO
dbo,PAYABLE_LINE,LINE_NO,smallint,NULL,5,0,NO
dbo,PAYB_LINE_CURR,LINE_NO,smallint,NULL,5,0,NO
dbo,PURC_ORDER_LINE,LINE_NO,smallint,NULL,5,0,NO
dbo,PURC_REQ_LINE,LINE_NO,smallint,NULL,5,0,NO
dbo,QUOTE_LINE,LINE_NO,smallint,NULL,5,0,NO
dbo,RCR_GJ_LINE,LINE_NO,smallint,NULL,5,0,NO
dbo,RCR_PAYABLE_LINE,LINE_NO,smallint,NULL,5,0,NO
dbo,RCR_RECV_LINE,LINE_NO,smallint,NULL,5,0,NO
dbo,RECEIVABLE_LINE,LINE_NO,smallint,NULL,5,0,NO
dbo,RECEIVER_LINE,LINE_NO,smallint,NULL,5,0,NO
dbo,RECEIVER_LINE_DEL,LINE_NO,smallint,NULL,5,0,NO
dbo,REPORT_LINE,LINE_NO,smallint,NULL,5,0,NO
dbo,REVALUE_LINE,LINE_NO,int,NULL,10,0,NO
dbo,REVENUE_DIST,LINE_NO,smallint,NULL,5,0,NO
dbo,REVISION_NUMBERING,LINE_NO,smallint,NULL,5,0,NO
dbo,RFQ_LINE,LINE_NO,smallint,NULL,5,0,NO
dbo,RMA_LINE,LINE_NO,smallint,NULL,5,0,NO
dbo,SERVICE_DISP_LINE,LINE_NO,smallint,NULL,5,0,NO
dbo,SHIPPER_LINE,LINE_NO,smallint,NULL,5,0,NO
dbo,SHIPPER_LINE_DEL,LINE_NO,smallint,NULL,5,0,NO
dbo,USER_DEF_FIELDS,LINE_NO,int,NULL,10,0,YES
dbo,V_CALL_ISSUE,LINE_NO,smallint,NULL,5,0,NO
dbo,V_CALL_RESOLUTION,LINE_NO,smallint,NULL,5,0,NO
dbo,V_CONTR_ITEM_BIN,LINE_NO,smallint,NULL,5,0,NO
dbo,V_HISTORY,LINE_NO,smallint,NULL,5,0,YES
dbo,V_INV_LN_BINARY,LINE_NO,smallint,NULL,5,0,NO
dbo,V_INVOICE_LINE,LINE_NO,smallint,NULL,5,0,NO
dbo,V_OPTY_PLAN,LINE_NO,int,NULL,10,0,NO
dbo,V_QTE_LINE_BINARY,LINE_NO,smallint,NULL,5,0,NO
dbo,V_QUOTE_ATTRIB,LINE_NO,smallint,NULL,5,0,NO
dbo,V_QUOTE_LINE,LINE_NO,smallint,NULL,5,0,NO
dbo,V_QUOTE_PART,LINE_NO,smallint,NULL,5,0,NO
dbo,V_SALES_ACTIVITY,LINE_NO,smallint,NULL,5,0,NO
dbo,V_SO_EXP_BINARY,LINE_NO,smallint,NULL,5,0,NO
dbo,V_SO_LBR_BINARY,LINE_NO,smallint,NULL,5,0,NO
dbo,V_SO_MTL_BINARY,LINE_NO,smallint,NULL,5,0,NO
dbo,V_SO_OPR_BINARY,LINE_NO,smallint,NULL,5,0,NO
dbo,V_SO_VND_BINARY,LINE_NO,smallint,NULL,5,0,NO
dbo,V_SRVCORD_EXP,LINE_NO,smallint,NULL,5,0,NO
dbo,V_SRVCORD_LBR,LINE_NO,smallint,NULL,5,0,NO
dbo,V_SRVCORD_MTL,LINE_NO,smallint,NULL,5,0,NO
dbo,V_SRVCORD_OPER,LINE_NO,smallint,NULL,5,0,NO
dbo,V_SRVCORD_VNDR,LINE_NO,smallint,NULL,5,0,NO
dbo,VMDI_CSH_LINE,LINE_NO,smallint,NULL,5,0,NO
dbo,VR_CUSTORD_DET,LINE_NO,smallint,NULL,5,0,YES
dbo,VR_PAYABLE_DET,LINE_NO,smallint,NULL,5,0,YES
dbo,VR_PURCORD_DET,LINE_NO,smallint,NULL,5,0,YES
dbo,CO_PRODUCT,LINE_STATUS,nchar,1,NULL,NULL,NO
dbo,CUST_LINE_DEL,LINE_STATUS,nchar,1,NULL,NULL,NO
dbo,CUST_ORDER_LINE,LINE_STATUS,nchar,1,NULL,NULL,NO
dbo,IBT_LINE,LINE_STATUS,nchar,1,NULL,NULL,NO
dbo,PURC_ORDER_LINE,LINE_STATUS,nchar,1,NULL,NULL,NO
dbo,PURC_REQ_LINE,LINE_STATUS,nchar,1,NULL,NULL,NO
dbo,RMA_LINE,LINE_STATUS,nchar,1,NULL,NULL,NO
dbo,CUST_ORDER_ALLOC,LOT_ID,nvarchar,3,NULL,NULL,NO
dbo,E_FACTLOAD_DET,LOT_ID,nvarchar,3,NULL,NULL,YES
dbo,E_JOBCOMP_DET,LOT_ID,nvarchar,3,NULL,NULL,YES
dbo,E_JOBSTARTS_DET,LOT_ID,nvarchar,3,NULL,NULL,YES
dbo,E_LATEJOB_DET,LOT_ID,nvarchar,3,NULL,NULL,YES
dbo,E_OPENJOB_DET,LOT_ID,nvarchar,3,NULL,NULL,YES
dbo,E_OPENOPS_DET,LOT_ID,nvarchar,3,NULL,NULL,YES
dbo,E_OPSCOMPL_DET,LOT_ID,nvarchar,3,NULL,NULL,YES
dbo,E_OPSSTARTS_DET,LOT_ID,nvarchar,3,NULL,NULL,YES
dbo,E_OPSSVLV_DET,LOT_ID,nvarchar,3,NULL,NULL,YES
dbo,E_SCHEDSVLV_DET,LOT_ID,nvarchar,3,NULL,NULL,YES
dbo,E_WANTSVLV_DET,LOT_ID,nvarchar,3,NULL,NULL,YES
dbo,EVENT_TRIGGER,LOT_ID,nvarchar,5,NULL,NULL,YES
dbo,TEST_RESULT,LOT_ID,nvarchar,3,NULL,NULL,YES
dbo,TRACE,LOT_ID,nvarchar,30,NULL,NULL,YES
dbo,TRACE_HISTORY,LOT_ID,nvarchar,30,NULL,NULL,YES
dbo,WORK_ORDER,LOT_ID,nvarchar,3,NULL,NULL,NO
dbo,CUSTOMER_BOOKINGS,ORDER_DATE,datetime,NULL,NULL,NULL,YES
dbo,CUSTOMER_ORDER,ORDER_DATE,datetime,NULL,NULL,NULL,NO
dbo,E_BACKLOG_DET,ORDER_DATE,datetime,NULL,NULL,NULL,YES
dbo,E_BOOK_DET,ORDER_DATE,datetime,NULL,NULL,NULL,YES
dbo,E_CUSTSVLV_DET,ORDER_DATE,datetime,NULL,NULL,NULL,YES
dbo,E_LATE_DET,ORDER_DATE,datetime,NULL,NULL,NULL,YES
dbo,E_PURCBACK_DET,ORDER_DATE,datetime,NULL,NULL,NULL,YES
dbo,E_PURCLATE_DET,ORDER_DATE,datetime,NULL,NULL,NULL,YES
dbo,E_PURCOPEN_DET,ORDER_DATE,datetime,NULL,NULL,NULL,YES
dbo,E_PURCORD_DET,ORDER_DATE,datetime,NULL,NULL,NULL,YES
dbo,E_PURCRECV_DET,ORDER_DATE,datetime,NULL,NULL,NULL,YES
dbo,E_PURCSVLV_DET,ORDER_DATE,datetime,NULL,NULL,NULL,YES
dbo,E_SHIP_DET,ORDER_DATE,datetime,NULL,NULL,NULL,YES
dbo,IBT,ORDER_DATE,datetime,NULL,NULL,NULL,NO
dbo,PURCHASE_ORDER,ORDER_DATE,datetime,NULL,NULL,NULL,NO
dbo,VR_CUSTORD_DET,ORDER_DATE,datetime,NULL,NULL,NULL,YES
dbo,VR_PURCORD_DET,ORDER_DATE,datetime,NULL,NULL,NULL,YES
dbo,VR_RECEIVER_DET,ORDER_DATE,datetime,NULL,NULL,NULL,YES
dbo,VR_SHIPMENT_DET,ORDER_DATE,datetime,NULL,NULL,NULL,YES
dbo,CUST_ORDER_ALLOC,ORDER_DEL_NO,int,NULL,10,0,NO
dbo,CUST_ORDER_ALLOC,ORDER_ID,nvarchar,15,NULL,NULL,NO
dbo,E_BACKLOG_DET,ORDER_ID,nvarchar,15,NULL,NULL,YES
dbo,E_BOOK_DET,ORDER_ID,nvarchar,15,NULL,NULL,YES
dbo,E_CUSTSVLV_DET,ORDER_ID,nvarchar,15,NULL,NULL,YES
dbo,E_LATE_DET,ORDER_ID,nvarchar,15,NULL,NULL,YES
dbo,E_SHIP_DET,ORDER_ID,nvarchar,15,NULL,NULL,YES
dbo,CUST_ORDER_ALLOC,ORDER_LINE_NO,int,NULL,10,0,NO
dbo,V_QUOTE_ORDER,ORDER_LINE_NO,smallint,NULL,5,0,NO
dbo,CUST_ORDER_LINE,PROMISE_DATE,datetime,NULL,NULL,NULL,YES
dbo,CUSTOMER_ORDER,PROMISE_DATE,datetime,NULL,NULL,NULL,YES
dbo,PURC_ORDER_LINE,PROMISE_DATE,datetime,NULL,NULL,NULL,YES
dbo,PURCHASE_ORDER,PROMISE_DATE,datetime,NULL,NULL,NULL,YES
dbo,RECEIVABLE_SCHED,PROMISE_DATE,datetime,NULL,NULL,NULL,NO
dbo,SERVICE_DISP_LINE,PROMISE_DATE,datetime,NULL,NULL,NULL,YES
dbo,V_CALL_ISSUE,PROMISE_DATE,datetime,NULL,NULL,NULL,YES
dbo,V_QUOTE,PROMISE_DATE,datetime,NULL,NULL,NULL,YES
dbo,V_QUOTE_LINE,PROMISE_DATE,datetime,NULL,NULL,NULL,YES
dbo,CNSN_RCVR_LINE_DEL,RECEIVED_QTY,decimal,NULL,20,8,NO
dbo,CO_PRODUCT,RECEIVED_QTY,decimal,NULL,20,8,NO
dbo,CONSIGN_RCVR_LINE,RECEIVED_QTY,decimal,NULL,20,8,NO
dbo,CUST_ORDER_ALLOC,RECEIVED_QTY,decimal,NULL,20,8,NO
dbo,DEMAND_SUPPLY_LINK,RECEIVED_QTY,decimal,NULL,20,8,NO
dbo,DEMSUP_SUMMARY,RECEIVED_QTY,decimal,NULL,20,8,NO
dbo,IBT_LINE,RECEIVED_QTY,decimal,NULL,20,8,YES
dbo,IBT_RECEIVER_LINE,RECEIVED_QTY,decimal,NULL,20,8,NO
dbo,IBT_SHIPPER,RECEIVED_QTY,decimal,NULL,20,8,YES
dbo,PURC_LINE_DEL,RECEIVED_QTY,decimal,NULL,20,8,YES
dbo,RECEIVER_LINE,RECEIVED_QTY,decimal,NULL,20,8,NO
dbo,RECEIVER_LINE_DEL,RECEIVED_QTY,decimal,NULL,20,8,YES
dbo,RMA_LINE,RECEIVED_QTY,decimal,NULL,20,8,NO
dbo,SERVICE_DISP_LINE,RECEIVED_QTY,decimal,NULL,20,8,NO
dbo,VR_WORKORDER_HDR,RECEIVED_QTY,decimal,NULL,20,8,YES
dbo,WORK_ORDER,RECEIVED_QTY,decimal,NULL,20,8,NO
dbo,CUST_ORDER_LINE,SHIP_ORDER_STATUS,nvarchar,2,NULL,NULL,YES
dbo,CUST_ORDER_ALLOC,SPLIT_ID,nvarchar,3,NULL,NULL,NO
dbo,E_FACTLOAD_DET,SPLIT_ID,nvarchar,3,NULL,NULL,YES
dbo,E_JOBCOMP_DET,SPLIT_ID,nvarchar,3,NULL,NULL,YES
dbo,E_JOBSTARTS_DET,SPLIT_ID,nvarchar,3,NULL,NULL,YES
dbo,E_LATEJOB_DET,SPLIT_ID,nvarchar,3,NULL,NULL,YES
dbo,E_OPENJOB_DET,SPLIT_ID,nvarchar,3,NULL,NULL,YES
dbo,E_OPENOPS_DET,SPLIT_ID,nvarchar,3,NULL,NULL,YES
dbo,E_OPSCOMPL_DET,SPLIT_ID,nvarchar,3,NULL,NULL,YES
dbo,E_OPSSTARTS_DET,SPLIT_ID,nvarchar,3,NULL,NULL,YES
dbo,E_OPSSVLV_DET,SPLIT_ID,nvarchar,3,NULL,NULL,YES
dbo,E_SCHEDSVLV_DET,SPLIT_ID,nvarchar,3,NULL,NULL,YES
dbo,E_WANTSVLV_DET,SPLIT_ID,nvarchar,3,NULL,NULL,YES
dbo,EVENT_TRIGGER,SPLIT_ID,nvarchar,3,NULL,NULL,YES
dbo,TEST_RESULT,SPLIT_ID,nvarchar,3,NULL,NULL,YES
dbo,WORK_ORDER,SPLIT_ID,nvarchar,3,NULL,NULL,NO
dbo,ACCOUNT_PERIOD,STATUS,nchar,1,NULL,NULL,NO
dbo,ACCOUNTING_ENTITY,STATUS,nchar,1,NULL,NULL,NO
dbo,BUFFER,STATUS,nchar,1,NULL,NULL,NO
dbo,CASH_DISBURSEMENT,STATUS,nchar,1,NULL,NULL,NO
dbo,CASH_PLAN,STATUS,nchar,1,NULL,NULL,YES
dbo,CASH_RECEIPT,STATUS,nchar,1,NULL,NULL,NO
dbo,CR_PART_LOCATION,STATUS,nchar,1,NULL,NULL,YES
dbo,CUST_WIP_VAS,STATUS,nchar,1,NULL,NULL,YES
dbo,CUSTOMER_ORDER,STATUS,nchar,1,NULL,NULL,NO
dbo,DBR_EVENT_DETECT,STATUS,nchar,1,NULL,NULL,YES
dbo,DBR_EVENT_TRIGGER,STATUS,nchar,1,NULL,NULL,YES
dbo,DBR_SETTINGS,STATUS,nchar,1,NULL,NULL,NO
dbo,DISTRIBUTION,STATUS,nvarchar,1,NULL,NULL,YES
dbo,E_FACTLOAD_DET,STATUS,nchar,1,NULL,NULL,YES
dbo,E_JOBCOMP_DET,STATUS,nchar,1,NULL,NULL,YES
dbo,E_JOBSTARTS_DET,STATUS,nchar,1,NULL,NULL,YES
dbo,E_LATEJOB_DET,STATUS,nchar,1,NULL,NULL,YES
dbo,E_OPENJOB_DET,STATUS,nchar,1,NULL,NULL,YES
dbo,E_OPENOPS_DET,STATUS,nchar,1,NULL,NULL,YES
dbo,E_OPSCOMPL_DET,STATUS,nchar,1,NULL,NULL,YES
dbo,E_OPSSTARTS_DET,STATUS,nchar,1,NULL,NULL,YES
dbo,E_OPSSVLV_DET,STATUS,nchar,1,NULL,NULL,YES
dbo,E_PURCBACK_DET,STATUS,nchar,1,NULL,NULL,YES
dbo,E_PURCLATE_DET,STATUS,nchar,1,NULL,NULL,YES
dbo,E_PURCOPEN_DET,STATUS,nchar,1,NULL,NULL,YES
dbo,E_PURCORD_DET,STATUS,nchar,1,NULL,NULL,YES
dbo,E_PURCRECV_DET,STATUS,nchar,1,NULL,NULL,YES
dbo,E_PURCSVLV_DET,STATUS,nchar,1,NULL,NULL,YES
dbo,E_SCHEDSVLV_DET,STATUS,nchar,1,NULL,NULL,YES
dbo,E_WANTSVLV_DET,STATUS,nchar,1,NULL,NULL,YES
dbo,EC,STATUS,nvarchar,5,NULL,NULL,NO
dbo,EC_LINE,STATUS,nvarchar,5,NULL,NULL,NO
dbo,ECN,STATUS,nchar,1,NULL,NULL,NO
dbo,ECN_REQUIREMENT,STATUS,nchar,1,NULL,NULL,YES
dbo,EVENT_DETECT,STATUS,nchar,1,NULL,NULL,YES
dbo,EVENT_TRIGGER,STATUS,nchar,1,NULL,NULL,YES
dbo,IBT,STATUS,nchar,1,NULL,NULL,NO
dbo,INSPECTION_ORDER,STATUS,nvarchar,20,NULL,NULL,NO
dbo,MFG_WIN_EXCEPTION,STATUS,nchar,1,NULL,NULL,YES
dbo,MT_WIP_LOCATIONS,Status,bit,NULL,NULL,NULL,NO
dbo,OPERATION,STATUS,nchar,1,NULL,NULL,NO
dbo,OPERATION_SUMMARY,STATUS,nchar,1,NULL,NULL,YES
dbo,PART,STATUS,nchar,1,NULL,NULL,YES
dbo,PART_LOCATION,STATUS,nchar,1,NULL,NULL,NO
dbo,PART_SITE,STATUS,nchar,1,NULL,NULL,YES
dbo,PHYS_COUNT_TAG,STATUS,nchar,1,NULL,NULL,NO
dbo,PHYS_INV_PIECES,STATUS,nchar,1,NULL,NULL,NO
dbo,PHYSICAL_COUNT,STATUS,nchar,1,NULL,NULL,NO
dbo,PURC_REQUISITION,STATUS,nchar,1,NULL,NULL,NO
dbo,PURCHASE_CONTRACT,STATUS,nchar,1,NULL,NULL,NO
dbo,PURCHASE_ORDER,STATUS,nchar,1,NULL,NULL,NO
dbo,QUOTE,STATUS,nchar,1,NULL,NULL,NO
dbo,RECEIVABLE,STATUS,nchar,1,NULL,NULL,NO
dbo,REQUEST_FOR_QUOTE,STATUS,nchar,1,NULL,NULL,NO
dbo,REQUIREMENT,STATUS,nchar,1,NULL,NULL,NO
dbo,RFQ_VENDOR_QUOTE,STATUS,nchar,1,NULL,NULL,NO
dbo,RMA,STATUS,nchar,1,NULL,NULL,NO
dbo,SERVICE,STATUS,nchar,1,NULL,NULL,YES
dbo,SERVICE_SITE,STATUS,nchar,1,NULL,NULL,YES
dbo,SHIPPER,STATUS,nchar,1,NULL,NULL,NO
dbo,SHOP_RESOURCE,STATUS,nchar,1,NULL,NULL,YES
dbo,SHOP_RESOURCE_SITE,STATUS,nchar,1,NULL,NULL,YES
dbo,SIMULATION,STATUS,nchar,1,NULL,NULL,YES
dbo,SITE,STATUS,nchar,1,NULL,NULL,YES
dbo,SOA_CODE_LIST,STATUS,nvarchar,15,NULL,NULL,NO
dbo,SOA_DIMENSION,STATUS,nvarchar,15,NULL,NULL,NO
dbo,SOA_DOC_SYNC,STATUS,nvarchar,3,NULL,NULL,NO
dbo,TASK,STATUS,nvarchar,5,NULL,NULL,NO
dbo,TEST,STATUS,nchar,1,NULL,NULL,NO
dbo,TEST_RESULT,STATUS,nchar,1,NULL,NULL,NO
dbo,TEST_STEP,STATUS,nchar,1,NULL,NULL,NO
dbo,UNP_MNT_CALLS,status,nvarchar,3,NULL,NULL,NO
dbo,V_CALENDAR,STATUS,nvarchar,15,NULL,NULL,YES
dbo,V_CALL,STATUS,nvarchar,15,NULL,NULL,NO
dbo,V_CALL_ISSUE,STATUS,nvarchar,15,NULL,NULL,YES
dbo,V_CONTR_ITEM,STATUS,nvarchar,15,NULL,NULL,YES
dbo,V_CONTR_TYPE,STATUS,nvarchar,15,NULL,NULL,YES
dbo,V_CONTRACT,STATUS,nvarchar,15,NULL,NULL,YES
dbo,V_DUPLICATES,STATUS,nvarchar,15,NULL,NULL,YES
dbo,V_EVENT,STATUS,nvarchar,15,NULL,NULL,YES
dbo,V_INVOICE,STATUS,nchar,1,NULL,NULL,YES
dbo,V_OPPORTUNITY,STATUS,nvarchar,15,NULL,NULL,YES
dbo,V_QUOTE,STATUS,nvarchar,15,NULL,NULL,YES
dbo,V_SRVC_ORDER,STATUS,nvarchar,15,NULL,NULL,NO
dbo,V_SRVCORD_EXP,STATUS,nvarchar,15,NULL,NULL,YES
dbo,V_SRVCORD_LBR,STATUS,nvarchar,15,NULL,NULL,YES
dbo,V_SRVCORD_MTL,STATUS,nvarchar,15,NULL,NULL,YES
dbo,V_SRVCORD_OPER,STATUS,nvarchar,15,NULL,NULL,YES
dbo,V_SRVCORD_VNDR,STATUS,nvarchar,15,NULL,NULL,YES
dbo,V_TASK,STATUS,nvarchar,15,NULL,NULL,YES
dbo,VR_ANALYTIC_CONFIG,STATUS,nchar,1,NULL,NULL,NO
dbo,VR_CUSTORD_DET,STATUS,nvarchar,32,NULL,NULL,YES
dbo,VR_DATA_SOURCE,STATUS,nchar,1,NULL,NULL,NO
dbo,VR_GRID_CONFIG,STATUS,nchar,1,NULL,NULL,NO
dbo,VR_PURCORD_DET,STATUS,nvarchar,32,NULL,NULL,YES
dbo,VR_WORKORDER_HDR,STATUS,nvarchar,32,NULL,NULL,YES
dbo,WBS,STATUS,nchar,1,NULL,NULL,YES
dbo,WORK_ORDER,STATUS,nchar,1,NULL,NULL,NO
dbo,WORKFLOW,STATUS,nvarchar,30,NULL,NULL,YES
dbo,WORKORDER_SUMMARY,STATUS,nchar,1,NULL,NULL,YES
dbo,ACCOUNT,STATUS_EFF_DATE,datetime,NULL,NULL,NULL,NO
dbo,ACCOUNT_PERIOD,STATUS_EFF_DATE,datetime,NULL,NULL,NULL,NO
dbo,CO_PRODUCT,STATUS_EFF_DATE,datetime,NULL,NULL,NULL,NO
dbo,CR_PART_LOCATION,STATUS_EFF_DATE,datetime,NULL,NULL,NULL,YES
dbo,CUST_LINE_DEL,STATUS_EFF_DATE,datetime,NULL,NULL,NULL,NO
dbo,CUST_ORDER_LINE,STATUS_EFF_DATE,datetime,NULL,NULL,NULL,NO
dbo,CUSTOMER,STATUS_EFF_DATE,datetime,NULL,NULL,NULL,NO
dbo,CUSTOMER_ORDER,STATUS_EFF_DATE,datetime,NULL,NULL,NULL,NO
dbo,EC,STATUS_EFF_DATE,datetime,NULL,NULL,NULL,NO
dbo,EC_LINE,STATUS_EFF_DATE,datetime,NULL,NULL,NULL,NO
dbo,IBT,STATUS_EFF_DATE,datetime,NULL,NULL,NULL,NO
dbo,IBT_LINE,STATUS_EFF_DATE,datetime,NULL,NULL,NULL,NO
dbo,INSPECTION_ORDER,STATUS_EFF_DATE,datetime,NULL,NULL,NULL,NO
dbo,OPERATION,STATUS_EFF_DATE,datetime,NULL,NULL,NULL,NO
dbo,PART,STATUS_EFF_DATE,datetime,NULL,NULL,NULL,NO
dbo,PART_LOCATION,STATUS_EFF_DATE,datetime,NULL,NULL,NULL,NO
dbo,PART_SITE,STATUS_EFF_DATE,datetime,NULL,NULL,NULL,YES
dbo,PAYABLE,STATUS_EFF_DATE,datetime,NULL,NULL,NULL,NO
dbo,PHYS_COUNT_TAG,STATUS_EFF_DATE,datetime,NULL,NULL,NULL,NO
dbo,PHYSICAL_COUNT,STATUS_EFF_DATE,datetime,NULL,NULL,NULL,NO
dbo,PURC_ORDER_LINE,STATUS_EFF_DATE,datetime,NULL,NULL,NULL,NO
dbo,PURC_REQ_LINE,STATUS_EFF_DATE,datetime,NULL,NULL,NULL,NO
dbo,PURC_REQUISITION,STATUS_EFF_DATE,datetime,NULL,NULL,NULL,NO
dbo,PURCHASE_CONTRACT,STATUS_EFF_DATE,datetime,NULL,NULL,NULL,NO
dbo,PURCHASE_ORDER,STATUS_EFF_DATE,datetime,NULL,NULL,NULL,NO
dbo,QUOTE,STATUS_EFF_DATE,datetime,NULL,NULL,NULL,NO
dbo,REQUEST_FOR_QUOTE,STATUS_EFF_DATE,datetime,NULL,NULL,NULL,NO
dbo,REQUIREMENT,STATUS_EFF_DATE,datetime,NULL,NULL,NULL,NO
dbo,RFQ_VENDOR_QUOTE,STATUS_EFF_DATE,datetime,NULL,NULL,NULL,NO
dbo,RMA,STATUS_EFF_DATE,datetime,NULL,NULL,NULL,NO
dbo,SERVICE,STATUS_EFF_DATE,datetime,NULL,NULL,NULL,NO
dbo,SERVICE_SITE,STATUS_EFF_DATE,datetime,NULL,NULL,NULL,NO
dbo,SHIPPER,STATUS_EFF_DATE,datetime,NULL,NULL,NULL,NO
dbo,TASK,STATUS_EFF_DATE,datetime,NULL,NULL,NULL,NO
dbo,VENDOR,STATUS_EFF_DATE,datetime,NULL,NULL,NULL,NO
dbo,WBS,STATUS_EFF_DATE,datetime,NULL,NULL,NULL,NO
dbo,WORK_ORDER,STATUS_EFF_DATE,datetime,NULL,NULL,NULL,NO
dbo,WORKFLOW,STATUS_EFF_DATE,datetime,NULL,NULL,NULL,NO
dbo,E_FACTLOAD_DET,SUB_ID,nvarchar,3,NULL,NULL,YES
dbo,E_OPENOPS_DET,SUB_ID,nvarchar,3,NULL,NULL,YES
dbo,E_OPSCOMPL_DET,SUB_ID,nvarchar,3,NULL,NULL,YES
dbo,E_OPSSTARTS_DET,SUB_ID,nvarchar,3,NULL,NULL,YES
dbo,E_OPSSVLV_DET,SUB_ID,nvarchar,3,NULL,NULL,YES
dbo,TEST_RESULT,SUB_ID,nvarchar,3,NULL,NULL,YES
dbo,V_CONTR_CHARGE,SUB_ID,smallint,NULL,5,0,NO
dbo,V_RECV_DIST_LINE,SUB_ID,smallint,NULL,5,0,YES
dbo,WORK_ORDER,SUB_ID,nvarchar,3,NULL,NULL,NO
dbo,CUST_BOOK_LINE,TOTAL_SHIPPED_QTY,decimal,NULL,20,8,YES
dbo,CUST_ORDER_LINE,TOTAL_SHIPPED_QTY,decimal,NULL,20,8,NO
dbo,ACCOUNT,TYPE,nchar,1,NULL,NULL,NO
dbo,ADJ_REASON_SYNC,TYPE,nchar,1,NULL,NULL,NO
dbo,AIC_SYNC,TYPE,nchar,1,NULL,NULL,NO
dbo,APPLICATION,TYPE,nchar,1,NULL,NULL,NO
dbo,APS_DATA,TYPE,nvarchar,8,NULL,NULL,NO
dbo,BUFFER,TYPE,nchar,1,NULL,NULL,NO
dbo,CARRIER_SYNC,TYPE,nchar,1,NULL,NULL,NO
dbo,CASH_PLAN_LINE,TYPE,nchar,1,NULL,NULL,YES
dbo,COMMODITY_SYNC,TYPE,nchar,1,NULL,NULL,NO
dbo,CONSOLID_ACCOUNT,TYPE,nchar,1,NULL,NULL,NO
dbo,CONSOLIDATION_LOG,TYPE,nchar,1,NULL,NULL,YES
dbo,CONTACT_BINARY,TYPE,nchar,1,NULL,NULL,NO
dbo,COST_GROUP,TYPE,nchar,1,NULL,NULL,NO
dbo,CUST_LINE_BINARY,TYPE,nchar,1,NULL,NULL,NO
dbo,CUST_ORD_PRICING_BIN,TYPE,nchar,1,NULL,NULL,NO
dbo,CUST_ORD_TYPE_SYNC,TYPE,nchar,1,NULL,NULL,NO
dbo,CUST_ORDER_BINARY,TYPE,nchar,1,NULL,NULL,NO
dbo,CUST_ORDER_LINE,TYPE,nchar,15,NULL,NULL,YES
dbo,CUST_ORDER_SYNC,TYPE,nchar,1,NULL,NULL,NO
dbo,CUST_ORDER_TYPE,TYPE,nvarchar,20,NULL,NULL,NO
dbo,CUSTOMER_BINARY,TYPE,nchar,1,NULL,NULL,NO
dbo,CUSTOMER_ORDER,TYPE,nchar,15,NULL,NULL,YES
dbo,CUSTOMER_SYNC,TYPE,nchar,1,NULL,NULL,NO
dbo,CUSTOMER_TYPE,TYPE,nvarchar,20,NULL,NULL,NO
dbo,DATA_EXPORT,TYPE,nchar,1,NULL,NULL,NO
dbo,DEMAND_SUPPLY_LINK,TYPE,nchar,1,NULL,NULL,YES
dbo,E_FACTLOAD_DET,TYPE,nchar,1,NULL,NULL,YES
dbo,E_JOBCOMP_DET,TYPE,nchar,1,NULL,NULL,YES
dbo,E_JOBSTARTS_DET,TYPE,nchar,1,NULL,NULL,YES
dbo,E_LATEJOB_DET,TYPE,nchar,1,NULL,NULL,YES
dbo,E_OPENJOB_DET,TYPE,nchar,1,NULL,NULL,YES
dbo,E_OPENOPS_DET,TYPE,nchar,1,NULL,NULL,YES
dbo,E_OPSCOMPL_DET,TYPE,nchar,1,NULL,NULL,YES
dbo,E_OPSSTARTS_DET,TYPE,nchar,1,NULL,NULL,YES
dbo,E_OPSSVLV_DET,TYPE,nchar,1,NULL,NULL,YES
dbo,E_SCHEDSVLV_DET,TYPE,nchar,1,NULL,NULL,YES
dbo,E_WANTSVLV_DET,TYPE,nchar,1,NULL,NULL,YES
dbo,EC,TYPE,nvarchar,15,NULL,NULL,YES
dbo,EC_HISTORY,TYPE,nchar,1,NULL,NULL,NO
dbo,EC_LINE,TYPE,nvarchar,5,NULL,NULL,NO
dbo,EC_LINE_BINARY,TYPE,nchar,1,NULL,NULL,NO
dbo,EC_REQUEST,TYPE,nchar,1,NULL,NULL,NO
dbo,EC_RESPONSE,TYPE,nchar,1,NULL,NULL,NO
dbo,ECN_BINARY,TYPE,nchar,1,NULL,NULL,NO
dbo,ECN_OPER_BINARY,TYPE,nchar,1,NULL,NULL,NO
dbo,ECN_OPER_RESOURCE,TYPE,nchar,1,NULL,NULL,YES
dbo,ECN_REQ_BINARY,TYPE,nchar,1,NULL,NULL,NO
dbo,ECN_WO_BINARY,TYPE,nchar,1,NULL,NULL,NO
dbo,EMPLOYEE,TYPE,nchar,1,NULL,NULL,NO
dbo,EMPLOYEE_BINARY,TYPE,nchar,1,NULL,NULL,NO
dbo,EMPLOYEE_SYNC,TYPE,nchar,1,NULL,NULL,NO
dbo,EQUIP_BINARY,TYPE,nchar,1,NULL,NULL,NO
dbo,EVENT_BINARY,TYPE,nchar,1,NULL,NULL,NO
dbo,EVENT_LOG,TYPE,nchar,1,NULL,NULL,NO
dbo,EVENT_TRIGGER,TYPE,nchar,1,NULL,NULL,YES
dbo,EXCEPTION,TYPE,nchar,2,NULL,NULL,NO
dbo,FOB_POINT_SYNC,TYPE,nchar,1,NULL,NULL,NO
dbo,GAGE,TYPE,nvarchar,15,NULL,NULL,YES
dbo,IBT_BINARY,TYPE,nchar,1,NULL,NULL,NO
dbo,IBT_LINE_BINARY,TYPE,nchar,1,NULL,NULL,NO
dbo,IBT_SYNC,TYPE,nchar,1,NULL,NULL,NO
dbo,INVENTORY_TRANS,TYPE,nchar,1,NULL,NULL,NO
dbo,ISSUE_REASON,TYPE,nchar,1,NULL,NULL,NO
dbo,JOURNAL_BATCH,TYPE,nvarchar,3,NULL,NULL,NO
dbo,LABOR_TICKET,TYPE,nchar,1,NULL,NULL,NO
dbo,LANG_TRANSLATIONS,TYPE,nchar,1,NULL,NULL,NO
dbo,LOCATION,TYPE,nchar,1,NULL,NULL,NO
dbo,NMFC_CODE_SYNC,TYPE,nchar,1,NULL,NULL,NO
dbo,NOTATION,TYPE,nchar,2,NULL,NULL,NO
dbo,NOTIFICATION_TEMPLATE,TYPE,nvarchar,10,NULL,NULL,NO
dbo,NOTIFICATION_TOKEN,TYPE,nvarchar,10,NULL,NULL,NO
dbo,OPER_TYPE_BINARY,TYPE,nchar,1,NULL,NULL,NO
dbo,OPER_TYPE_RESOURCE,TYPE,nchar,1,NULL,NULL,NO
dbo,OPER_TYPE_SYNC,TYPE,nchar,1,NULL,NULL,NO
dbo,OPERATION_BINARY,TYPE,nchar,1,NULL,NULL,NO
dbo,OPERATION_RESOURCE,TYPE,nchar,1,NULL,NULL,NO
dbo,PACKAGE_TYPE_SYNC,TYPE,nchar,1,NULL,NULL,NO
dbo,PART_ALIAS,TYPE,nvarchar,30,NULL,NULL,NO
dbo,PART_BINARY,TYPE,nchar,1,NULL,NULL,NO
dbo,PART_CO_BINARY,TYPE,nchar,1,NULL,NULL,NO
dbo,PART_MFG_BINARY,TYPE,nchar,1,NULL,NULL,NO
dbo,PART_PO_BINARY,TYPE,nchar,1,NULL,NULL,NO
dbo,PART_SYNC,TYPE,nchar,1,NULL,NULL,NO
dbo,PAYABLE,TYPE,nchar,1,NULL,NULL,NO
dbo,PAYABLE_BINARY,TYPE,nchar,1,NULL,NULL,NO
dbo,PROBLEM_CLASS,TYPE,nchar,1,NULL,NULL,NO
dbo,PROCESS_ACTIVITY,TYPE,nvarchar,1,NULL,NULL,NO
dbo,PRODUCT_SYNC,TYPE,nchar,1,NULL,NULL,NO
dbo,PROJ_INFO_BINARY,TYPE,nchar,1,NULL,NULL,NO
dbo,PROJECT_CEILING,TYPE,nchar,1,NULL,NULL,NO
dbo,PURC_HISTORY,TYPE,nchar,1,NULL,NULL,NO
dbo,PURC_LINE_BINARY,TYPE,nchar,1,NULL,NULL,NO
dbo,PURC_ORDER_BINARY,TYPE,nchar,1,NULL,NULL,NO
dbo,PURC_ORDER_SYNC,TYPE,nchar,1,NULL,NULL,NO
dbo,PURC_REQ_BINARY,TYPE,nchar,1,NULL,NULL,NO
dbo,PURC_REQ_LN_BINARY,TYPE,nchar,1,NULL,NULL,NO
dbo,QUOTE_BINARY,TYPE,nchar,1,NULL,NULL,NO
dbo,QUOTE_LINE_BINARY,TYPE,nchar,1,NULL,NULL,NO
dbo,QUOTE_OPT_BINARY,TYPE,nchar,1,NULL,NULL,NO
dbo,QUOTE_PRICING_BIN,TYPE,nchar,1,NULL,NULL,NO
dbo,QUOTED_OPTIONS,TYPE,nchar,3,NULL,NULL,YES
dbo,RCR_PAYABLE,TYPE,nchar,1,NULL,NULL,NO
dbo,RCR_RECEIVABLE,TYPE,nchar,1,NULL,NULL,NO
dbo,REASON,TYPE,nchar,2,NULL,NULL,NO
dbo,RECEIVABLE,TYPE,nchar,1,NULL,NULL,NO
dbo,RECEIVABLE_BINARY,TYPE,nchar,1,NULL,NULL,NO
dbo,RECEIVER_BINARY,TYPE,nchar,1,NULL,NULL,NO
dbo,RECV_LINE_BINARY,TYPE,nchar,1,NULL,NULL,NO
dbo,RECVR_LINE_BINARY,TYPE,nchar,1,NULL,NULL,NO
dbo,REPORT_LINE,TYPE,nchar,1,NULL,NULL,NO
dbo,REQUIREMENT_BINARY,TYPE,nchar,1,NULL,NULL,NO
dbo,REVISION_HISTORY,TYPE,nchar,1,NULL,NULL,NO
dbo,RFQ_BINARY,TYPE,nchar,1,NULL,NULL,NO
dbo,RFQ_LINE_BINARY,TYPE,nchar,1,NULL,NULL,NO
dbo,RFQ_VND_QT_BINARY,TYPE,nchar,1,NULL,NULL,NO
dbo,RMA,TYPE,nchar,1,NULL,NULL,NO
dbo,RMA_BINARY,TYPE,nchar,1,NULL,NULL,NO
dbo,RMA_LINE_BINARY,TYPE,nchar,1,NULL,NULL,NO
dbo,RMA_SYNC,TYPE,nchar,1,NULL,NULL,NO
dbo,SELECT_OPT_BINARY,TYPE,nchar,1,NULL,NULL,NO
dbo,SELECTED_OPTIONS,TYPE,nchar,3,NULL,NULL,YES
dbo,SERV_CHARGE_BINARY,TYPE,nchar,1,NULL,NULL,NO
dbo,SERV_DISP_BINARY,TYPE,nchar,1,NULL,NULL,NO
dbo,SERVICE_BINARY,TYPE,nchar,1,NULL,NULL,NO
dbo,SHIP_REASON,TYPE,nchar,1,NULL,NULL,NO
dbo,SHIP_VIA_SYNC,TYPE,nchar,1,NULL,NULL,NO
dbo,SHOP_RESOURCE,TYPE,nchar,1,NULL,NULL,NO
dbo,SIC_SYNC,TYPE,nchar,1,NULL,NULL,NO
dbo,SOA_DIMENSION,TYPE,nchar,1,NULL,NULL,NO
dbo,SPREAD_PROFILE,type,nvarchar,1,NULL,NULL,NO
dbo,TASK,TYPE,nvarchar,15,NULL,NULL,NO
dbo,TASK_BINARY,TYPE,nchar,1,NULL,NULL,NO
dbo,TERRITORY_SYNC,TYPE,nchar,1,NULL,NULL,NO
dbo,TEST_BINARY,TYPE,nchar,1,NULL,NULL,NO
dbo,TEST_RESULT,TYPE,nchar,1,NULL,NULL,YES
dbo,TEST_STEP,TYPE,nvarchar,4,NULL,NULL,NO
dbo,TEST_STEP_BINARY,TYPE,nchar,1,NULL,NULL,NO
dbo,UNP_MNT_BINARY,TYPE,nchar,1,NULL,NULL,NO
dbo,V_ACCT_BINARY,TYPE,nvarchar,3,NULL,NULL,NO
dbo,V_ADDRESS,TYPE,nvarchar,15,NULL,NULL,YES
dbo,V_CAL_BINARY,TYPE,nvarchar,3,NULL,NULL,NO
dbo,V_CALL_BINARY,TYPE,nvarchar,3,NULL,NULL,NO
dbo,V_CALL_ISS_BINARY,TYPE,nvarchar,3,NULL,NULL,NO
dbo,V_CALL_RES_BINARY,TYPE,nvarchar,3,NULL,NULL,NO
dbo,V_COMMENTS_BACKUP,TYPE,nvarchar,20,NULL,NULL,YES
dbo,V_COMMIS_SHARE,TYPE,nvarchar,15,NULL,NULL,NO
dbo,V_CONTACT,TYPE,nvarchar,15,NULL,NULL,YES
dbo,V_CONTACT_BINARY,TYPE,nvarchar,3,NULL,NULL,NO
dbo,V_CONTR_BINARY,TYPE,nvarchar,3,NULL,NULL,NO
dbo,V_CONTR_ITEM_BIN,TYPE,nvarchar,3,NULL,NULL,NO
dbo,V_CUSTOM_BINARY,TYPE,nvarchar,2,NULL,NULL,NO
dbo,V_DUPLICATES,TYPE,nvarchar,15,NULL,NULL,NO
dbo,V_HISTORY,TYPE,nvarchar,15,NULL,NULL,YES
dbo,V_INDUSTRY_CODES,TYPE,nvarchar,15,NULL,NULL,NO
dbo,V_INV_BINARY,TYPE,nvarchar,3,NULL,NULL,NO
dbo,V_INV_LN_BINARY,TYPE,nvarchar,3,NULL,NULL,NO
dbo,V_INVOICE,TYPE,nvarchar,15,NULL,NULL,YES
dbo,V_INVOICE_LINE,TYPE,nvarchar,15,NULL,NULL,NO
dbo,V_MAIL_NAVBAR,TYPE,nvarchar,15,NULL,NULL,YES
dbo,V_NAVBAR,TYPE,nvarchar,15,NULL,NULL,YES
dbo,V_OPTY_BINARY,TYPE,nvarchar,3,NULL,NULL,NO
dbo,V_QTE_LINE_BINARY,TYPE,nvarchar,3,NULL,NULL,NO
dbo,V_QUOTE_BINARY,TYPE,nvarchar,3,NULL,NULL,NO
dbo,V_QUOTE_PART,TYPE,nvarchar,1,NULL,NULL,YES
dbo,V_RPT,TYPE,nvarchar,15,NULL,NULL,NO
dbo,V_SO_EXP_BINARY,TYPE,nvarchar,3,NULL,NULL,NO
dbo,V_SO_LBR_BINARY,TYPE,nvarchar,3,NULL,NULL,NO
dbo,V_SO_MTL_BINARY,TYPE,nvarchar,3,NULL,NULL,NO
dbo,V_SO_OPR_BINARY,TYPE,nvarchar,3,NULL,NULL,NO
dbo,V_SO_VND_BINARY,TYPE,nvarchar,3,NULL,NULL,NO
dbo,V_SRVCORD_BINARY,TYPE,nvarchar,3,NULL,NULL,NO
dbo,V_TASK_BINARY,TYPE,nvarchar,3,NULL,NULL,NO
dbo,V_USER,TYPE,nvarchar,15,NULL,NULL,YES
dbo,VAT,TYPE,nchar,1,NULL,NULL,NO
dbo,VENDOR,TYPE,nchar,1,NULL,NULL,YES
dbo,VENDOR_BINARY,TYPE,nchar,1,NULL,NULL,NO
dbo,VENDOR_SYNC,TYPE,nchar,1,NULL,NULL,NO
dbo,VMDI_DATA,TYPE,nvarchar,9,NULL,NULL,NO
dbo,VR_DATA_SOURCE_TABLE,TYPE,int,NULL,10,0,NO
dbo,WIP_VAS_SYNC,TYPE,nchar,1,NULL,NULL,NO
dbo,WORK_ORDER,TYPE,nchar,1,NULL,NULL,NO
dbo,WORK_ORDER_SYNC,TYPE,nchar,1,NULL,NULL,NO
dbo,WORKFLOW,TYPE,nvarchar,30,NULL,NULL,NO
dbo,WORKORDER_BINARY,TYPE,nchar,1,NULL,NULL,NO
dbo,CUST_ORDER_ALLOC,WANT_DATE,datetime,NULL,NULL,NULL,NO
dbo,EC,WANT_DATE,datetime,NULL,NULL,NULL,YES
dbo,MASTER_SCHEDULE,WANT_DATE,datetime,NULL,NULL,NULL,NO
dbo,PLANNED_ORDER,WANT_DATE,datetime,NULL,NULL,NULL,YES
dbo,PLANNING_MPS,WANT_DATE,datetime,NULL,NULL,NULL,NO
dbo,VR_WORKORDER_HDR,WANT_DATE,datetime,NULL,NULL,NULL,YES
dbo,WORK_ORDER,WBS_CUST_ORDER_ID,nvarchar,15,NULL,NULL,YES
dbo,AMTS_PENDING_TRANS,WORKORDER_BASE_ID,nvarchar,30,NULL,NULL,YES
dbo,BUFFER,WORKORDER_BASE_ID,nvarchar,30,NULL,NULL,NO
dbo,BUFFER_STAT_WO_LOC,WORKORDER_BASE_ID,nvarchar,30,NULL,NULL,NO
dbo,CO_PRODUCT,WORKORDER_BASE_ID,nvarchar,30,NULL,NULL,NO
dbo,COST_SIMULATION,WORKORDER_BASE_ID,nvarchar,30,NULL,NULL,YES
dbo,DOCUMENT_REF_WO,WORKORDER_BASE_ID,nvarchar,30,NULL,NULL,NO
dbo,ECN,WORKORDER_BASE_ID,nvarchar,30,NULL,NULL,YES
dbo,EQUIP_BILL_OPTIONS,workorder_base_id,nvarchar,30,NULL,NULL,YES
dbo,EQUIP_PM_SCHEDULE,workorder_base_id,nvarchar,30,NULL,NULL,YES
dbo,FEEDING_OPERATIONS,WORKORDER_BASE_ID,nvarchar,30,NULL,NULL,NO
dbo,INSPECTION_ORDER,WORKORDER_BASE_ID,nvarchar,30,NULL,NULL,YES
dbo,INVENTORY_TRANS,WORKORDER_BASE_ID,nvarchar,30,NULL,NULL,YES
dbo,LABOR_TICKET,WORKORDER_BASE_ID,nvarchar,30,NULL,NULL,YES
dbo,OP_SETUP_ATTRIB,WORKORDER_BASE_ID,nvarchar,30,NULL,NULL,NO
dbo,OPER_SERVICE_COST,WORKORDER_BASE_ID,nvarchar,30,NULL,NULL,NO
dbo,OPERATION,WORKORDER_BASE_ID,nvarchar,30,NULL,NULL,NO
dbo,OPERATION_AUDIT,WORKORDER_BASE_ID,nvarchar,30,NULL,NULL,NO
dbo,OPERATION_BINARY,WORKORDER_BASE_ID,nvarchar,30,NULL,NULL,NO
dbo,OPERATION_RESOURCE,WORKORDER_BASE_ID,nvarchar,30,NULL,NULL,NO
dbo,OPERATION_SCHED,WORKORDER_BASE_ID,nvarchar,30,NULL,NULL,NO
dbo,OPERATION_SUMMARY,WORKORDER_BASE_ID,nvarchar,30,NULL,NULL,NO
dbo,PAYABLE_LINE,WORKORDER_BASE_ID,nvarchar,30,NULL,NULL,YES
dbo,PROJECT_BASELINE,WORKORDER_BASE_ID,nvarchar,30,NULL,NULL,NO
dbo,PROJECT_BUDGET,WORKORDER_BASE_ID,nvarchar,30,NULL,NULL,NO
dbo,PROJECT_SUMMARY,WORKORDER_BASE_ID,nvarchar,30,NULL,NULL,YES
dbo,PURC_REQ_LINE,WORKORDER_BASE_ID,nvarchar,30,NULL,NULL,YES
dbo,QUOTE_LINE,WORKORDER_BASE_ID,nvarchar,30,NULL,NULL,YES
dbo,REFERENCE_DESIGNATOR,WORKORDER_BASE_ID,nvarchar,30,NULL,NULL,NO
dbo,REQ_PART_ALTERNATE,WORKORDER_BASE_ID,nvarchar,30,NULL,NULL,NO
dbo,REQ_TRC_CTL,WORKORDER_BASE_ID,nvarchar,30,NULL,NULL,NO
dbo,REQUIREMENT,WORKORDER_BASE_ID,nvarchar,30,NULL,NULL,NO
dbo,REQUIREMENT_BINARY,WORKORDER_BASE_ID,nvarchar,30,NULL,NULL,NO
dbo,REQUIREMENT_COST,WORKORDER_BASE_ID,nvarchar,30,NULL,NULL,NO
dbo,REQUIREMENT_SCHED,WORKORDER_BASE_ID,nvarchar,30,NULL,NULL,NO
dbo,REQUIREMENT_SUM,WORKORDER_BASE_ID,nvarchar,30,NULL,NULL,NO
dbo,RES_SIMULATION,WORKORDER_BASE_ID,nvarchar,30,NULL,NULL,YES
dbo,RMA_LINE,WORKORDER_BASE_ID,nvarchar,30,NULL,NULL,YES
dbo,SER_SIMULATION,WORKORDER_BASE_ID,nvarchar,30,NULL,NULL,YES
dbo,SERVICE_DISPATCHED,WORKORDER_BASE_ID,nvarchar,30,NULL,NULL,NO
dbo,SERVICE_RECEIPT,WORKORDER_BASE_ID,nvarchar,30,NULL,NULL,NO
dbo,UNP_MNT_CALLS,workorder_base_id,nvarchar,30,NULL,NULL,YES
dbo,V_CONTR_ITEM,WORKORDER_BASE_ID,nvarchar,30,NULL,NULL,YES
dbo,V_QUOTE_LINE,WORKORDER_BASE_ID,nvarchar,30,NULL,NULL,YES
dbo,V_SRVC_ORDER,WORKORDER_BASE_ID,nvarchar,30,NULL,NULL,YES
dbo,V_SRVCORD_EXP,WORKORDER_BASE_ID,nvarchar,30,NULL,NULL,YES
dbo,V_SRVCORD_LBR,WORKORDER_BASE_ID,nvarchar,30,NULL,NULL,NO
dbo,V_SRVCORD_MTL,WORKORDER_BASE_ID,nvarchar,30,NULL,NULL,YES
dbo,V_SRVCORD_OPER,WORKORDER_BASE_ID,nvarchar,30,NULL,NULL,NO
dbo,V_SRVCORD_VNDR,WORKORDER_BASE_ID,nvarchar,30,NULL,NULL,YES
dbo,VR_WORKORDER_HDR,WORKORDER_BASE_ID,nvarchar,30,NULL,NULL,YES
dbo,WIP_BALANCE,WORKORDER_BASE_ID,nvarchar,30,NULL,NULL,NO
dbo,WIP_ISSUE_DETAIL,WORKORDER_BASE_ID,nvarchar,30,NULL,NULL,NO
dbo,WIP_ISSUE_DIST,WORKORDER_BASE_ID,nvarchar,30,NULL,NULL,NO
dbo,WIP_LABOR_DETAIL,WORKORDER_BASE_ID,nvarchar,30,NULL,NULL,NO
dbo,WIP_PAYB_DETAIL,WORKORDER_BASE_ID,nvarchar,30,NULL,NULL,NO
dbo,WIP_RECEIPT_DETAIL,WORKORDER_BASE_ID,nvarchar,30,NULL,NULL,NO
dbo,WIP_RECEIPT_DIST,WORKORDER_BASE_ID,nvarchar,30,NULL,NULL,NO
dbo,WIP_SERVICE_DETAIL,WORKORDER_BASE_ID,nvarchar,30,NULL,NULL,NO
dbo,WIP_SPLIT_DETAIL,WORKORDER_BASE_ID,nvarchar,30,NULL,NULL,NO
dbo,WO_SCH_PRIORITY,WORKORDER_BASE_ID,nvarchar,30,NULL,NULL,NO
dbo,WO_SETUP_ATTRIB,WORKORDER_BASE_ID,nvarchar,30,NULL,NULL,NO
dbo,WORK_ORDER_SCHED,WORKORDER_BASE_ID,nvarchar,30,NULL,NULL,NO
dbo,WORK_ORDER_SYNC,WORKORDER_BASE_ID,nvarchar,30,NULL,NULL,NO
dbo,WORKORD_MILESTONE,WORKORDER_BASE_ID,nvarchar,30,NULL,NULL,NO
dbo,WORKORDER_AUDIT,WORKORDER_BASE_ID,nvarchar,30,NULL,NULL,NO
dbo,WORKORDER_BINARY,WORKORDER_BASE_ID,nvarchar,30,NULL,NULL,NO
dbo,WORKORDER_SUMMARY,WORKORDER_BASE_ID,nvarchar,30,NULL,NULL,NO
dbo,WORKORDER_TRC_CTL,WORKORDER_BASE_ID,nvarchar,30,NULL,NULL,NO
dbo,AMTS_PENDING_TRANS,WORKORDER_LOT_ID,nvarchar,3,NULL,NULL,YES
dbo,BUFFER,WORKORDER_LOT_ID,nvarchar,3,NULL,NULL,NO
dbo,BUFFER_STAT_WO_LOC,WORKORDER_LOT_ID,nvarchar,3,NULL,NULL,NO
dbo,CO_PRODUCT,WORKORDER_LOT_ID,nvarchar,3,NULL,NULL,NO
dbo,COST_SIMULATION,WORKORDER_LOT_ID,nvarchar,3,NULL,NULL,YES
dbo,DOCUMENT_REF_WO,WORKORDER_LOT_ID,nvarchar,3,NULL,NULL,NO
dbo,ECN,WORKORDER_LOT_ID,nvarchar,3,NULL,NULL,YES
dbo,EQUIP_BILL_OPTIONS,workorder_lot_id,nvarchar,3,NULL,NULL,YES
dbo,EQUIP_PM_SCHEDULE,workorder_lot_id,nvarchar,3,NULL,NULL,YES
dbo,FEEDING_OPERATIONS,WORKORDER_LOT_ID,nvarchar,3,NULL,NULL,NO
dbo,INSPECTION_ORDER,WORKORDER_LOT_ID,nvarchar,3,NULL,NULL,YES
dbo,INVENTORY_TRANS,WORKORDER_LOT_ID,nvarchar,3,NULL,NULL,YES
dbo,LABOR_TICKET,WORKORDER_LOT_ID,nvarchar,3,NULL,NULL,YES
dbo,OP_SETUP_ATTRIB,WORKORDER_LOT_ID,nvarchar,3,NULL,NULL,NO
dbo,OPER_SERVICE_COST,WORKORDER_LOT_ID,nvarchar,3,NULL,NULL,NO
dbo,OPERATION,WORKORDER_LOT_ID,nvarchar,3,NULL,NULL,NO
dbo,OPERATION_AUDIT,WORKORDER_LOT_ID,nvarchar,3,NULL,NULL,NO
dbo,OPERATION_BINARY,WORKORDER_LOT_ID,nvarchar,3,NULL,NULL,NO
dbo,OPERATION_RESOURCE,WORKORDER_LOT_ID,nvarchar,3,NULL,NULL,NO
dbo,OPERATION_SCHED,WORKORDER_LOT_ID,nvarchar,3,NULL,NULL,NO
dbo,OPERATION_SUMMARY,WORKORDER_LOT_ID,nvarchar,3,NULL,NULL,NO
dbo,PAYABLE_LINE,WORKORDER_LOT_ID,nvarchar,3,NULL,NULL,YES
dbo,PROJECT_BUDGET,WORKORDER_LOT_ID,nvarchar,3,NULL,NULL,NO
dbo,PROJECT_SUMMARY,WORKORDER_LOT_ID,nvarchar,3,NULL,NULL,YES
dbo,PURC_REQ_LINE,WORKORDER_LOT_ID,nvarchar,3,NULL,NULL,YES
dbo,QUOTE_LINE,WORKORDER_LOT_ID,nvarchar,3,NULL,NULL,YES
dbo,REFERENCE_DESIGNATOR,WORKORDER_LOT_ID,nvarchar,3,NULL,NULL,NO
dbo,REQ_PART_ALTERNATE,WORKORDER_LOT_ID,nvarchar,3,NULL,NULL,NO
dbo,REQ_TRC_CTL,WORKORDER_LOT_ID,nvarchar,3,NULL,NULL,NO
dbo,REQUIREMENT,WORKORDER_LOT_ID,nvarchar,3,NULL,NULL,NO
dbo,REQUIREMENT_BINARY,WORKORDER_LOT_ID,nvarchar,3,NULL,NULL,NO
dbo,REQUIREMENT_COST,WORKORDER_LOT_ID,nvarchar,3,NULL,NULL,NO
dbo,REQUIREMENT_SCHED,WORKORDER_LOT_ID,nvarchar,3,NULL,NULL,NO
dbo,REQUIREMENT_SUM,WORKORDER_LOT_ID,nvarchar,3,NULL,NULL,NO
dbo,RES_SIMULATION,WORKORDER_LOT_ID,nvarchar,3,NULL,NULL,YES
dbo,SER_SIMULATION,WORKORDER_LOT_ID,nvarchar,3,NULL,NULL,YES
dbo,SERVICE_DISPATCHED,WORKORDER_LOT_ID,nvarchar,3,NULL,NULL,NO
dbo,SERVICE_RECEIPT,WORKORDER_LOT_ID,nvarchar,3,NULL,NULL,NO
dbo,UNP_MNT_CALLS,workorder_lot_id,nvarchar,3,NULL,NULL,YES
dbo,V_CONTR_ITEM,WORKORDER_LOT_ID,nvarchar,3,NULL,NULL,YES
dbo,V_QUOTE_LINE,WORKORDER_LOT_ID,nvarchar,3,NULL,NULL,YES
dbo,V_SRVC_ORDER,WORKORDER_LOT_ID,nvarchar,3,NULL,NULL,YES
dbo,V_SRVCORD_EXP,WORKORDER_LOT_ID,nvarchar,3,NULL,NULL,YES
dbo,V_SRVCORD_LBR,WORKORDER_LOT_ID,nvarchar,3,NULL,NULL,NO
dbo,V_SRVCORD_MTL,WORKORDER_LOT_ID,nvarchar,3,NULL,NULL,YES
dbo,V_SRVCORD_OPER,WORKORDER_LOT_ID,nvarchar,3,NULL,NULL,NO
dbo,V_SRVCORD_VNDR,WORKORDER_LOT_ID,nvarchar,3,NULL,NULL,YES
dbo,VR_WORKORDER_HDR,WORKORDER_LOT_ID,nvarchar,3,NULL,NULL,YES
dbo,WIP_BALANCE,WORKORDER_LOT_ID,nvarchar,3,NULL,NULL,NO
dbo,WIP_ISSUE_DETAIL,WORKORDER_LOT_ID,nvarchar,3,NULL,NULL,NO
dbo,WIP_ISSUE_DIST,WORKORDER_LOT_ID,nvarchar,3,NULL,NULL,NO
dbo,WIP_LABOR_DETAIL,WORKORDER_LOT_ID,nvarchar,3,NULL,NULL,NO
dbo,WIP_PAYB_DETAIL,WORKORDER_LOT_ID,nvarchar,3,NULL,NULL,NO
dbo,WIP_RECEIPT_DETAIL,WORKORDER_LOT_ID,nvarchar,3,NULL,NULL,NO
dbo,WIP_RECEIPT_DIST,WORKORDER_LOT_ID,nvarchar,3,NULL,NULL,NO
dbo,WIP_SERVICE_DETAIL,WORKORDER_LOT_ID,nvarchar,3,NULL,NULL,NO
dbo,WIP_SPLIT_DETAIL,WORKORDER_LOT_ID,nvarchar,3,NULL,NULL,NO
dbo,WO_SCH_PRIORITY,WORKORDER_LOT_ID,nvarchar,3,NULL,NULL,NO
dbo,WO_SETUP_ATTRIB,WORKORDER_LOT_ID,nvarchar,3,NULL,NULL,NO
dbo,WORK_ORDER_SCHED,WORKORDER_LOT_ID,nvarchar,3,NULL,NULL,NO
dbo,WORK_ORDER_SYNC,WORKORDER_LOT_ID,nvarchar,3,NULL,NULL,NO
dbo,WORKORD_MILESTONE,WORKORDER_LOT_ID,nvarchar,3,NULL,NULL,NO
dbo,WORKORDER_AUDIT,WORKORDER_LOT_ID,nvarchar,3,NULL,NULL,NO
dbo,WORKORDER_BINARY,WORKORDER_LOT_ID,nvarchar,3,NULL,NULL,NO
dbo,WORKORDER_SUMMARY,WORKORDER_LOT_ID,nvarchar,3,NULL,NULL,NO
dbo,WORKORDER_TRC_CTL,WORKORDER_LOT_ID,nvarchar,3,NULL,NULL,NO
dbo,AMTS_PENDING_TRANS,WORKORDER_SPLIT_ID,nvarchar,3,NULL,NULL,YES
dbo,BUFFER,WORKORDER_SPLIT_ID,nvarchar,3,NULL,NULL,NO
dbo,BUFFER_STAT_WO_LOC,WORKORDER_SPLIT_ID,nvarchar,3,NULL,NULL,NO
dbo,CO_PRODUCT,WORKORDER_SPLIT_ID,nvarchar,3,NULL,NULL,NO
dbo,COST_SIMULATION,WORKORDER_SPLIT_ID,nvarchar,3,NULL,NULL,YES
dbo,DOCUMENT_REF_WO,WORKORDER_SPLIT_ID,nvarchar,3,NULL,NULL,NO
dbo,ECN,WORKORDER_SPLIT_ID,nvarchar,3,NULL,NULL,YES
dbo,EQUIP_BILL_OPTIONS,workorder_split_id,nvarchar,3,NULL,NULL,YES
dbo,EQUIP_PM_SCHEDULE,workorder_split_id,nvarchar,3,NULL,NULL,YES
dbo,FEEDING_OPERATIONS,WORKORDER_SPLIT_ID,nvarchar,3,NULL,NULL,NO
dbo,INSPECTION_ORDER,WORKORDER_SPLIT_ID,nvarchar,3,NULL,NULL,YES
dbo,INVENTORY_TRANS,WORKORDER_SPLIT_ID,nvarchar,3,NULL,NULL,YES
dbo,LABOR_TICKET,WORKORDER_SPLIT_ID,nvarchar,3,NULL,NULL,YES
dbo,OP_SETUP_ATTRIB,WORKORDER_SPLIT_ID,nvarchar,3,NULL,NULL,NO
dbo,OPER_SERVICE_COST,WORKORDER_SPLIT_ID,nvarchar,3,NULL,NULL,NO
dbo,OPERATION,WORKORDER_SPLIT_ID,nvarchar,3,NULL,NULL,NO
dbo,OPERATION_AUDIT,WORKORDER_SPLIT_ID,nvarchar,3,NULL,NULL,NO
dbo,OPERATION_BINARY,WORKORDER_SPLIT_ID,nvarchar,3,NULL,NULL,NO
dbo,OPERATION_RESOURCE,WORKORDER_SPLIT_ID,nvarchar,3,NULL,NULL,NO
dbo,OPERATION_SCHED,WORKORDER_SPLIT_ID,nvarchar,3,NULL,NULL,NO
dbo,OPERATION_SUMMARY,WORKORDER_SPLIT_ID,nvarchar,3,NULL,NULL,NO
dbo,PAYABLE_LINE,WORKORDER_SPLIT_ID,nvarchar,3,NULL,NULL,YES
dbo,PROJECT_BASELINE,WORKORDER_SPLIT_ID,nvarchar,3,NULL,NULL,NO
dbo,PROJECT_BUDGET,WORKORDER_SPLIT_ID,nvarchar,3,NULL,NULL,NO
dbo,PROJECT_SUMMARY,WORKORDER_SPLIT_ID,nvarchar,3,NULL,NULL,YES
dbo,PURC_REQ_LINE,WORKORDER_SPLIT_ID,nvarchar,3,NULL,NULL,YES
dbo,QUOTE_LINE,WORKORDER_SPLIT_ID,nvarchar,3,NULL,NULL,YES
dbo,REFERENCE_DESIGNATOR,WORKORDER_SPLIT_ID,nvarchar,3,NULL,NULL,NO
dbo,REQ_PART_ALTERNATE,WORKORDER_SPLIT_ID,nvarchar,3,NULL,NULL,NO
dbo,REQ_TRC_CTL,WORKORDER_SPLIT_ID,nvarchar,3,NULL,NULL,NO
dbo,REQUIREMENT,WORKORDER_SPLIT_ID,nvarchar,3,NULL,NULL,NO
dbo,REQUIREMENT_BINARY,WORKORDER_SPLIT_ID,nvarchar,3,NULL,NULL,NO
dbo,REQUIREMENT_COST,WORKORDER_SPLIT_ID,nvarchar,3,NULL,NULL,NO
dbo,REQUIREMENT_SCHED,WORKORDER_SPLIT_ID,nvarchar,3,NULL,NULL,NO
dbo,REQUIREMENT_SUM,WORKORDER_SPLIT_ID,nvarchar,3,NULL,NULL,NO
dbo,RES_SIMULATION,WORKORDER_SPLIT_ID,nvarchar,3,NULL,NULL,YES
dbo,SER_SIMULATION,WORKORDER_SPLIT_ID,nvarchar,3,NULL,NULL,YES
dbo,SERVICE_DISPATCHED,WORKORDER_SPLIT_ID,nvarchar,3,NULL,NULL,NO
dbo,SERVICE_RECEIPT,WORKORDER_SPLIT_ID,nvarchar,3,NULL,NULL,NO
dbo,UNP_MNT_CALLS,workorder_split_id,nvarchar,3,NULL,NULL,YES
dbo,V_CONTR_ITEM,WORKORDER_SPLIT_ID,nvarchar,3,NULL,NULL,YES
dbo,V_SRVC_ORDER,WORKORDER_SPLIT_ID,nvarchar,3,NULL,NULL,YES
dbo,V_SRVCORD_EXP,WORKORDER_SPLIT_ID,nvarchar,3,NULL,NULL,YES
dbo,V_SRVCORD_LBR,WORKORDER_SPLIT_ID,nvarchar,3,NULL,NULL,NO
dbo,V_SRVCORD_MTL,WORKORDER_SPLIT_ID,nvarchar,3,NULL,NULL,YES
dbo,V_SRVCORD_OPER,WORKORDER_SPLIT_ID,nvarchar,3,NULL,NULL,NO
dbo,V_SRVCORD_VNDR,WORKORDER_SPLIT_ID,nvarchar,3,NULL,NULL,YES
dbo,VR_WORKORDER_HDR,WORKORDER_SPLIT_ID,nvarchar,3,NULL,NULL,YES
dbo,WIP_BALANCE,WORKORDER_SPLIT_ID,nvarchar,3,NULL,NULL,NO
dbo,WIP_ISSUE_DETAIL,WORKORDER_SPLIT_ID,nvarchar,3,NULL,NULL,NO
dbo,WIP_ISSUE_DIST,WORKORDER_SPLIT_ID,nvarchar,3,NULL,NULL,NO
dbo,WIP_LABOR_DETAIL,WORKORDER_SPLIT_ID,nvarchar,3,NULL,NULL,NO
dbo,WIP_PAYB_DETAIL,WORKORDER_SPLIT_ID,nvarchar,3,NULL,NULL,NO
dbo,WIP_RECEIPT_DETAIL,WORKORDER_SPLIT_ID,nvarchar,3,NULL,NULL,NO
dbo,WIP_RECEIPT_DIST,WORKORDER_SPLIT_ID,nvarchar,3,NULL,NULL,NO
dbo,WIP_SERVICE_DETAIL,WORKORDER_SPLIT_ID,nvarchar,3,NULL,NULL,NO
dbo,WIP_SPLIT_DETAIL,WORKORDER_SPLIT_ID,nvarchar,3,NULL,NULL,NO
dbo,WO_SCH_PRIORITY,WORKORDER_SPLIT_ID,nvarchar,3,NULL,NULL,NO
dbo,WO_SETUP_ATTRIB,WORKORDER_SPLIT_ID,nvarchar,3,NULL,NULL,NO
dbo,WORK_ORDER_SCHED,WORKORDER_SPLIT_ID,nvarchar,3,NULL,NULL,NO
dbo,WORK_ORDER_SYNC,WORKORDER_SPLIT_ID,nvarchar,3,NULL,NULL,NO
dbo,WORKORD_MILESTONE,WORKORDER_SPLIT_ID,nvarchar,3,NULL,NULL,NO
dbo,WORKORDER_AUDIT,WORKORDER_SPLIT_ID,nvarchar,3,NULL,NULL,NO
dbo,WORKORDER_BINARY,WORKORDER_SPLIT_ID,nvarchar,3,NULL,NULL,NO
dbo,WORKORDER_SUMMARY,WORKORDER_SPLIT_ID,nvarchar,3,NULL,NULL,NO
dbo,WORKORDER_TRC_CTL,WORKORDER_SPLIT_ID,nvarchar,3,NULL,NULL,NO
dbo,AMTS_PENDING_TRANS,WORKORDER_SUB_ID,nvarchar,3,NULL,NULL,YES
dbo,BUFFER,WORKORDER_SUB_ID,nvarchar,3,NULL,NULL,NO
dbo,BUFFER_STAT_WO_LOC,WORKORDER_SUB_ID,nvarchar,3,NULL,NULL,NO
dbo,CO_PRODUCT,WORKORDER_SUB_ID,nvarchar,3,NULL,NULL,NO
dbo,COST_SIMULATION,WORKORDER_SUB_ID,nvarchar,3,NULL,NULL,YES
dbo,DOCUMENT_REF_WO,WORKORDER_SUB_ID,nvarchar,3,NULL,NULL,NO
dbo,ECN,WORKORDER_SUB_ID,nvarchar,3,NULL,NULL,YES
dbo,ECN_CO_PRODUCT,WORKORDER_SUB_ID,nvarchar,3,NULL,NULL,NO
dbo,ECN_DETAIL,WORKORDER_SUB_ID,nvarchar,3,NULL,NULL,YES
dbo,ECN_OPER_BINARY,WORKORDER_SUB_ID,nvarchar,3,NULL,NULL,NO
dbo,ECN_OPER_RESOURCE,WORKORDER_SUB_ID,nvarchar,3,NULL,NULL,NO
dbo,ECN_OPERATION,WORKORDER_SUB_ID,nvarchar,3,NULL,NULL,NO
dbo,ECN_REQ_BINARY,WORKORDER_SUB_ID,nvarchar,3,NULL,NULL,NO
dbo,ECN_REQ_PART_ALT,WORKORDER_SUB_ID,nvarchar,3,NULL,NULL,NO
dbo,ECN_REQ_REF_DESIG,WORKORDER_SUB_ID,nvarchar,3,NULL,NULL,NO
dbo,ECN_REQUIREMENT,WORKORDER_SUB_ID,nvarchar,3,NULL,NULL,NO
dbo,ECN_WO_BINARY,WORKORDER_SUB_ID,nvarchar,3,NULL,NULL,NO
dbo,ECN_WORKORDER,WORKORDER_SUB_ID,nvarchar,3,NULL,NULL,NO
dbo,EQUIP_BILL_OPTIONS,workorder_sub_id,nvarchar,3,NULL,NULL,YES
dbo,EQUIP_PM_SCHEDULE,workorder_sub_id,nvarchar,3,NULL,NULL,YES
dbo,FEEDING_OPERATIONS,WORKORDER_SUB_ID,nvarchar,3,NULL,NULL,NO
dbo,INSPECTION_ORDER,WORKORDER_SUB_ID,nvarchar,3,NULL,NULL,YES
dbo,INVENTORY_TRANS,WORKORDER_SUB_ID,nvarchar,3,NULL,NULL,YES
dbo,LABOR_TICKET,WORKORDER_SUB_ID,nvarchar,3,NULL,NULL,YES
dbo,OP_SETUP_ATTRIB,WORKORDER_SUB_ID,nvarchar,3,NULL,NULL,NO
dbo,OPER_SERVICE_COST,WORKORDER_SUB_ID,nvarchar,3,NULL,NULL,NO
dbo,OPERATION,WORKORDER_SUB_ID,nvarchar,3,NULL,NULL,NO
dbo,OPERATION_AUDIT,WORKORDER_SUB_ID,nvarchar,3,NULL,NULL,NO
dbo,OPERATION_BINARY,WORKORDER_SUB_ID,nvarchar,3,NULL,NULL,NO
dbo,OPERATION_RESOURCE,WORKORDER_SUB_ID,nvarchar,3,NULL,NULL,NO
dbo,OPERATION_SCHED,WORKORDER_SUB_ID,nvarchar,3,NULL,NULL,NO
dbo,OPERATION_SUMMARY,WORKORDER_SUB_ID,nvarchar,3,NULL,NULL,NO
dbo,PAYABLE_LINE,WORKORDER_SUB_ID,nvarchar,3,NULL,NULL,YES
dbo,PROJECT_BUDGET,WORKORDER_SUB_ID,nvarchar,3,NULL,NULL,NO
dbo,PROJECT_SUMMARY,WORKORDER_SUB_ID,nvarchar,3,NULL,NULL,YES
dbo,PURC_REQ_LINE,WORKORDER_SUB_ID,nvarchar,3,NULL,NULL,YES
dbo,QUOTE_LINE,WORKORDER_SUB_ID,nvarchar,3,NULL,NULL,YES
dbo,REFERENCE_DESIGNATOR,WORKORDER_SUB_ID,nvarchar,3,NULL,NULL,NO
dbo,REQ_PART_ALTERNATE,WORKORDER_SUB_ID,nvarchar,3,NULL,NULL,NO
dbo,REQ_TRC_CTL,WORKORDER_SUB_ID,nvarchar,3,NULL,NULL,NO
dbo,REQUIREMENT,WORKORDER_SUB_ID,nvarchar,3,NULL,NULL,NO
dbo,REQUIREMENT_BINARY,WORKORDER_SUB_ID,nvarchar,3,NULL,NULL,NO
dbo,REQUIREMENT_COST,WORKORDER_SUB_ID,nvarchar,3,NULL,NULL,NO
dbo,REQUIREMENT_SCHED,WORKORDER_SUB_ID,nvarchar,3,NULL,NULL,NO
dbo,REQUIREMENT_SUM,WORKORDER_SUB_ID,nvarchar,3,NULL,NULL,NO
dbo,RES_SIMULATION,WORKORDER_SUB_ID,nvarchar,3,NULL,NULL,YES
dbo,SER_SIMULATION,WORKORDER_SUB_ID,nvarchar,3,NULL,NULL,YES
dbo,SERVICE_DISPATCHED,WORKORDER_SUB_ID,nvarchar,3,NULL,NULL,NO
dbo,SERVICE_RECEIPT,WORKORDER_SUB_ID,nvarchar,3,NULL,NULL,NO
dbo,UNP_MNT_CALLS,workorder_sub_id,nvarchar,3,NULL,NULL,YES
dbo,V_CONTR_ITEM,WORKORDER_SUB_ID,nvarchar,3,NULL,NULL,YES
dbo,V_SRVC_ORDER,WORKORDER_SUB_ID,nvarchar,3,NULL,NULL,YES
dbo,V_SRVCORD_EXP,WORKORDER_SUB_ID,nvarchar,3,NULL,NULL,YES
dbo,V_SRVCORD_LBR,WORKORDER_SUB_ID,nvarchar,3,NULL,NULL,NO
dbo,V_SRVCORD_MTL,WORKORDER_SUB_ID,nvarchar,3,NULL,NULL,YES
dbo,V_SRVCORD_OPER,WORKORDER_SUB_ID,nvarchar,3,NULL,NULL,NO
dbo,V_SRVCORD_VNDR,WORKORDER_SUB_ID,nvarchar,3,NULL,NULL,YES
dbo,VR_WORKORDER_HDR,WORKORDER_SUB_ID,nvarchar,3,NULL,NULL,YES
dbo,WIP_BALANCE,WORKORDER_SUB_ID,nvarchar,3,NULL,NULL,NO
dbo,WIP_ISSUE_DETAIL,WORKORDER_SUB_ID,nvarchar,3,NULL,NULL,NO
dbo,WIP_ISSUE_DIST,WORKORDER_SUB_ID,nvarchar,3,NULL,NULL,NO
dbo,WIP_LABOR_DETAIL,WORKORDER_SUB_ID,nvarchar,3,NULL,NULL,NO
dbo,WIP_PAYB_DETAIL,WORKORDER_SUB_ID,nvarchar,3,NULL,NULL,NO
dbo,WIP_RECEIPT_DETAIL,WORKORDER_SUB_ID,nvarchar,3,NULL,NULL,NO
dbo,WIP_RECEIPT_DIST,WORKORDER_SUB_ID,nvarchar,3,NULL,NULL,NO
dbo,WIP_SERVICE_DETAIL,WORKORDER_SUB_ID,nvarchar,3,NULL,NULL,NO
dbo,WIP_SPLIT_DETAIL,WORKORDER_SUB_ID,nvarchar,3,NULL,NULL,NO
dbo,WO_SCH_PRIORITY,WORKORDER_SUB_ID,nvarchar,3,NULL,NULL,NO
dbo,WO_SETUP_ATTRIB,WORKORDER_SUB_ID,nvarchar,3,NULL,NULL,NO
dbo,WORK_ORDER_SCHED,WORKORDER_SUB_ID,nvarchar,3,NULL,NULL,NO
dbo,WORK_ORDER_SYNC,WORKORDER_SUB_ID,nvarchar,3,NULL,NULL,NO
dbo,WORKORD_MILESTONE,WORKORDER_SUB_ID,nvarchar,3,NULL,NULL,NO
dbo,WORKORDER_BINARY,WORKORDER_SUB_ID,nvarchar,3,NULL,NULL,NO
dbo,WORKORDER_SUMMARY,WORKORDER_SUB_ID,nvarchar,3,NULL,NULL,NO
dbo,WORKORDER_TRC_CTL,WORKORDER_SUB_ID,nvarchar,3,NULL,NULL,NO
dbo,BUFFER,WORKORDER_TYPE,nchar,1,NULL,NULL,NO
dbo,BUFFER_STAT_WO_LOC,WORKORDER_TYPE,nchar,1,NULL,NULL,NO
dbo,CO_PRODUCT,WORKORDER_TYPE,nchar,1,NULL,NULL,NO
dbo,COST_SIMULATION,WORKORDER_TYPE,nchar,1,NULL,NULL,YES
dbo,DOCUMENT_REF_WO,WORKORDER_TYPE,nchar,1,NULL,NULL,NO
dbo,ECN,WORKORDER_TYPE,nchar,1,NULL,NULL,YES
dbo,EQUIP_BILL_OPTIONS,workorder_type,nvarchar,1,NULL,NULL,YES
dbo,EQUIP_PM_SCHEDULE,workorder_type,nvarchar,1,NULL,NULL,YES
dbo,FEEDING_OPERATIONS,WORKORDER_TYPE,nchar,1,NULL,NULL,NO
dbo,INSPECTION_ORDER,WORKORDER_TYPE,nchar,1,NULL,NULL,YES
dbo,INVENTORY_TRANS,WORKORDER_TYPE,nchar,1,NULL,NULL,YES
dbo,LABOR_TICKET,WORKORDER_TYPE,nchar,1,NULL,NULL,YES
dbo,OP_SETUP_ATTRIB,WORKORDER_TYPE,nchar,1,NULL,NULL,NO
dbo,OPER_SERVICE_COST,WORKORDER_TYPE,nchar,1,NULL,NULL,NO
dbo,OPERATION,WORKORDER_TYPE,nchar,1,NULL,NULL,NO
dbo,OPERATION_AUDIT,WORKORDER_TYPE,nchar,1,NULL,NULL,NO
dbo,OPERATION_BINARY,WORKORDER_TYPE,nchar,1,NULL,NULL,NO
dbo,OPERATION_RESOURCE,WORKORDER_TYPE,nchar,1,NULL,NULL,NO
dbo,OPERATION_SCHED,WORKORDER_TYPE,nchar,1,NULL,NULL,NO
dbo,OPERATION_SUMMARY,WORKORDER_TYPE,nchar,1,NULL,NULL,NO
dbo,PAYABLE_LINE,WORKORDER_TYPE,nchar,1,NULL,NULL,YES
dbo,PROJECT_BUDGET,WORKORDER_TYPE,nchar,1,NULL,NULL,NO
dbo,PROJECT_SUMMARY,WORKORDER_TYPE,nchar,1,NULL,NULL,YES
dbo,QUOTE_LINE,WORKORDER_TYPE,nchar,1,NULL,NULL,YES
dbo,REFERENCE_DESIGNATOR,WORKORDER_TYPE,nchar,1,NULL,NULL,NO
dbo,REQ_PART_ALTERNATE,WORKORDER_TYPE,nchar,1,NULL,NULL,NO
dbo,REQ_TRC_CTL,WORKORDER_TYPE,nchar,1,NULL,NULL,NO
dbo,REQUIREMENT,WORKORDER_TYPE,nchar,1,NULL,NULL,NO
dbo,REQUIREMENT_BINARY,WORKORDER_TYPE,nchar,1,NULL,NULL,NO
dbo,REQUIREMENT_COST,WORKORDER_TYPE,nchar,1,NULL,NULL,NO
dbo,REQUIREMENT_SCHED,WORKORDER_TYPE,nchar,1,NULL,NULL,NO
dbo,REQUIREMENT_SUM,WORKORDER_TYPE,nchar,1,NULL,NULL,NO
dbo,RES_SIMULATION,WORKORDER_TYPE,nchar,1,NULL,NULL,YES
dbo,SER_SIMULATION,WORKORDER_TYPE,nchar,1,NULL,NULL,YES
dbo,SERVICE_DISPATCHED,WORKORDER_TYPE,nchar,1,NULL,NULL,NO
dbo,SERVICE_RECEIPT,WORKORDER_TYPE,nchar,1,NULL,NULL,NO
dbo,UNP_MNT_CALLS,workorder_type,nvarchar,1,NULL,NULL,YES
dbo,V_CONTR_ITEM,WORKORDER_TYPE,nchar,1,NULL,NULL,YES
dbo,V_SRVC_ORDER,WORKORDER_TYPE,nchar,1,NULL,NULL,YES
dbo,V_SRVCORD_EXP,WORKORDER_TYPE,nvarchar,1,NULL,NULL,YES
dbo,V_SRVCORD_LBR,WORKORDER_TYPE,nchar,1,NULL,NULL,NO
dbo,V_SRVCORD_MTL,WORKORDER_TYPE,nchar,1,NULL,NULL,YES
dbo,V_SRVCORD_OPER,WORKORDER_TYPE,nchar,1,NULL,NULL,NO
dbo,V_SRVCORD_VNDR,WORKORDER_TYPE,nvarchar,1,NULL,NULL,YES
dbo,VR_WORKORDER_HDR,WORKORDER_TYPE,nchar,1,NULL,NULL,YES
dbo,WIP_BALANCE,WORKORDER_TYPE,nchar,1,NULL,NULL,NO
dbo,WIP_ISSUE_DETAIL,WORKORDER_TYPE,nchar,1,NULL,NULL,NO
dbo,WIP_ISSUE_DIST,WORKORDER_TYPE,nchar,1,NULL,NULL,NO
dbo,WIP_LABOR_DETAIL,WORKORDER_TYPE,nchar,1,NULL,NULL,NO
dbo,WIP_PAYB_DETAIL,WORKORDER_TYPE,nchar,1,NULL,NULL,NO
dbo,WIP_RECEIPT_DETAIL,WORKORDER_TYPE,nchar,1,NULL,NULL,NO
dbo,WIP_RECEIPT_DIST,WORKORDER_TYPE,nchar,1,NULL,NULL,NO
dbo,WIP_SERVICE_DETAIL,WORKORDER_TYPE,nchar,1,NULL,NULL,NO
dbo,WIP_SPLIT_DETAIL,WORKORDER_TYPE,nchar,1,NULL,NULL,NO
dbo,WO_SCH_PRIORITY,WORKORDER_TYPE,nchar,1,NULL,NULL,NO
dbo,WO_SETUP_ATTRIB,WORKORDER_TYPE,nchar,1,NULL,NULL,NO
dbo,WORK_ORDER_SCHED,WORKORDER_TYPE,nchar,1,NULL,NULL,NO
dbo,WORK_ORDER_SYNC,WORKORDER_TYPE,nchar,1,NULL,NULL,NO
dbo,WORKORD_MILESTONE,WORKORDER_TYPE,nchar,1,NULL,NULL,NO
dbo,WORKORDER_AUDIT,WORKORDER_TYPE,nchar,1,NULL,NULL,NO
dbo,WORKORDER_BINARY,WORKORDER_TYPE,nchar,1,NULL,NULL,NO
dbo,WORKORDER_SUMMARY,WORKORDER_TYPE,nchar,1,NULL,NULL,NO
dbo,WORKORDER_TRC_CTL,WORKORDER_TYPE,nchar,1,NULL,NULL,NO