FK_Name,Table,Column,Referenced_Table,Referenced_Column
FK_ACC_ENTITY_CNTRY,ACCOUNTING_ENTITY,COUNTRY_ID,COUNTRY,ID
FK_ACCT_SITE_ACCT,ACCOUNT_SITE,ACCOUNT_ID,ACCOUNT,ID
FK_ACCT_SITE_SITE,ACCOUNT_SITE,SITE_ID,SITE,ID
FK_ACCTBALDIM_CURR,ACCOUNT_BAL_DIM,CURRENCY_ID,CURRENCY,ID
FK_ACCTBALDIM_SITE,ACCOUNT_BAL_DIM,SITE_ID,SITE,ID
FK_ACCTCHGLOG_00,ACCOUNT_CHG_LOG,ACCOUNT_ID,ACCOUNT,ID
FK_ADJDST_BATCH,ADJUSTMENT_DIST,SITE_ID,JOURNAL_BATCH,SITE_ID
FK_ADJDST_BATCH,ADJUSTMENT_DIST,BATCH_ID,JOURNAL_BATCH,ID
FK_AE_FIN_CAL,ACCOUNTING_ENTITY,CALENDAR_ID,FINANCIAL_CALENDAR,ID
FK_AMTS_PENDING_TRANS_00,AMTS_PENDING_TRANS,DEVIATION_ID,DEVIATION_REASON,ID
FK_ANAL_CFG_TO_DATA_SRC,VR_ANALYTIC_CONFIG,DATA_SOURCE_ID,VR_DATA_SOURCE,ID
FK_ANAL_PROP_TO_ANAL_CFG,VR_ANALYTIC_CONFIG_PROP,ANALYTIC_CONFIG_ID,VR_ANALYTIC_CONFIG,ID
FK_APP_CONFIG_ITEM_TO_APP,APP_CONFIG_ITEM,APP_CONFIG_ID,APP_CONFIG,ID
FK_APP_CONFIG_USER_TO_APP,APP_CONFIG_USER,DEFAULT_APP_CONFIG_ID,APP_CONFIG,ID
FK_APP_GLOBAL_DORID,APPLICATION_GLOBAL,DUE_ON_RECEIPT_ID,TERMS,ID
FK_APP_GLOBAL_TERMS,APPLICATION_GLOBAL,DEF_TERMS_ID,TERMS,ID
FK_BOL_TO_SITE,BOL,SITE_ID,SITE,ID
FK_BURD_DIST_DETAIL_00,BURD_DIST_DETAIL,BURDEN_CATEGORY_ID,COST_CATEGORY,ID
FK_BURD_DIST_DETAIL_01,BURD_DIST_DETAIL,CURRENCY_ID,CURRENCY,ID
FK_BURDEN_DIST_00,BURDEN_DIST,CURRENCY_ID,CURRENCY,ID
FK_BURDEN_DIST_01,BURDEN_DIST,SITE_ID,SITE,ID
FK_BURDEN_DIST_02,BURDEN_DIST,GL_ACCOUNT_ID,ACCOUNT,ID
FK_BURDEN_DIST_03,BURDEN_DIST,SITE_ID,JOURNAL_BATCH,SITE_ID
FK_BURDEN_DIST_03,BURDEN_DIST,BATCH_ID,JOURNAL_BATCH,ID
FK_BURDEN_RULE_00,BURDEN_RULE,BURDEN_GROUP_ID,BURDEN_GROUP,ID
FK_BURDEN_RULE_01,BURDEN_RULE,COST_CATEGORY_ID,COST_CATEGORY,ID
FK_BURDEN_RULE_02,BURDEN_RULE,DEBIT_GL_ACCOUNT,ACCOUNT,ID
FK_BURDEN_RULE_03,BURDEN_RULE,CREDIT_GL_ACCOUNT,ACCOUNT,ID
FK_BURDEN_TRANS_00,BURDEN_TRANS,BURDEN_CATEGORY_ID,COST_CATEGORY,ID
FK_BURDEN_TRANS_01,BURDEN_TRANS,DEPARTMENT_ID,DEPARTMENT,ID
FK_BURDEN_TRANS_02,BURDEN_TRANS,COST_CATEGORY_ID,COST_CATEGORY,ID
FK_CAL_CHANGE_TO_SITE,CALENDAR_CHANGE,SITE_ID,SITE,ID
FK_CAL_WEEK_TO_SITE,CALENDAR_WEEK,SITE_ID,SITE,ID
FK_CARTON_BOL,CARTON,BOL_ID,BOL,ID
FK_CDL_PAYB_VEND,CASH_DISBURSE_LINE,PAYB_VENDOR_ID,VENDOR,ID
FK_CO_LINE_TRX_CAT,CUST_ORDER_LINE,TRANS_CATEGORY_ID,TRANS_CATEGORY,ID
FK_COR_INBOX_ENTRY,COR_INBOX_HEADERS,C_INBOX_ID,COR_INBOX_ENTRY,C_ID
FK_COR_OUTBOX_ENTRY,COR_OUTBOX_HEADERS,C_OUTBOX_ID,COR_OUTBOX_ENTRY,C_ID
FK_COST_CATEGORY_00,COST_CATEGORY,COST_GROUP_ID,COST_GROUP,ID
FK_COST_SIMULATION_00,COST_SIMULATION,SIMULATION_ID,SIMULATION,ID
FK_COST_SIMULATION_01,COST_SIMULATION,PART_ID,PART,ID
FK_CP_SITE_TO_SITE,CASH_PLAN_SITE,SITE_ID,SITE,ID
FK_CRL_RECV_CUST,CASH_RECEIPT_LINE,RECV_CUSTOMER_ID,CUSTOMER,ID
FK_CSH_BKSUM_2SITE,CASH_BOOK_SUMMARY,SITE_ID,SITE,ID
FK_CSH_DSB_LINE_TO_SITE,CASH_DISBURSE_LINE,SITE_ID,SITE,ID
FK_CSH_PLN_CAL,CASH_PLAN,FIN_CAL_ID,FINANCIAL_CALENDAR,ID
FK_CSH_RCPT_LINE_TO_SITE,CASH_RECEIPT_LINE,SITE_ID,SITE,ID
FK_CURR_ENTITY_TO_AE,CURRENCY_ENTITY,ENTITY_ID,ACCOUNTING_ENTITY,ID
FK_CURR_ENTITY_TO_CURR,CURRENCY_ENTITY,CURRENCY_ID,CURRENCY,ID
FK_CURR_EXCH_TO_AE,CURRENCY_EXCHANGE,ENTITY_ID,ACCOUNTING_ENTITY,ID
FK_CUS_ORD_CONT_ID,CUSTOMER_ORDER,CONTACT_ID,CONTACT,ID
FK_CUST_ADDR_CNTRY,CUST_ADDRESS,COUNTRY_ID,COUNTRY,ID
FK_CUST_BANK_CNTRY,CUSTOMER_BANK,COUNTRY_ID,COUNTRY,ID
FK_CUST_BANK_CUST,CUSTOMER_BANK,CUSTOMER_ID,CUSTOMER,ID
FK_CUST_CNTRY,CUSTOMER,COUNTRY_ID,COUNTRY,ID
FK_CUST_CONT_CONT,CUST_CONTACT,CONTACT_ID,CONTACT,ID
FK_CUST_CONT_CUST,CUST_CONTACT,CUSTOMER_ID,CUSTOMER,ID
FK_CUST_FORECAST_TO_SITE,CUSTOMER_FORECAST,SITE_ID,SITE,ID
FK_CUST_GROUP_ID,CUSTOMER,CUSTOMER_GROUP_ID,CUSTOMER_GROUP,ID
FK_CUST_ORD_LINE_TO_SITE,CUST_ORDER_LINE,SITE_ID,SITE,ID
FK_CUST_SHIP_CHG_ACCT_CUST,CUST_SHIP_CHG_ACCT,CUSTOMER_ID,CUSTOMER,ID
FK_CUST_SITE_TO_CUST,CUSTOMER_SITE,CUSTOMER_ID,CUSTOMER,ID
FK_CUST_SITE_TO_SITE,CUSTOMER_SITE,SITE_ID,SITE,ID
FK_CUSTOMER_ENTITY_TO_CUSTOMER,CUSTOMER_ENTITY,CUSTOMER_ID,CUSTOMER,ID
FK_CUSTOMER_ENTITY_TO_ENTITY,CUSTOMER_ENTITY,ENTITY_ID,ACCOUNTING_ENTITY,ID
FK_CUSTOMER_ORDER_TO_SITE,CUSTOMER_ORDER,SITE_ID,SITE,ID
FK_DATA_SRC_COL_TO_DATA_SRC,VR_DATA_SOURCE_COLUMN,DATA_SOURCE_ID,VR_DATA_SOURCE,ID
FK_DATA_SRC_TBL_TO_DATA_SRC,VR_DATA_SOURCE_TABLE,DATA_SOURCE_ID,VR_DATA_SOURCE,ID
FK_DEFAULT_DATA_SITE,DEFAULT_DATA,SITE_ID,SITE,ID
FK_DEMAND_FORECAST_TO_SITE,DEMAND_FORECAST,SITE_ID,SITE,ID
FK_DEPARTMENT_00,DEPARTMENT,MATL_COST_CAT_ID,COST_CATEGORY,ID
FK_DEPARTMENT_01,DEPARTMENT,SERV_COST_CAT_ID,COST_CATEGORY,ID
FK_DEPARTMENT_02,DEPARTMENT,LAB_COST_CAT_ID,COST_CATEGORY,ID
FK_DISCOUNT_PRICE_TO_SITE,DISCOUNT_PRICE,SITE_ID,SITE,ID
FK_DISTRIBUTION_LINE_00,DISTRIBUTION_LINE,DISTRIBUTION_ID,DISTRIBUTION,ID
FK_DSBDST_BATCH,CASH_DISBURSE_DIST,SITE_ID,JOURNAL_BATCH,SITE_ID
FK_DSBDST_BATCH,CASH_DISBURSE_DIST,BATCH_ID,JOURNAL_BATCH,ID
FK_DSL_DEMAND_TO_SITE,DEMAND_SUPPLY_LINK,DEMAND_SITE_ID,SITE,ID
FK_DSL_SUPPLY_TO_SITE,DEMAND_SUPPLY_LINK,SUPPLY_SITE_ID,SITE,ID
FK_EC_GROUP_USER,EC_GROUP_USER,EC_ID,EC,ID
FK_EC_HISTORY,EC_HISTORY,EC_ID,EC,ID
FK_EC_LINE,EC_LINE,EC_ID,EC,ID
FK_EC_LINE_BINARY,EC_LINE_BINARY,EC_ID,EC_LINE,EC_ID
FK_EC_LINE_BINARY,EC_LINE_BINARY,LINE_NO,EC_LINE,LINE_NO
FK_EC_REQUEST,EC_REQUEST,EC_ID,EC,ID
FK_EC_RESPONSE,EC_RESPONSE,EC_ID,EC,ID
FK_ECN_CO_PRODUCT,ECN_CO_PRODUCT,ECN_ID,ECN_DETAIL,ECN_ID
FK_ECN_CO_PRODUCT,ECN_CO_PRODUCT,LINE_NO,ECN_DETAIL,LINE_NO
FK_ECN_CO_PRODUCT,ECN_CO_PRODUCT,ECN_ENTRY_NO,ECN_DETAIL,ENTRY_NO
FK_ECN_OPER_BINARY,ECN_OPER_BINARY,ECN_ID,ECN_OPERATION,ECN_ID
FK_ECN_OPER_BINARY,ECN_OPER_BINARY,LINE_NO,ECN_OPERATION,LINE_NO
FK_ECN_OPER_BINARY,ECN_OPER_BINARY,ECN_ENTRY_NO,ECN_OPERATION,ECN_ENTRY_NO
FK_ECN_OPER_BINARY,ECN_OPER_BINARY,WORKORDER_SUB_ID,ECN_OPERATION,WORKORDER_SUB_ID
FK_ECN_OPER_BINARY,ECN_OPER_BINARY,SEQUENCE_NO,ECN_OPERATION,SEQUENCE_NO
FK_ECN_OPER_RESOURCE,ECN_OPER_RESOURCE,ECN_ID,ECN_DETAIL,ECN_ID
FK_ECN_OPER_RESOURCE,ECN_OPER_RESOURCE,LINE_NO,ECN_DETAIL,LINE_NO
FK_ECN_OPER_RESOURCE,ECN_OPER_RESOURCE,ECN_ENTRY_NO,ECN_DETAIL,ENTRY_NO
FK_ECN_OPERATION,ECN_OPERATION,ECN_ID,ECN_DETAIL,ECN_ID
FK_ECN_OPERATION,ECN_OPERATION,LINE_NO,ECN_DETAIL,LINE_NO
FK_ECN_OPERATION,ECN_OPERATION,ECN_ENTRY_NO,ECN_DETAIL,ENTRY_NO
FK_ECN_REQ_BINARY,ECN_REQ_BINARY,ECN_ID,ECN_REQUIREMENT,ECN_ID
FK_ECN_REQ_BINARY,ECN_REQ_BINARY,LINE_NO,ECN_REQUIREMENT,LINE_NO
FK_ECN_REQ_BINARY,ECN_REQ_BINARY,ECN_ENTRY_NO,ECN_REQUIREMENT,ECN_ENTRY_NO
FK_ECN_REQ_BINARY,ECN_REQ_BINARY,WORKORDER_SUB_ID,ECN_REQUIREMENT,WORKORDER_SUB_ID
FK_ECN_REQ_BINARY,ECN_REQ_BINARY,OPERATION_SEQ_NO,ECN_REQUIREMENT,OPERATION_SEQ_NO
FK_ECN_REQ_BINARY,ECN_REQ_BINARY,PIECE_NO,ECN_REQUIREMENT,PIECE_NO
FK_ECN_REQ_PART_ALT,ECN_REQ_PART_ALT,ECN_ID,ECN_DETAIL,ECN_ID
FK_ECN_REQ_PART_ALT,ECN_REQ_PART_ALT,LINE_NO,ECN_DETAIL,LINE_NO
FK_ECN_REQ_PART_ALT,ECN_REQ_PART_ALT,ECN_ENTRY_NO,ECN_DETAIL,ENTRY_NO
FK_ECN_REQ_REF_DESIG,ECN_REQ_REF_DESIG,ECN_ID,ECN_DETAIL,ECN_ID
FK_ECN_REQ_REF_DESIG,ECN_REQ_REF_DESIG,LINE_NO,ECN_DETAIL,LINE_NO
FK_ECN_REQ_REF_DESIG,ECN_REQ_REF_DESIG,ECN_ENTRY_NO,ECN_DETAIL,ENTRY_NO
FK_ECN_REQUIREMENT,ECN_REQUIREMENT,ECN_ID,ECN_DETAIL,ECN_ID
FK_ECN_REQUIREMENT,ECN_REQUIREMENT,LINE_NO,ECN_DETAIL,LINE_NO
FK_ECN_REQUIREMENT,ECN_REQUIREMENT,ECN_ENTRY_NO,ECN_DETAIL,ENTRY_NO
FK_ECN_WO_BINARY,ECN_WO_BINARY,ECN_ID,ECN_WORKORDER,ECN_ID
FK_ECN_WO_BINARY,ECN_WO_BINARY,LINE_NO,ECN_WORKORDER,LINE_NO
FK_ECN_WO_BINARY,ECN_WO_BINARY,ECN_ENTRY_NO,ECN_WORKORDER,ECN_ENTRY_NO
FK_ECN_WO_BINARY,ECN_WO_BINARY,WORKORDER_SUB_ID,ECN_WORKORDER,WORKORDER_SUB_ID
FK_ECN_WORKORDER,ECN_WORKORDER,ECN_ID,ECN_DETAIL,ECN_ID
FK_ECN_WORKORDER,ECN_WORKORDER,LINE_NO,ECN_DETAIL,LINE_NO
FK_ECN_WORKORDER,ECN_WORKORDER,ECN_ENTRY_NO,ECN_DETAIL,ENTRY_NO
FK_EMP_SITE_TO_SITE,EMPLOYEE_SITE,SITE_ID,SITE,ID
FK_EQUIP_CONT_ID,EQUIPMENT,CONTACT_ID,CONTACT,ID
FK_EQUIPMENT_00,EQUIPMENT,type_id,EQUIP_MODEL,type_id
FK_EQUIPMENT_00,EQUIPMENT,model,EQUIP_MODEL,id
FK_FIN_CAL_MAP,REPORT_CAL_MAP,FIN_CAL_ID,FINANCIAL_CALENDAR,ID
FK_GJLINE_00,GJ_LINE,COST_CATEGORY_ID,COST_CATEGORY,ID
FK_GJLINE_01,GJ_LINE,DEPARTMENT_ID,DEPARTMENT,ID
FK_GJLINE_02,GJ_LINE,PROJECT_ID,PROJECT_INFO,ID
FK_GJLINE_03,GJ_LINE,WBS_CODE,WBS,CODE
FK_GJLINE_03,GJ_LINE,PROJECT_ID,WBS,PROJECT_ID
FK_GL_BURDEN_MAP_00,GL_BURDEN_MAP,DEPARTMENT_ID,DEPARTMENT,ID
FK_GL_BURDEN_MAP_01,GL_BURDEN_MAP,PROJECT_TYPE,PROJECT_TYPE,CODE
FK_GL_BURDEN_MAP_02,GL_BURDEN_MAP,COST_GROUP_ID,COST_GROUP,ID
FK_GL_BURDEN_MAP_03,GL_BURDEN_MAP,DEBIT_GL_ACCOUNT,ACCOUNT,ID
FK_GL_BURDEN_MAP_04,GL_BURDEN_MAP,CREDIT_GL_ACCOUNT,ACCOUNT,ID
FK_GL_BURDEN_MAP_05,GL_BURDEN_MAP,BURDEN_GROUP_ID,BURDEN_GROUP,ID
FK_GOTO_TABLE_COLUMN_TO_GOTO_VMPGM,GOTO_TABLE_COLUMN,GOTO_VMPGM_PROGRAM_ID,GOTO_VMPGM,PROGRAM_ID
FK_GOTO_TABLE_COLUMN_TO_GOTO_VMPGM,GOTO_TABLE_COLUMN,GOTO_VMPGM_GOTO_ID,GOTO_VMPGM,GOTO_ID
FK_GRID_CFG_TO_DATA_SRC,VR_GRID_CONFIG,DATA_SOURCE_ID,VR_DATA_SOURCE,ID
FK_GRID_COL_TO_GRID_CFG,VR_GRID_CONFIG_COLUMN,GRID_CONFIG_ID,VR_GRID_CONFIG,ID
FK_IBT_CONT_ID,IBT,CONTACT_ID,CONTACT,ID
FK_IBT_REC_CONT_ID,IBT_RECEIVER,CONTACT_ID,CONTACT,ID
FK_IBT_RECEIVER_00,IBT_RECEIVER,SHIPPER_ID,IBT_SHIPPER,SHIPPER_ID
FK_IBT_RECEIVER_LINE_00,IBT_RECEIVER_LINE,SHIPPER_ID,IBT_SHIPPER,SHIPPER_ID
FK_IBT_RECEIVER_TO_SITE,IBT_RECEIVER,SITE_ID,SITE,ID
FK_IBT_SHIPPER_TO_SITE,IBT_SHIPPER,SITE_ID,SITE,ID
FK_IBT_SHP_CONT_ID,IBT_SHIPPER,CONTACT_ID,CONTACT,ID
FK_IBT_TO_SITE,IBT,SITE_ID,SITE,ID
FK_INBOX_ERROR_TO_INBOX,INBOX_ERROR,C_INBOX_ID,COR_INBOX_ENTRY,C_ID
FK_INDDST_BATCH,INDIRECT_DIST,SITE_ID,JOURNAL_BATCH,SITE_ID
FK_INDDST_BATCH,INDIRECT_DIST,BATCH_ID,JOURNAL_BATCH,ID
FK_INSTALLMENT_LINE_00,INSTALLMENT_LINE,INSTALLMENT_ID,INSTALLMENT,ID
FK_INSTALLMENT_LINE_00,INSTALLMENT_LINE,INST_TYPE,INSTALLMENT,INST_TYPE
FK_INTRA_ARRIVAL_LINE_00,INTRA_ARRIVAL_LINE,ARRIVAL_CODE,PORT_OF_ARRIVAL,CODE
FK_INTRA_ARRIVAL_LINE_01,INTRA_ARRIVAL_LINE,TRANS_CODE,PORT_OF_TRANS,CODE
FK_INTRA_ARRIVAL_LINE_02,INTRA_ARRIVAL_LINE,FROM_COUNTRY_ID,COUNTRY,ID
FK_INTRA_ARRIVAL_LINE_03,INTRA_ARRIVAL_LINE,ORIG_COUNTRY_ID,COUNTRY,ID
FK_INTRA_ARRIVAL_LINE_04,INTRA_ARRIVAL_LINE,TO_COUNTRY_ID,COUNTRY,ID
FK_INTRA_ARRIVAL_LINE_05,INTRA_ARRIVAL_LINE,REGION_ID,REGION,ID
FK_INTRA_ARRIVAL_LINE_06,INTRA_ARRIVAL_LINE,NATURE_OF_TRANS,NATURE_OF_TRANS,CODE
FK_INTRA_ARRIVAL_LINE_07,INTRA_ARRIVAL_LINE,MODE_OF_TRANSPORT,MODE_OF_TRANSPORT,CODE
FK_INTRA_ARRIVAL_LINE_08,INTRA_ARRIVAL_LINE,TARIFF_CODE,TARIFF,CODE
FK_INTRA_DISPTCH_LINE_00,INTRA_DISPTCH_LINE,ARRIVAL_CODE,PORT_OF_ARRIVAL,CODE
FK_INTRA_DISPTCH_LINE_01,INTRA_DISPTCH_LINE,TRANS_CODE,PORT_OF_TRANS,CODE
FK_INTRA_DISPTCH_LINE_02,INTRA_DISPTCH_LINE,FROM_COUNTRY_ID,COUNTRY,ID
FK_INTRA_DISPTCH_LINE_03,INTRA_DISPTCH_LINE,ORIG_COUNTRY_ID,COUNTRY,ID
FK_INTRA_DISPTCH_LINE_04,INTRA_DISPTCH_LINE,TO_COUNTRY_ID,COUNTRY,ID
FK_INTRA_DISPTCH_LINE_05,INTRA_DISPTCH_LINE,REGION_ID,REGION,ID
FK_INTRA_DISPTCH_LINE_06,INTRA_DISPTCH_LINE,NATURE_OF_TRANS,NATURE_OF_TRANS,CODE
FK_INTRA_DISPTCH_LINE_07,INTRA_DISPTCH_LINE,MODE_OF_TRANSPORT,MODE_OF_TRANSPORT,CODE
FK_INTRA_DISPTCH_LINE_08,INTRA_DISPTCH_LINE,TARIFF_CODE,TARIFF,CODE
FK_INTREC_FROM_CTRY,INTRA_RECEIVR_LINE,FROM_COUNTRY_ID,COUNTRY,ID
FK_INTREC_ORIG_CTRY,INTRA_RECEIVR_LINE,ORIG_COUNTRY_ID,COUNTRY,ID
FK_INTREC_TO_CTRY,INTRA_RECEIVR_LINE,TO_COUNTRY_ID,COUNTRY,ID
FK_INTSHP_FROM_CTRY,INTRA_SHIPPER_LINE,FROM_COUNTRY_ID,COUNTRY,ID
FK_INTSHP_ORIG_CTRY,INTRA_SHIPPER_LINE,ORIG_COUNTRY_ID,COUNTRY,ID
FK_INTSHP_TO_CTRY,INTRA_SHIPPER_LINE,TO_COUNTRY_ID,COUNTRY,ID
FK_INV_TRANS_ISS,INVENTORY_TRANS,ISSUE_REAS_ID,ISSUE_REASON,ID
FK_INVBAL_TO_SITE,INVENTORY_BALANCE,SITE_ID,SITE,ID
FK_INVTRANS_TO_SITE,INVENTORY_TRANS,SITE_ID,SITE,ID
FK_IO_TO_EMP,INSPECTION_ORDER,EMPLOYEE_ID,EMPLOYEE,ID
FK_IO_TO_INV_TRANS,INSPECTION_ORDER,INV_TRANS_ID,INVENTORY_TRANS,TRANSACTION_ID
FK_IO_TO_OP,INSPECTION_ORDER,WORKORDER_TYPE,OPERATION,WORKORDER_TYPE
FK_IO_TO_OP,INSPECTION_ORDER,WORKORDER_BASE_ID,OPERATION,WORKORDER_BASE_ID
FK_IO_TO_OP,INSPECTION_ORDER,WORKORDER_LOT_ID,OPERATION,WORKORDER_LOT_ID
FK_IO_TO_OP,INSPECTION_ORDER,WORKORDER_SPLIT_ID,OPERATION,WORKORDER_SPLIT_ID
FK_IO_TO_OP,INSPECTION_ORDER,WORKORDER_SUB_ID,OPERATION,WORKORDER_SUB_ID
FK_IO_TO_OP,INSPECTION_ORDER,OPERATION_SEQ_NO,OPERATION,SEQUENCE_NO
FK_IO_TO_RCVR_LINE,INSPECTION_ORDER,RECEIVER_ID,RECEIVER_LINE,RECEIVER_ID
FK_IO_TO_RCVR_LINE,INSPECTION_ORDER,RECEIVER_LINE_NO,RECEIVER_LINE,LINE_NO
FK_JOURN_DIM_ACCT,JOURNAL_DIM,ACCOUNT_ID,ACCOUNT,ID
FK_JOURN_DIM_CURR,JOURNAL_DIM,CURRENCY_ID,CURRENCY,ID
FK_JOURN_DIM_SITE,JOURNAL_DIM,SITE_ID,SITE,ID
FK_JRN_BATCH,JOURNAL,SITE_ID,JOURNAL_BATCH,SITE_ID
FK_JRN_BATCH,JOURNAL,BATCH_ID,JOURNAL_BATCH,ID
FK_LABOR_TICKET_00,LABOR_TICKET,DEVIATION_ID,DEVIATION_REASON,ID
FK_LABOR_TICKET_BREAK_00,LABOR_TICKET_BREAK,TRANSACTION_ID,LABOR_TICKET,TRANSACTION_ID
FK_LABORTICKET_TO_SITE,LABOR_TICKET,SITE_ID,SITE,ID
FK_MSTRSCHD_TO_SITE,MASTER_SCHEDULE,SITE_ID,SITE,ID
FK_OPER_TO_SITE,OPERATION,SITE_ID,SITE,ID
FK_OPER_TYPE_BIN_TO_SITE,OPER_TYPE_BINARY,SITE_ID,SITE,ID
FK_OPER_TYPE_RES_TO_SITE,OPER_TYPE_RESOURCE,SITE_ID,SITE,ID
FK_OPER_TYPE_TO_SITE,OPERATION_TYPE,SITE_ID,SITE,ID
FK_PALLET_BOL,PALLET,BOL_ID,BOL,ID
FK_PART_ALIAS_00,PART_ALIAS,TYPE,PART_ALIAS_TYPE,ID
FK_PART_BUF_PROFILE,PART,BUFFER_PROFILE_ID,BUFFER_PROFILE,ID
FK_PART_SITE_BUF_PROFILE,PART_SITE,BUFFER_PROFILE_ID,BUFFER_PROFILE,ID
FK_PART_SITE_TO_PART,PART_SITE,PART_ID,PART,ID
FK_PART_SITE_TO_SITE,PART_SITE,SITE_ID,SITE,ID
FK_PART_WHS_BUF_PROFILE,PART_WAREHOUSE,BUFFER_PROFILE_ID,BUFFER_PROFILE,ID
FK_PAYDST_BATCH,PAYABLE_DIST,SITE_ID,JOURNAL_BATCH,SITE_ID
FK_PAYDST_BATCH,PAYABLE_DIST,BATCH_ID,JOURNAL_BATCH,ID
FK_PLND_ORD_TO_SITE,PLANNED_ORDER,SITE_ID,SITE,ID
FK_PLND_REQ_TO_SITE,PLANNED_MATL_REQ,SITE_ID,SITE,ID
FK_PLNG_BOM_TO_SITE,PLANNING_BOM,SITE_ID,SITE,ID
FK_PLNG_FORECAST_TO_SITE,PLANNING_FORECAST,SITE_ID,SITE,ID
FK_PLNG_MPS_TO_SITE,PLANNING_MPS,SITE_ID,SITE,ID
FK_PLNG_PART_TO_SITE,PLANNING_PART,SITE_ID,SITE,ID
FK_PO_LINE_TRX_CAT,PURC_ORDER_LINE,TRANS_CATEGORY_ID,TRANS_CATEGORY,ID
FK_PROJ_CURR,PROJECT_INFO,CURRENCY_ID,CURRENCY,ID
FK_PROJ_CUST_ORD,PROJECT_INFO,FIXED_RATE_CO_ID,CUSTOMER_ORDER,ID
FK_PROJ_DIST_DETAIL_01,PROJ_DIST_DETAIL,CURRENCY_ID,CURRENCY,ID
FK_PROJ_SUMM_BURD_AMT_00,PROJ_SUMM_BURD_AMT,PROJECT_SUMMARY_ID,PROJECT_SUMMARY,ID
FK_PROJ_SUMM_BURD_AMT_01,PROJ_SUMM_BURD_AMT,COST_CATEGORY_ID,COST_CATEGORY,ID
FK_PROJECT_BUDGET_00,PROJECT_BUDGET,WORKORDER_TYPE,WORK_ORDER,TYPE
FK_PROJECT_BUDGET_00,PROJECT_BUDGET,WORKORDER_BASE_ID,WORK_ORDER,BASE_ID
FK_PROJECT_BUDGET_00,PROJECT_BUDGET,WORKORDER_LOT_ID,WORK_ORDER,LOT_ID
FK_PROJECT_BUDGET_00,PROJECT_BUDGET,WORKORDER_SPLIT_ID,WORK_ORDER,SPLIT_ID
FK_PROJECT_BUDGET_00,PROJECT_BUDGET,WORKORDER_SUB_ID,WORK_ORDER,SUB_ID
FK_PROJECT_BUDGET_01,PROJECT_BUDGET,DEPARTMENT_ID,DEPARTMENT,ID
FK_PROJECT_BUDGET_02,PROJECT_BUDGET,COST_CATEGORY_ID,COST_CATEGORY,ID
FK_PROJECT_BUDGET_03,PROJECT_BUDGET,DISTRIBUTION_ID,DISTRIBUTION,ID
FK_PROJECT_CEILING_00,PROJECT_CEILING,PROJECT_ID,PROJECT_INFO,ID
FK_PROJECT_DIST_01,PROJECT_DIST,CURRENCY_ID,CURRENCY,ID
FK_PROJECT_DIST_02,PROJECT_DIST,SITE_ID,SITE,ID
FK_PROJECT_DIST_03,PROJECT_DIST,GL_ACCOUNT_ID,ACCOUNT,ID
FK_PROJECT_INFO_00,PROJECT_INFO,DEFAULT_WBS_CODE,WBS,CODE
FK_PROJECT_INFO_00,PROJECT_INFO,ID,WBS,PROJECT_ID
FK_PRORATED_LABOR_00,PRORATED_LABOR_TX,TRANSACTION_ID,LABOR_TICKET,TRANSACTION_ID
FK_PUR_ORD_CONT_ID,PURCHASE_ORDER,CONTACT_ID,CONTACT,ID
FK_PUR_REQ_CONT_ID,PURC_REQUISITION,CONTACT_ID,CONTACT,ID
FK_PURC_GROUP_USER_00,PURC_GROUP_USER,PURC_REQ_ID,PURC_REQUISITION,ID
FK_PURC_HISTORY_00,PURC_HISTORY,PURC_REQ_ID,PURC_REQUISITION,ID
FK_PURC_ORD_LINE_TO_SITE,PURC_ORDER_LINE,SITE_ID,SITE,ID
FK_PURC_REQ_BINARY_00,PURC_REQ_BINARY,PURC_REQ_ID,PURC_REQUISITION,ID
FK_PURC_REQ_CURR_00,PURC_REQ_CURR,CURRENCY_ID,CURRENCY,ID
FK_PURC_REQ_CURR_01,PURC_REQ_CURR,PURC_REQ_ID,PURC_REQUISITION,ID
FK_PURC_REQ_LINE_00,PURC_REQ_LINE,PURCHASE_UM,UNITS,UNIT_OF_MEASURE
FK_PURC_REQ_LINE_01,PURC_REQ_LINE,PURC_REQ_ID,PURC_REQUISITION,ID
FK_PURC_REQ_LINE_02,PURC_REQ_LINE,GL_EXPENSE_ACCT_ID,ACCOUNT,ID
FK_PURC_REQ_LN_BINARY_00,PURC_REQ_LN_BINARY,PURC_REQ_ID,PURC_REQ_LINE,PURC_REQ_ID
FK_PURC_REQ_LN_BINARY_00,PURC_REQ_LN_BINARY,PURC_REQ_LINE_NO,PURC_REQ_LINE,LINE_NO
FK_PURC_REQUISITION_00,PURC_REQUISITION,SITE_ID,SITE,ID
FK_PURC_REQUISITION_01,PURC_REQUISITION,SHIPTO_ADDR_NO,SHIPTO_ADDRESS,ADDR_NO
FK_PURC_REQUISITION_02,PURC_REQUISITION,VENDOR_ID,VENDOR,ID
FK_PURC_REQUISITION_03,PURC_REQUISITION,CURRENCY_ID,CURRENCY,ID
FK_PURDST_BATCH,PURCHASE_DIST,SITE_ID,JOURNAL_BATCH,SITE_ID
FK_PURDST_BATCH,PURCHASE_DIST,BATCH_ID,JOURNAL_BATCH,ID
FK_QUOTE_CONT_ID,QUOTE,CONTACT_ID,CONTACT,ID
FK_RATE_DETAIL_00,RATE_DETAIL,RATE_ID,RATE,ID
FK_RATE_DETAIL_01,RATE_DETAIL,COST_CATEGORY_ID,COST_CATEGORY,ID
FK_RCTDST_BATCH,CASH_RECEIPT_DIST,SITE_ID,JOURNAL_BATCH,SITE_ID
FK_RCTDST_BATCH,CASH_RECEIPT_DIST,BATCH_ID,JOURNAL_BATCH,ID
FK_RCVDST_BATCH,RECEIVABLE_DIST,SITE_ID,JOURNAL_BATCH,SITE_ID
FK_RCVDST_BATCH,RECEIVABLE_DIST,BATCH_ID,JOURNAL_BATCH,ID
FK_RECEIVABLE_INST_00,RECEIVABLE_INST,INVOICE_ID,RECEIVABLE,INVOICE_ID
FK_RECEIVER_TO_SITE,RECEIVER,SITE_ID,SITE,ID
FK_RECVR_LINE_BINARY,RECVR_LINE_BINARY,RECEIVER_ID,RECEIVER_LINE,RECEIVER_ID
FK_RECVR_LINE_BINARY,RECVR_LINE_BINARY,RECEIVER_LINE_NO,RECEIVER_LINE,LINE_NO
FK_REQUIREMENT_BINARY_00,REQUIREMENT_BINARY,WORKORDER_TYPE,REQUIREMENT,WORKORDER_TYPE
FK_REQUIREMENT_BINARY_00,REQUIREMENT_BINARY,WORKORDER_BASE_ID,REQUIREMENT,WORKORDER_BASE_ID
FK_REQUIREMENT_BINARY_00,REQUIREMENT_BINARY,WORKORDER_LOT_ID,REQUIREMENT,WORKORDER_LOT_ID
FK_REQUIREMENT_BINARY_00,REQUIREMENT_BINARY,WORKORDER_SPLIT_ID,REQUIREMENT,WORKORDER_SPLIT_ID
FK_REQUIREMENT_BINARY_00,REQUIREMENT_BINARY,WORKORDER_SUB_ID,REQUIREMENT,WORKORDER_SUB_ID
FK_REQUIREMENT_BINARY_00,REQUIREMENT_BINARY,OPERATION_SEQ_NO,REQUIREMENT,OPERATION_SEQ_NO
FK_REQUIREMENT_BINARY_00,REQUIREMENT_BINARY,PIECE_NO,REQUIREMENT,PIECE_NO
FK_RES_SIMULATION_00,RES_SIMULATION,SIMULATION_ID,SIMULATION,ID
FK_RES_SIMULATION_01,RES_SIMULATION,RESOURCE_ID,SHOP_RESOURCE,ID
FK_REVDST_BATCH,REVENUE_DIST,SITE_ID,JOURNAL_BATCH,SITE_ID
FK_REVDST_BATCH,REVENUE_DIST,BATCH_ID,JOURNAL_BATCH,ID
FK_REVENUE_DETAIL_00,REVENUE_DETAIL,PROJECT_ID,PROJECT_INFO,ID
FK_REVENUE_DETAIL_01,REVENUE_DETAIL,CURRENCY_ID,CURRENCY,ID
FK_REVENUE_DETAIL_02,REVENUE_DETAIL,PACKLIST_ID,SHIPPER,PACKLIST_ID
FK_REVENUE_DETAIL_03,REVENUE_DETAIL,INVOICE_ID,RECEIVABLE,INVOICE_ID
FK_REVENUE_DETAIL_04,REVENUE_DETAIL,CUST_ORDER_ID,CUSTOMER_ORDER,ID
FK_REVENUE_DIST_00,REVENUE_DIST,PROJECT_ID,PROJECT_INFO,ID
FK_REVENUE_DIST_01,REVENUE_DIST,CURRENCY_ID,CURRENCY,ID
FK_REVENUE_DIST_03,REVENUE_DIST,GL_ACCOUNT_ID,ACCOUNT,ID
FK_RFQ_VEN_CONT_ID,RFQ_VENDOR,CONTACT_ID,CONTACT,ID
FK_RMA_LINE_DSL_RMA_LINE,RMA_LINE_DSL,RMA_ID,RMA_LINE,RMA_ID
FK_RMA_LINE_DSL_RMA_LINE,RMA_LINE_DSL,RMA_LINE_NO,RMA_LINE,LINE_NO
FK_RMA_TO_SITE,RMA,SITE_ID,SITE,ID
FK_RPT_CAL_MAP,REPORT_CAL_MAP,RPT_CAL_ID,REPORT_CALENDAR,ID
FK_SCHED_TO_SITE,SCHEDULE,SITE_ID,SITE,ID
FK_SER_SIMULATION_00,SER_SIMULATION,SIMULATION_ID,SIMULATION,ID
FK_SER_SIMULATION_01,SER_SIMULATION,SERVICE_ID,SERVICE,ID
FK_SERV_SITE_TO_SERVICE,SERVICE_SITE,SERVICE_ID,SERVICE,ID
FK_SERV_SITE_TO_SITE,SERVICE_SITE,SITE_ID,SITE,ID
FK_SERVICE_RECEIPT_00,SERVICE_RECEIPT,DEPARTMENT_ID,DEPARTMENT,ID
FK_SERVICE_RECEIPT_01,SERVICE_RECEIPT,COST_CATEGORY_ID,COST_CATEGORY,ID
FK_SERVICE_SHIPPING_00,SERVICE_SHIPPING,SERVICE_PART_ID,PART,ID
FK_SERVICE_SHIPPING_01,SERVICE_SHIPPING,SERVICE_ID,SERVICE,ID
FK_SHIPPER_LINK_BOL,SHIPPER_LINK,BOL_ID,BOL,ID
FK_SHIPPER_TO_SITE,SHIPPER,SITE_ID,SITE,ID
FK_SHIPTOADD_CNTRY,SHIPTO_ADDRESS,COUNTRY_ID,COUNTRY,ID
FK_SHOP_RES_SITE_TO_SHOP_RESOURCE,SHOP_RESOURCE_SITE,RESOURCE_ID,SHOP_RESOURCE,ID
FK_SHOP_RES_SITE_TO_SITE,SHOP_RESOURCE_SITE,SITE_ID,SITE,ID
FK_SHPDST_BATCH,SHIPMENT_DIST,SITE_ID,JOURNAL_BATCH,SITE_ID
FK_SHPDST_BATCH,SHIPMENT_DIST,BATCH_ID,JOURNAL_BATCH,ID
FK_SITE_TO_ACC_ENTITY,SITE,ENTITY_ID,ACCOUNTING_ENTITY,ID
FK_SOA_CODE_LIST,SOA_CODE_MAP,LIST_ID,SOA_CODE_LIST,LIST_ID
FK_SOA_CODE_LIST,SOA_CODE_MAP,AGENCY_ID,SOA_CODE_LIST,AGENCY_ID
FK_SOA_CODE_LIST,SOA_CODE_MAP,SOA_CODE,SOA_CODE_LIST,CODE
FK_SOA_DIMENSION,SOA_CODE_LIST,LIST_ID,SOA_DIMENSION,ID
FK_SOA_DIMENSION,SOA_CODE_LIST,AGENCY_ID,SOA_DIMENSION,AGENCY_ID
FK_SPLIT_TRANS_CURR_00,SPLIT_TRANS_CURR,TRANSACTION_ID,SPLIT_TRANS,TRANSACTION_ID
FK_SRVCHARGE_TO_SITE,SERVICE_CHARGE,SITE_ID,SITE,ID
FK_SRVRCPT_TO_SITE,SERVICE_RECEIPT,SITE_ID,SITE,ID
FK_TARE_BOL,TARE,BOL_ID,BOL,ID
FK_TASK_BINARY,TASK_BINARY,TASK_TYPE,TASK,TYPE
FK_TASK_BINARY,TASK_BINARY,TASK_NO,TASK,TASK_NO
FK_TASK_BINARY,TASK_BINARY,SEQ_NO,TASK,SEQ_NO
FK_TASK_REJ_CODE,TASK,REJECT_CODE,TASK_REJ_CODES,CODE
FK_TERMS_INST_00,TERMS_INST,TERMS_ID,TERMS,ID
FK_TRACE_PROF_TO_SITE,TRACE_PROFILE,SITE_ID,SITE,ID
FK_UNP_MNT_CONT_ID,UNP_MNT_CALLS,CONTACT_ID,CONTACT,ID
FK_USAGE_ANAL_TO_SITE,USAGE_ANALYSIS,SITE_ID,SITE,ID
FK_USER_SITE_TO_SITE,USER_SITE,SITE_ID,SITE,ID
FK_VEND_BANK_CNTRY,VENDOR_BANK,COUNTRY_ID,COUNTRY,ID
FK_VEND_BANK_VEND,VENDOR_BANK,VENDOR_ID,VENDOR,ID
FK_VEND_CONT_CONT,VEND_CONTACT,CONTACT_ID,CONTACT,ID
FK_VEND_CONT_VEND,VEND_CONTACT,VENDOR_ID,VENDOR,ID
FK_VEND_GROUP_ID,VENDOR,VENDOR_GROUP_ID,VENDOR_GROUP,ID
FK_VEND_PART_TO_SITE,VENDOR_PART,SITE_ID,SITE,ID
FK_VEND_QUOTE_TO_SITE,VENDOR_QUOTE,SITE_ID,SITE,ID
FK_VEND_SERV_TO_SITE,VENDOR_SERVICE,SITE_ID,SITE,ID
FK_VENDOR_CNTRY,VENDOR,COUNTRY_ID,COUNTRY,ID
FK_VENDOR_ENTITY_TO_CUSTOMER,VENDOR_ENTITY,VENDOR_ID,VENDOR,ID
FK_VENDOR_ENTITY_TO_ENTITY,VENDOR_ENTITY,ENTITY_ID,ACCOUNTING_ENTITY,ID
FK_VENDSERV_QUOTE_TO_SITE,VENDOR_SERV_QUOTE,SITE_ID,SITE,ID
FK_VFO_00006,V_CONTR_TYPE,REV_EXP_ACCT_ID,ACCOUNT,ID
FK_VFO_00012,V_CONTRACT,REV_EXP_ACCT_ID,ACCOUNT,ID
FK_VFO_00013,V_SRVCORD_MTL,WORKORDER_TYPE,WORK_ORDER,TYPE
FK_VFO_00013,V_SRVCORD_MTL,WORKORDER_BASE_ID,WORK_ORDER,BASE_ID
FK_VFO_00013,V_SRVCORD_MTL,WORKORDER_LOT_ID,WORK_ORDER,LOT_ID
FK_VFO_00013,V_SRVCORD_MTL,WORKORDER_SPLIT_ID,WORK_ORDER,SPLIT_ID
FK_VFO_00013,V_SRVCORD_MTL,WORKORDER_SUB_ID,WORK_ORDER,SUB_ID
FK_VFO_00014,V_LEASE_TYPE,LEASE_INT_ACCT,ACCOUNT,ID
FK_VFO_00015,V_LEASE_TYPE,LEASE_REV_ACCT,ACCOUNT,ID
FK_VFO_00020,V_SRVC_ORDER,REV_MTL_ACCT_ID,ACCOUNT,ID
FK_VFO_00021,V_SRVC_ORDER,REV_EXP_ACCT_ID,ACCOUNT,ID
FK_VFO_00022,V_SRVCORD_EXP,EXP_GL_ACCT_ID,ACCOUNT,ID
FK_VFO_00026,V_SRVCORD_MTL,REV_GL_ACCT_ID,ACCOUNT,ID
FK_VFO_00027,V_SRVCORD_VNDR,REV_GL_ACCT_ID,ACCOUNT,ID
FK_VFO_00030,V_SRVCORD_LBR,WORKORDER_TYPE,WORK_ORDER,TYPE
FK_VFO_00030,V_SRVCORD_LBR,WORKORDER_BASE_ID,WORK_ORDER,BASE_ID
FK_VFO_00030,V_SRVCORD_LBR,WORKORDER_LOT_ID,WORK_ORDER,LOT_ID
FK_VFO_00030,V_SRVCORD_LBR,WORKORDER_SPLIT_ID,WORK_ORDER,SPLIT_ID
FK_VFO_00030,V_SRVCORD_LBR,WORKORDER_SUB_ID,WORK_ORDER,SUB_ID
FK_VFO_00031,V_SRVCORD_EXP,COMMODITY_CODE,COMMODITY,CODE
FK_VFO_00032,V_SRVCORD_MTL,COMMODITY_CODE,COMMODITY,CODE
FK_VFO_00033,V_ACCOUNT,COUNTRY_ID,COUNTRY,ID
FK_VFO_00034,V_ADDRESS,COUNTRY_ID,COUNTRY,ID
FK_VFO_00035,V_CONTR_ITEM,WORKORDER_TYPE,WORK_ORDER,TYPE
FK_VFO_00035,V_CONTR_ITEM,WORKORDER_BASE_ID,WORK_ORDER,BASE_ID
FK_VFO_00035,V_CONTR_ITEM,WORKORDER_LOT_ID,WORK_ORDER,LOT_ID
FK_VFO_00035,V_CONTR_ITEM,WORKORDER_SPLIT_ID,WORK_ORDER,SPLIT_ID
FK_VFO_00035,V_CONTR_ITEM,WORKORDER_SUB_ID,WORK_ORDER,SUB_ID
FK_VFO_00036,V_ACCOUNT,CURRENCY_ID,CURRENCY,ID
FK_VFO_00039,V_ACCOUNT,DEF_ACK_ID,VMDI_ACK_CODES,ACK_ID
FK_VFO_00040,V_ACCOUNT,LBL_FORMAT_ID,LABEL_FORMAT,ID
FK_VFO_00041,V_SRVCORD_VNDR,VENDOR_ID,VENDOR,ID
FK_VFO_00045,V_CONTACT,VENDOR_ID,VENDOR,ID
FK_VFO_00047,V_TASK_CONTACT,TASK_ID,V_TASK,ID
FK_VFO_00050,V_SRVC_ORDER,SRVC_TYPE,V_SRVC_TYPE,ID
FK_VFO_00052,V_SRVCORD_VNDR,SRVC_ORDER_ID,V_SRVC_ORDER,ID
FK_VFO_00053,V_CALL,SITE_ID,SITE,ID
FK_VFO_00054,V_CONTR_TYPE,SITE_ID,SITE,ID
FK_VFO_00055,V_CONTRACT,SITE_ID,SITE,ID
FK_VFO_00056,V_SRVC_ORDER,SITE_ID,SITE,ID
FK_VFO_00057,V_SRVCORD_MTL,SRVC_ORDER_ID,V_SRVC_ORDER,ID
FK_VFO_00062,V_SRVCORD_MTL,PART_ID,PART,ID
FK_VFO_00063,V_SRVC_ORDER,PRIORITY_ID,V_PRIORITY,ID
FK_VFO_00065,V_SRVCORD_LBR,SRVC_ORDER_ID,V_SRVC_ORDER,ID
FK_VFO_00069,V_SRVC_ORDER,SRVC_CODE,V_SRVC_CODE,ID
FK_VFO_00070,V_CONTR_TYPE,SLS_TAX_GRP_ID,SALES_TAX_GROUP,ID
FK_VFO_00071,V_CONTRACT,SLS_TAX_GRP_ID,SALES_TAX_GROUP,ID
FK_VFO_00072,V_SRVCORD_MTL,SLS_TAX_GRP_ID,SALES_TAX_GROUP,ID
FK_VFO_00074,V_ADDRESS,DEF_SLS_TAX_GRP_ID,SALES_TAX_GROUP,ID
FK_VFO_00076,V_ADDRESS,DEF_SALESREP_ID,SALES_REP,ID
FK_VFO_00078,V_ACCT_SALESREP,SALESREP_ID,SALES_REP,ID
FK_VFO_00079,V_COMMIS_SHARE,SALESREP_ID,SALES_REP,ID
FK_VFO_00080,V_CONTRACT,SALESREP_ID,SALES_REP,ID
FK_VFO_00081,V_SRVC_ORDER,SALESREP_ID,SALES_REP,ID
FK_VFO_00082,V_CONTR_ITEM,SRVC_CHARGE_ID,SERVICE_CHARGE,ID
FK_VFO_00085,V_SRVCORD_BINARY,SRVC_ORDER_ID,V_SRVC_ORDER,ID
FK_VFO_00087,V_CONTR_ITEM,RESOURCE_ID,SHOP_RESOURCE,ID
FK_VFO_00090,V_ADDRESS,SITE_ID,SITE,ID
FK_VFO_00092,V_CONTR_ITEM,SRVC_UM,UNITS,UNIT_OF_MEASURE
FK_VFO_00093,V_ACCOUNT,PARENT_ACCT_ID,V_ACCOUNT,ID
FK_VFO_00094,V_ACCT_SALESREP,ACCT_ID,V_ACCOUNT,ID
FK_VFO_00095,V_CALL,ACCT_ID,V_ACCOUNT,ID
FK_VFO_00097,V_CONTRACT,ACCT_ID,V_ACCOUNT,ID
FK_VFO_00098,V_HISTORY,ACCT_ID,V_ACCOUNT,ID
FK_VFO_00099,V_SRVC_ORDER,ACCT_ID,V_ACCOUNT,ID
FK_VFO_00101,V_TASK,ACCT_ID,V_ACCOUNT,ID
FK_VFO_00102,V_ADDRESS,ACCT_ID,V_ACCOUNT,ID
FK_VFO_00106,V_ACCOUNT,AREA_ID,V_AREA,ID
FK_VFO_00107,V_SUB_AREA,AREA_ID,V_AREA,ID
FK_VFO_00108,V_EMPLOYEE,SRVC_AREA_ID,V_AREA,ID
FK_VFO_00109,V_ACCOUNT,AREA_ID,V_SUB_AREA,ID
FK_VFO_00109,V_ACCOUNT,SUB_AREA_ID,V_SUB_AREA,AREA_ID
FK_VFO_00110,V_EMPLOYEE,SRVC_SUB_AREA_ID,V_SUB_AREA,ID
FK_VFO_00110,V_EMPLOYEE,SRVC_AREA_ID,V_SUB_AREA,AREA_ID
FK_VFO_00111,V_CALL_BINARY,CALL_ID,V_CALL,ID
FK_VFO_00112,V_CALL_ISSUE,CALL_ID,V_CALL,ID
FK_VFO_00113,V_CALL_RESOLUTION,CALL_ID,V_CALL,ID
FK_VFO_00115,V_CALL_ISS_KEY,CALL_ID,V_CALL_ISSUE,CALL_ID
FK_VFO_00115,V_CALL_ISS_KEY,ISSUE_NO,V_CALL_ISSUE,LINE_NO
FK_VFO_00116,V_CALL_ISSUE,PRIORITY_ID,V_PRIORITY,ID
FK_VFO_00119,V_CALL_RESOLUTION,CALL_ID,V_CALL_ISSUE,CALL_ID
FK_VFO_00119,V_CALL_RESOLUTION,ISSUE_NO,V_CALL_ISSUE,LINE_NO
FK_VFO_00122,V_KEYWORD,PARENT_ID,V_KEYWORD,ID
FK_VFO_00123,V_CALL_RES_KEYS,KEYWORD_ID,V_KEYWORD,ID
FK_VFO_00124,V_CALL_ISS_KEY,KEYWORD_ID,V_KEYWORD,ID
FK_VFO_00125,V_CONTR_CONT,CONTACT_ID,V_CONTACT,ID
FK_VFO_00128,V_TASK_CONTACT,CONTACT_ID,V_CONTACT,ID
FK_VFO_00129,V_CONTR_ITEM_BIN,CONTR_ID,V_CONTR_ITEM,CONTR_ID
FK_VFO_00129,V_CONTR_ITEM_BIN,LINE_NO,V_CONTR_ITEM,ITEM_NO
FK_VFO_00132,V_SRVC_ORDER,ACCT_MGR_ID,V_EMPLOYEE,ID
FK_VFO_00133,V_EMP_MATRIX,RESOURCE_ID,SHOP_RESOURCE,ID
FK_VFO_00134,V_EMP_MATRIX,EMP_ID,V_EMPLOYEE,ID
FK_VFO_00135,V_CONTRACT,CONTR_TYPE,V_CONTR_TYPE,ID
FK_VFO_00137,V_CALL,CONTR_ID,V_CONTRACT,ID
FK_VFO_00138,V_CONTR_BINARY,CONTR_ID,V_CONTRACT,ID
FK_VFO_00139,V_CONTR_CONT,CONTR_ID,V_CONTRACT,ID
FK_VFO_00140,V_CONTR_ITEM,CONTR_ID,V_CONTRACT,ID
FK_VFO_00141,V_CONTRACT,ACCT_MGR_ID,V_EMPLOYEE,ID
FK_VFO_00142,V_SRVC_ORDER,CONTR_ID,V_CONTRACT,ID
FK_VFO_00143,V_CALL_ISSUE,ASSIGNED_TO_ID,V_EMPLOYEE,ID
FK_VFO_00147,V_ADDRESS,AREA_ID,V_AREA,ID
FK_VFO_00148,V_ADDRESS,CONTACT_ID,V_CONTACT,ID
FK_VFO_00150,V_CONTR_ADDR,CONTR_ID,V_CONTRACT,ID
FK_VFO_00151,V_OPPORTUNITY,ACCT_ID,V_ACCOUNT,ID
FK_VFO_00152,V_OPPORTUNITY,AREA_ID,V_AREA,ID
FK_VFO_00153,V_OPPORTUNITY,BRANCH_ID,V_BRANCH,ID
FK_VFO_00154,V_OPPORTUNITY,BUS_UNIT_ID,V_BUSINESS_UNIT,ID
FK_VFO_00156,V_OPPORTUNITY,DIVISION_ID,V_DIVISION,ID
FK_VFO_00158,V_OPPORTUNITY,OPTY_TYPE_ID,V_OPTY_TYPE,ID
FK_VFO_00159,V_OPPORTUNITY,SALESREP_ID,SALES_REP,ID
FK_VFO_00161,V_OPTY_COMPET,OPTY_ID,V_OPPORTUNITY,ID
FK_VFO_00163,V_OPTY_PLAN,STAGE_ID,V_SALES_STAGE,ID
FK_VFO_00164,V_QUOTA,STAGE_ID,V_SALES_STAGE,ID
FK_VFO_00165,V_SRVC_ORDER,FOLLOW_UP_RES_ID,SHOP_RESOURCE,ID
FK_VFO_00167,V_QUOTE_ATTRIB,QUOTE_ID,V_QUOTE_PART,QUOTE_ID
FK_VFO_00167,V_QUOTE_ATTRIB,LINE_NO,V_QUOTE_PART,LINE_NO
FK_VFO_00167,V_QUOTE_ATTRIB,PART_NO,V_QUOTE_PART,PART_NO
FK_VFO_00169,V_QUOTE_ORDER,QUOTE_ID,V_QUOTE,ID
FK_VFO_00175,V_OPPORTUNITY,SALES_PLAN,V_SALES_PLAN,ID
FK_VFO_00176,V_QUOTE,ACCT_ID,V_ACCOUNT,ID
FK_VFO_00177,V_QUOTE,AREA_ID,V_AREA,ID
FK_VFO_00178,V_QUOTE,BRANCH_ID,V_BRANCH,ID
FK_VFO_00179,V_QUOTE,BUS_UNIT_ID,V_BUSINESS_UNIT,ID
FK_VFO_00180,V_QUOTE,CURRENCY_ID,CURRENCY,ID
FK_VFO_00181,V_QUOTE,DISCOUNT_CODE,CUSTOMER_DISCOUNT,DISCOUNT_CODE
FK_VFO_00182,V_QUOTE,DIVISION_ID,V_DIVISION,ID
FK_VFO_00183,V_QUOTE,SITE_ID,SITE,ID
FK_VFO_00184,V_QUOTE,OPTY_ID,V_OPPORTUNITY,ID
FK_VFO_00186,V_QUOTE,SALESREP_ID,SALES_REP,ID
FK_VFO_00187,V_QUOTE,SLS_TAX_GRP_ID,SALES_TAX_GROUP,ID
FK_VFO_00195,V_OPPORTUNITY,SITE_ID,SITE,ID
FK_VFO_00196,V_CATEGORY,KEYWORD_ID,V_KEYWORD,ID
FK_VFO_00197,V_CONTR_ADDR,ADDR_ID,V_ADDRESS,ID
FK_VFO_00198,V_CONTR_PMT,CONTR_ID,V_CONTRACT,ID
FK_VFO_00202,V_CALL,CALLER_ID,V_CONTACT,ID
FK_VFO_00205,V_QUOTE_CONTACT,QUOTE_ID,V_QUOTE,ID
FK_VFO_00206,V_QUOTE_CONTACT,CONTACT_ID,V_CONTACT,ID
FK_VFO_00207,V_SRVCORD_VNDR,CURRENCY_ID,CURRENCY,ID
FK_VFO_00208,V_SRVCORD_VNDR,PO_SRVC_ID,SERVICE,ID
FK_VFO_00209,V_SRVCORD_EXP,EXP_ID,V_EXP_CODE,ID
FK_VFO_00210,V_SRVCORD_EXP,VOUCHER_ID,PAYABLE,VOUCHER_ID
FK_VFO_00211,V_SRVCORD_EXP,CURRENCY_ID,CURRENCY,ID
FK_VFO_00215,V_SRVC_ORDER,CURRENCY_ID,CURRENCY,ID
FK_VFO_00216,V_SRVC_ORDER,PRODUCT_CODE,PRODUCT,CODE
FK_VFO_00217,V_SRVC_ORDER,INVOICE_ID,V_INVOICE,ID
FK_VFO_00218,V_CALL_ISSUE,CATEGORY_ID,V_CATEGORY,ID
FK_VFO_00218,V_CALL_ISSUE,KEYWORD_ID,V_CATEGORY,KEYWORD_ID
FK_VFO_00219,V_CALL_ISSUE,KEYWORD_ID,V_KEYWORD,ID
FK_VFO_00220,V_SRVCORD_OPER,WORKORDER_TYPE,WORK_ORDER,TYPE
FK_VFO_00220,V_SRVCORD_OPER,WORKORDER_BASE_ID,WORK_ORDER,BASE_ID
FK_VFO_00220,V_SRVCORD_OPER,WORKORDER_LOT_ID,WORK_ORDER,LOT_ID
FK_VFO_00220,V_SRVCORD_OPER,WORKORDER_SPLIT_ID,WORK_ORDER,SPLIT_ID
FK_VFO_00220,V_SRVCORD_OPER,WORKORDER_SUB_ID,WORK_ORDER,SUB_ID
FK_VFO_00221,V_SRVCORD_OPER,REV_GL_ACCT_ID,ACCOUNT,ID
FK_VFO_00222,V_SRVCORD_OPER,RESOURCE_ID,SHOP_RESOURCE,ID
FK_VFO_00223,V_SRVCORD_OPER,EMP_ID,V_EMPLOYEE,ID
FK_VFO_00224,V_SRVCORD_OPER,SRVC_ORDER_ID,V_SRVC_ORDER,ID
FK_VFO_00226,V_OPTY_CONTACT,OPTY_ID,V_OPPORTUNITY,ID
FK_VFO_00227,V_OPTY_CONTACT,CONTACT_ID,V_CONTACT,ID
FK_VFO_00228,V_USER,EMP_ID,V_EMPLOYEE,ID
FK_VFO_00229,V_SHOP_RESOURCE,ID,SHOP_RESOURCE,ID
FK_VFO_00230,V_SRVCORD_MTL,WAREHOUSE_ID,LOCATION,WAREHOUSE_ID
FK_VFO_00230,V_SRVCORD_MTL,LOCATION_ID,LOCATION,ID
FK_VFO_00232,V_CALENDAR,ACCT_ID,V_ACCOUNT,ID
FK_VFO_00233,V_CAL_CONTACT,CAL_ID,V_CALENDAR,ID
FK_VFO_00234,V_CAL_CONTACT,CONTACT_ID,V_CONTACT,ID
FK_VFO_00235,V_CAL_BINARY,CAL_ID,V_CALENDAR,ID
FK_VFO_00236,V_QTE_LINE_BINARY,QUOTE_ID,V_QUOTE_LINE,QUOTE_ID
FK_VFO_00236,V_QTE_LINE_BINARY,LINE_NO,V_QUOTE_LINE,LINE_NO
FK_VFO_00237,V_QUOTE_ESTIMATE,QUOTE_ID,V_QUOTE,ID
FK_VFO_00238,V_OPTY_ESTIMATE,OPTY_ID,V_OPPORTUNITY,ID
FK_VFO_00240,V_INVOICE,CURRENCY_ID,CURRENCY,ID
FK_VFO_00241,V_INVOICE_LINE,INVOICE_ID,V_INVOICE,ID
FK_VFO_00242,V_INV_BINARY,INVOICE_ID,V_INVOICE,ID
FK_VFO_00243,V_INV_LN_BINARY,INVOICE_ID,V_INVOICE_LINE,INVOICE_ID
FK_VFO_00243,V_INV_LN_BINARY,LINE_NO,V_INVOICE_LINE,LINE_NO
FK_VFO_00245,V_HISTORY,CATEGORY_ID,V_HISTORY_CATEGORY,ID
FK_VFO_00246,V_SO_MTL_BINARY,SRVC_ORDER_ID,V_SRVCORD_MTL,SRVC_ORDER_ID
FK_VFO_00246,V_SO_MTL_BINARY,LINE_NO,V_SRVCORD_MTL,LINE_NO
FK_VFO_00247,V_SO_OPR_BINARY,SRVC_ORDER_ID,V_SRVCORD_OPER,SRVC_ORDER_ID
FK_VFO_00247,V_SO_OPR_BINARY,LINE_NO,V_SRVCORD_OPER,LINE_NO
FK_VFO_00248,V_SO_EXP_BINARY,SRVC_ORDER_ID,V_SRVCORD_EXP,SRVC_ORDER_ID
FK_VFO_00248,V_SO_EXP_BINARY,LINE_NO,V_SRVCORD_EXP,LINE_NO
FK_VFO_00249,V_SO_VND_BINARY,SRVC_ORDER_ID,V_SRVCORD_VNDR,SRVC_ORDER_ID
FK_VFO_00249,V_SO_VND_BINARY,LINE_NO,V_SRVCORD_VNDR,LINE_NO
FK_VFO_00250,V_SO_LBR_BINARY,SRVC_ORDER_ID,V_SRVCORD_LBR,SRVC_ORDER_ID
FK_VFO_00250,V_SO_LBR_BINARY,LINE_NO,V_SRVCORD_LBR,LINE_NO
FK_VFO_00252,V_EVENT_ATTENDEE,EVENT_ID,V_EVENT,ID
FK_VFO_00253,V_EVENT_ATTENDEE,STAGE_ID,V_EVENT_STAGE,ID
FK_VFO_00254,V_HISTORY,EVENT_ID,V_EVENT,ID
FK_VFO_00255,V_TASK,EVENT_ID,V_EVENT,ID
FK_VFO_00256,V_INST_LINE,INSTALLMENT_ID,V_INST,ID
FK_VFO_00256,V_INST_LINE,INST_TYPE,V_INST,INST_TYPE
FK_VFO_00260,V_ACCT_ENTITY,ENTITY_ID,ACCOUNTING_ENTITY,ID
FK_VFO_00261,V_ACCT_ENTITY,ACCT_ID,V_ACCOUNT,ID
FK_VFO_00262,V_ACCT_SITE,SITE_ID,SITE,ID
FK_VFO_00263,V_ACCT_SITE,ACCT_ID,V_ACCOUNT,ID
FK_VFO_00264,V_ACCT_CONTACT,CONT_ID,V_CONTACT,ID
FK_VFO_00265,V_ACCT_CONTACT,ACCT_ID,V_ACCOUNT,ID
FK_VR_DRILLTO_TO_DS_COL,VR_DATA_SRC_DRILLTO_PARAM,DATA_SOURCE_ID,VR_DATA_SOURCE_COLUMN,DATA_SOURCE_ID
FK_VR_DRILLTO_TO_DS_COL,VR_DATA_SRC_DRILLTO_PARAM,DATA_SOURCE_COLUMN_NAME,VR_DATA_SOURCE_COLUMN,NAME
FK_VR_MENU,VR_MENU_NODE,MENU_ID,VR_MENU,ID
FK_VR_MENU,VR_MENU_NODE,LOCALE,VR_MENU,LOCALE
FK_WAREHOUSE_CNTRY,WAREHOUSE,COUNTRY_ID,COUNTRY,ID
FK_WAREHOUSE_TO_SITE,WAREHOUSE,SITE_ID,SITE,ID
FK_WBS_DEPT_00,WBS,DEF_DEPARTMENT_ID,DEPARTMENT,ID
FK_WIPBAL_TO_SITE,WIP_BALANCE,SITE_ID,SITE,ID
FK_WO_TO_SITE,WORK_ORDER,SITE_ID,SITE,ID
FK_WPIDST_BATCH,WIP_ISSUE_DIST,SITE_ID,JOURNAL_BATCH,SITE_ID
FK_WPIDST_BATCH,WIP_ISSUE_DIST,BATCH_ID,JOURNAL_BATCH,ID
FK_WPRDST_BATCH,WIP_RECEIPT_DIST,SITE_ID,JOURNAL_BATCH,SITE_ID
FK_WPRDST_BATCH,WIP_RECEIPT_DIST,BATCH_ID,JOURNAL_BATCH,ID
FKEY_BUFSTAT_BUF,BUFFER_STATUS,BUFFER_ID,BUFFER,ID
FKEY_BUFSTM_BUFST,BUFFER_STAT_MATL,BUFFER_STATUS_ID,BUFFER_STATUS,ID
FKEY_BUFSTWO_OPER,BUFFER_STAT_WO_LOC,WORKORDER_TYPE,OPERATION,WORKORDER_TYPE
FKEY_BUFSTWO_OPER,BUFFER_STAT_WO_LOC,WORKORDER_BASE_ID,OPERATION,WORKORDER_BASE_ID
FKEY_BUFSTWO_OPER,BUFFER_STAT_WO_LOC,WORKORDER_LOT_ID,OPERATION,WORKORDER_LOT_ID
FKEY_BUFSTWO_OPER,BUFFER_STAT_WO_LOC,WORKORDER_SPLIT_ID,OPERATION,WORKORDER_SPLIT_ID
FKEY_BUFSTWO_OPER,BUFFER_STAT_WO_LOC,WORKORDER_SUB_ID,OPERATION,WORKORDER_SUB_ID
FKEY_BUFSTWO_OPER,BUFFER_STAT_WO_LOC,OPERATION_SEQ_NO,OPERATION,SEQUENCE_NO
FKEY_FEEDOPS_BUF,FEEDING_OPERATIONS,BUFFER_ID,BUFFER,ID
FKEY_FEEDOPS_OPER,FEEDING_OPERATIONS,WORKORDER_TYPE,OPERATION,WORKORDER_TYPE
FKEY_FEEDOPS_OPER,FEEDING_OPERATIONS,WORKORDER_BASE_ID,OPERATION,WORKORDER_BASE_ID
FKEY_FEEDOPS_OPER,FEEDING_OPERATIONS,WORKORDER_LOT_ID,OPERATION,WORKORDER_LOT_ID
FKEY_FEEDOPS_OPER,FEEDING_OPERATIONS,WORKORDER_SPLIT_ID,OPERATION,WORKORDER_SPLIT_ID
FKEY_FEEDOPS_OPER,FEEDING_OPERATIONS,WORKORDER_SUB_ID,OPERATION,WORKORDER_SUB_ID
FKEY_FEEDOPS_OPER,FEEDING_OPERATIONS,OPERATION_SEQ_NO,OPERATION,SEQUENCE_NO
FKEY_ITDT_IN,INV_TRANS_DIST_TRC,IN_TRANS_ID,INVENTORY_TRANS,TRANSACTION_ID
FKEY_ITDT_OUT,INV_TRANS_DIST_TRC,OUT_TRANS_ID,INVENTORY_TRANS,TRANSACTION_ID
FKEY0000,GL_INTERFACE_ACCT,SITE_ID,SITE,ID
FKEY0005,WIP_ISSUE_DIST,SITE_ID,SITE,ID
FKEY0006,WIP_RECEIPT_DIST,SITE_ID,SITE,ID
FKEY0008,SHIPMENT_DIST,SITE_ID,SITE,ID
FKEY0009,PURCHASE_ORDER,SITE_ID,SITE,ID
FKEY0010,PURCHASE_DIST,SITE_ID,SITE,ID
FKEY0011,ADJUSTMENT_DIST,SITE_ID,SITE,ID
FKEY0012,INDIRECT_DIST,SITE_ID,SITE,ID
FKEY0013,QUOTE,SITE_ID,SITE,ID
FKEY0014,ACCOUNT_BALANCE,SITE_ID,SITE,ID
FKEY0015,JOURNAL,SITE_ID,SITE,ID
FKEY0016,ALLOCATION,FROM_SITE_ID,SITE,ID
FKEY0017,ALLOCATION_DETAIL,NUM_SITE_ID,SITE,ID
FKEY0018,ALLOCATION_DETAIL,DIV_SITE_ID,SITE,ID
FKEY0019,ALLOCATION_DETAIL,TRANS_SITE_ID,SITE,ID
FKEY0020,PAYABLE,SITE_ID,SITE,ID
FKEY0021,PAYABLE_DIST,SITE_ID,SITE,ID
FKEY0022,CASH_DISBURSEMENT,SITE_ID,SITE,ID
FKEY0023,CASH_DISBURSE_DIST,SITE_ID,SITE,ID
FKEY0024,RCR_PAYABLE,SITE_ID,SITE,ID
FKEY0025,RECEIVABLE,SITE_ID,SITE,ID
FKEY0026,RECEIVABLE_DIST,SITE_ID,SITE,ID
FKEY0027,CASH_RECEIPT,SITE_ID,SITE,ID
FKEY0028,CASH_RECEIPT_DIST,SITE_ID,SITE,ID
FKEY0029,GL_INTERFACE_ACCT,INTERFACE_ID,GL_INTERFACE,ID
FKEY0030,UNITS_CONVERSION,FROM_UM,UNITS,UNIT_OF_MEASURE
FKEY0032,PART_UNITS_CONV,FROM_UM,UNITS,UNIT_OF_MEASURE
FKEY0034,PART,STOCK_UM,UNITS,UNIT_OF_MEASURE
FKEY0035,PART,WEIGHT_UM,UNITS,UNIT_OF_MEASURE
FKEY0036,REQUIREMENT,USAGE_UM,UNITS,UNIT_OF_MEASURE
FKEY0037,CUST_ORDER_LINE,SELLING_UM,UNITS,UNIT_OF_MEASURE
FKEY0038,PURC_ORDER_LINE,PURCHASE_UM,UNITS,UNIT_OF_MEASURE
FKEY0039,VENDOR_QUOTE,PURCHASE_UM,UNITS,UNIT_OF_MEASURE
FKEY0041,SLS_TAX_GRP_TAX,SALES_TAX_GROUP_ID,SALES_TAX_GROUP,ID
FKEY0042,CUSTOMER,DEF_SLS_TAX_GRP_ID,SALES_TAX_GROUP,ID
FKEY0043,CUST_ADDRESS,DEF_SLS_TAX_GRP_ID,SALES_TAX_GROUP,ID
FKEY0044,CUSTOMER_ORDER,SALES_TAX_GROUP_ID,SALES_TAX_GROUP,ID
FKEY0045,CUST_ORDER_LINE,SALES_TAX_GROUP_ID,SALES_TAX_GROUP,ID
FKEY0046,SLS_TAX_GRP_TAX,SALES_TAX_ID,SALES_TAX,ID
FKEY0047,SALES_TAX_PCT,SALES_TAX_ID,SALES_TAX,ID
FKEY0048,LABOR_TICKET,INDIRECT_ID,INDIRECT,ID
FKEY0049,SALES_REP,EARNING_CODE_ID,EARNING_CODE,ID
FKEY0050,EMPLOYEE,EARNING_CODE_ID,EARNING_CODE,ID
FKEY0051,LABOR_TICKET,EARNING_CODE_ID,EARNING_CODE,ID
FKEY0052,PURCHASE_ORDER,SHIPTO_ADDR_NO,SHIPTO_ADDRESS,ADDR_NO
FKEY0053,OPER_TYPE_RESOURCE,OPERATION_TYPE_ID,OPERATION_TYPE,ID
FKEY0053,OPER_TYPE_RESOURCE,SITE_ID,OPERATION_TYPE,SITE_ID
FKEY0054,OPER_TYPE_BINARY,OPERATION_TYPE_ID,OPERATION_TYPE,ID
FKEY0054,OPER_TYPE_BINARY,SITE_ID,OPERATION_TYPE,SITE_ID
FKEY0056,CURRENCY_EXCHANGE,CURRENCY_ID,CURRENCY,ID
FKEY0058,VENDOR,CURRENCY_ID,CURRENCY,ID
FKEY0059,QUOTE,CURRENCY_ID,CURRENCY,ID
FKEY0060,BANK_ACCOUNT,CURRENCY_ID,CURRENCY,ID
FKEY0061,CUSTOMER_BINARY,CUSTOMER_ID,CUSTOMER,ID
FKEY0062,CUST_ADDRESS,CUSTOMER_ID,CUSTOMER,ID
FKEY0063,CUSTOMER_PRICE,CUSTOMER_ID,CUSTOMER,ID
FKEY0064,CUSTOMER_CONTACT,CUSTOMER_ID,CUSTOMER,ID
FKEY0065,CUSTOMER_ORDER,CUSTOMER_ID,CUSTOMER,ID
FKEY0066,QUOTE,CUSTOMER_ID,CUSTOMER,ID
FKEY0067,RECEIVABLE,CUSTOMER_ID,CUSTOMER,ID
FKEY0068,CASH_RECEIPT,CUSTOMER_ID,CUSTOMER,ID
FKEY0069,CUSTOMER,DISCOUNT_CODE,CUSTOMER_DISCOUNT,DISCOUNT_CODE
FKEY0070,CUST_ADDRESS,DISCOUNT_CODE,CUSTOMER_DISCOUNT,DISCOUNT_CODE
FKEY0071,DISCOUNT_PRICE,DISCOUNT_CODE,CUSTOMER_DISCOUNT,DISCOUNT_CODE
FKEY0072,SALES_REP,VENDOR_ID,VENDOR,ID
FKEY0073,VENDOR_BINARY,VENDOR_ID,VENDOR,ID
FKEY0074,VENDOR_ADDRESS,VENDOR_ID,VENDOR,ID
FKEY0075,VENDOR_CONTACT,VENDOR_ID,VENDOR,ID
FKEY0076,PART,PREF_VENDOR_ID,VENDOR,ID
FKEY0077,SERVICE,VENDOR_ID,VENDOR,ID
FKEY0078,REQUIREMENT,VENDOR_ID,VENDOR,ID
FKEY0079,PURCHASE_ORDER,VENDOR_ID,VENDOR,ID
FKEY0080,VENDOR_PART,VENDOR_ID,VENDOR,ID
FKEY0081,VENDOR_QUOTE,VENDOR_ID,VENDOR,ID
FKEY0082,PAYABLE,VENDOR_ID,VENDOR,ID
FKEY0083,CASH_DISBURSEMENT,VENDOR_ID,VENDOR,ID
FKEY0084,RCR_PAYABLE,VENDOR_ID,VENDOR,ID
FKEY0085,SALES_REP,EMPLOYEE_ID,EMPLOYEE,ID
FKEY0086,LABOR_TICKET,EMPLOYEE_ID,EMPLOYEE,ID
FKEY0087,TEST_RESULT,EMPLOYEE_ID,EMPLOYEE,ID
FKEY0088,CUSTOMER_PRICE,PART_ID,PART,ID
FKEY0089,DISCOUNT_PRICE,PART_ID,PART,ID
FKEY0090,PART_BINARY,PART_ID,PART,ID
FKEY0091,PART_UNITS_CONV,PART_ID,PART,ID
FKEY0092,PART_LOCATION,PART_ID,PART,ID
FKEY0093,WORK_ORDER,PART_ID,PART,ID
FKEY0094,CO_PRODUCT,PART_ID,PART,ID
FKEY0095,REQUIREMENT,PART_ID,PART,ID
FKEY0096,MASTER_SCHEDULE,PART_ID,PART,ID
FKEY0097,DEMAND_FORECAST,PART_ID,PART,ID
FKEY0098,PLANNED_ORDER,PART_ID,PART,ID
FKEY0100,CUST_ORDER_LINE,PART_ID,PART,ID
FKEY0101,PURC_ORDER_LINE,PART_ID,PART,ID
FKEY0102,VENDOR_PART,PART_ID,PART,ID
FKEY0103,PHYS_COUNT_TAG,PART_ID,PART,ID
FKEY0104,QUOTE_LINE,PART_ID,PART,ID
FKEY0105,WORK_ORDER_SCHED,PART_ID,PART,ID
FKEY0106,REQUIREMENT_SCHED,PART_ID,PART,ID
FKEY0107,TRACE_PROFILE,SITE_ID,PART_SITE,SITE_ID
FKEY0107,TRACE_PROFILE,PART_ID,PART_SITE,PART_ID
FKEY0108,TRACE,PART_ID,PART,ID
FKEY0109,SERIES_MODEL_PART,PART_ID,PART,ID
FKEY0110,SALES_CODE_ENG,PART_ID,PART,ID
FKEY0111,CYCLE_COUNT_PART,PART_ID,PART,ID
FKEY0112,OPERATION_TYPE,SERVICE_ID,SERVICE,ID
FKEY0113,SERVICE_BINARY,SERVICE_ID,SERVICE,ID
FKEY0114,OPERATION,SERVICE_ID,SERVICE,ID
FKEY0115,PURC_ORDER_LINE,SERVICE_ID,SERVICE,ID
FKEY0116,SERVICE_RECEIPT,SERVICE_ID,SERVICE,ID
FKEY0117,LOCATION,WAREHOUSE_ID,WAREHOUSE,ID
FKEY0118,PHYS_COUNT_TAG,WAREHOUSE_ID,WAREHOUSE,ID
FKEY0119,PART_LOCATION,WAREHOUSE_ID,LOCATION,WAREHOUSE_ID
FKEY0119,PART_LOCATION,LOCATION_ID,LOCATION,ID
FKEY0120,OPERATION,RESOURCE_ID,SHOP_RESOURCE,ID
FKEY0121,OPERATION_TYPE,RESOURCE_ID,SHOP_RESOURCE,ID
FKEY0122,OPER_TYPE_RESOURCE,RESOURCE_ID,SHOP_RESOURCE,ID
FKEY0123,SHOP_GROUP,GROUP_RESOURCE_ID,SHOP_RESOURCE,ID
FKEY0124,SHOP_GROUP,SUB_RESOURCE_ID,SHOP_RESOURCE,ID
FKEY0125,SHOP_VIEW,RESOURCE_ID,SHOP_RESOURCE,ID
FKEY0126,CALENDAR_CHANGE,RESOURCE_ID,SHOP_RESOURCE,ID
FKEY0127,CALENDAR_WEEK,RESOURCE_ID,SHOP_RESOURCE,ID
FKEY0128,OPERATION_RESOURCE,RESOURCE_ID,SHOP_RESOURCE,ID
FKEY0129,LABOR_TICKET,RESOURCE_ID,SHOP_RESOURCE,ID
FKEY0130,RESOURCE_SCHED,RESOURCE_ID,SHOP_RESOURCE,ID
FKEY0131,OPERATION_SCHED,RESOURCE_ID,SHOP_RESOURCE,ID
FKEY0132,OPERATION,WORKORDER_TYPE,WORK_ORDER,TYPE
FKEY0132,OPERATION,WORKORDER_BASE_ID,WORK_ORDER,BASE_ID
FKEY0132,OPERATION,WORKORDER_LOT_ID,WORK_ORDER,LOT_ID
FKEY0132,OPERATION,WORKORDER_SPLIT_ID,WORK_ORDER,SPLIT_ID
FKEY0132,OPERATION,WORKORDER_SUB_ID,WORK_ORDER,SUB_ID
FKEY0133,REQUIREMENT,WORKORDER_TYPE,WORK_ORDER,TYPE
FKEY0133,REQUIREMENT,WORKORDER_BASE_ID,WORK_ORDER,BASE_ID
FKEY0133,REQUIREMENT,WORKORDER_LOT_ID,WORK_ORDER,LOT_ID
FKEY0133,REQUIREMENT,WORKORDER_SPLIT_ID,WORK_ORDER,SPLIT_ID
FKEY0133,REQUIREMENT,SUBORD_WO_SUB_ID,WORK_ORDER,SUB_ID
FKEY0134,WORKORDER_BINARY,WORKORDER_TYPE,WORK_ORDER,TYPE
FKEY0134,WORKORDER_BINARY,WORKORDER_BASE_ID,WORK_ORDER,BASE_ID
FKEY0134,WORKORDER_BINARY,WORKORDER_LOT_ID,WORK_ORDER,LOT_ID
FKEY0134,WORKORDER_BINARY,WORKORDER_SPLIT_ID,WORK_ORDER,SPLIT_ID
FKEY0134,WORKORDER_BINARY,WORKORDER_SUB_ID,WORK_ORDER,SUB_ID
FKEY0136,CO_PRODUCT,WORKORDER_TYPE,WORK_ORDER,TYPE
FKEY0136,CO_PRODUCT,WORKORDER_BASE_ID,WORK_ORDER,BASE_ID
FKEY0136,CO_PRODUCT,WORKORDER_LOT_ID,WORK_ORDER,LOT_ID
FKEY0136,CO_PRODUCT,WORKORDER_SPLIT_ID,WORK_ORDER,SPLIT_ID
FKEY0136,CO_PRODUCT,WORKORDER_SUB_ID,WORK_ORDER,SUB_ID
FKEY0138,OPERATION_BINARY,WORKORDER_TYPE,OPERATION,WORKORDER_TYPE
FKEY0138,OPERATION_BINARY,WORKORDER_BASE_ID,OPERATION,WORKORDER_BASE_ID
FKEY0138,OPERATION_BINARY,WORKORDER_LOT_ID,OPERATION,WORKORDER_LOT_ID
FKEY0138,OPERATION_BINARY,WORKORDER_SPLIT_ID,OPERATION,WORKORDER_SPLIT_ID
FKEY0138,OPERATION_BINARY,WORKORDER_SUB_ID,OPERATION,WORKORDER_SUB_ID
FKEY0138,OPERATION_BINARY,SEQUENCE_NO,OPERATION,SEQUENCE_NO
FKEY0139,OPERATION_RESOURCE,WORKORDER_TYPE,OPERATION,WORKORDER_TYPE
FKEY0139,OPERATION_RESOURCE,WORKORDER_BASE_ID,OPERATION,WORKORDER_BASE_ID
FKEY0139,OPERATION_RESOURCE,WORKORDER_LOT_ID,OPERATION,WORKORDER_LOT_ID
FKEY0139,OPERATION_RESOURCE,WORKORDER_SPLIT_ID,OPERATION,WORKORDER_SPLIT_ID
FKEY0139,OPERATION_RESOURCE,WORKORDER_SUB_ID,OPERATION,WORKORDER_SUB_ID
FKEY0139,OPERATION_RESOURCE,SEQUENCE_NO,OPERATION,SEQUENCE_NO
FKEY0140,REQUIREMENT_COST,WORKORDER_TYPE,REQUIREMENT,WORKORDER_TYPE
FKEY0140,REQUIREMENT_COST,WORKORDER_BASE_ID,REQUIREMENT,WORKORDER_BASE_ID
FKEY0140,REQUIREMENT_COST,WORKORDER_LOT_ID,REQUIREMENT,WORKORDER_LOT_ID
FKEY0140,REQUIREMENT_COST,WORKORDER_SPLIT_ID,REQUIREMENT,WORKORDER_SPLIT_ID
FKEY0140,REQUIREMENT_COST,WORKORDER_SUB_ID,REQUIREMENT,WORKORDER_SUB_ID
FKEY0140,REQUIREMENT_COST,OPERATION_SEQ_NO,REQUIREMENT,OPERATION_SEQ_NO
FKEY0140,REQUIREMENT_COST,REQ_PIECE_NO,REQUIREMENT,PIECE_NO
FKEY0153,SHIPMENT_DIST,CUST_ORDER_ID,CUSTOMER_ORDER,ID
FKEY0154,CUST_ORDER_SHARE,CUST_ORDER_ID,CUSTOMER_ORDER,ID
FKEY0155,CUST_ORDER_BINARY,CUST_ORDER_ID,CUSTOMER_ORDER,ID
FKEY0156,CUST_ORDER_LINE,CUST_ORDER_ID,CUSTOMER_ORDER,ID
FKEY0157,SHIPPER,CUST_ORDER_ID,CUSTOMER_ORDER,ID
FKEY0158,QUOTE_ORDER,CUST_ORDER_ID,CUSTOMER_ORDER,ID
FKEY0161,SHIPPER_LINE,CUST_ORDER_ID,CUST_ORDER_LINE,CUST_ORDER_ID
FKEY0161,SHIPPER_LINE,CUST_ORDER_LINE_NO,CUST_ORDER_LINE,LINE_NO
FKEY0163,SHIPPER_LINE,PACKLIST_ID,SHIPPER,PACKLIST_ID
FKEY0164,PURC_ORDER_BINARY,PURC_ORDER_ID,PURCHASE_ORDER,ID
FKEY0165,PURC_ORDER_LINE,PURC_ORDER_ID,PURCHASE_ORDER,ID
FKEY0166,PURCHASE_DIST,PURC_ORDER_ID,PURCHASE_ORDER,ID
FKEY0167,RECEIVER,PURC_ORDER_ID,PURCHASE_ORDER,ID
FKEY0168,PURC_LINE_DEL,PURC_ORDER_ID,PURC_ORDER_LINE,PURC_ORDER_ID
FKEY0168,PURC_LINE_DEL,PURC_ORDER_LINE_NO,PURC_ORDER_LINE,LINE_NO
FKEY0169,PURC_LINE_BINARY,PURC_ORDER_ID,PURC_ORDER_LINE,PURC_ORDER_ID
FKEY0169,PURC_LINE_BINARY,PURC_ORDER_LINE_NO,PURC_ORDER_LINE,LINE_NO
FKEY0171,RECEIVER_LINE,PURC_ORDER_ID,PURC_ORDER_LINE,PURC_ORDER_ID
FKEY0171,RECEIVER_LINE,PURC_ORDER_LINE_NO,PURC_ORDER_LINE,LINE_NO
FKEY0172,RECEIVER_LINE,RECEIVER_ID,RECEIVER,ID
FKEY0173,INV_TRANS_DIST,IN_TRANS_ID,INVENTORY_TRANS,TRANSACTION_ID
FKEY0174,INV_TRANS_DIST,OUT_TRANS_ID,INVENTORY_TRANS,TRANSACTION_ID
FKEY0176,PHYS_COUNT_TAG,PHYS_COUNT_ID,PHYSICAL_COUNT,ID
FKEY0177,PHYS_TRACE_COUNT,PHYS_COUNT_ID,PHYS_COUNT_TAG,PHYS_COUNT_ID
FKEY0177,PHYS_TRACE_COUNT,TAG_NO,PHYS_COUNT_TAG,TAG_NO
FKEY0178,QUOTE_ORDER,QUOTE_ID,QUOTE,ID
FKEY0179,QUOTE_BINARY,QUOTE_ID,QUOTE,ID
FKEY0180,QUOTE_LINE,QUOTE_ID,QUOTE,ID
FKEY0181,QUOTE_LINE_BINARY,QUOTE_ID,QUOTE_LINE,QUOTE_ID
FKEY0181,QUOTE_LINE_BINARY,QUOTE_LINE_NO,QUOTE_LINE,LINE_NO
FKEY0182,QUOTE_PRICE,QUOTE_ID,QUOTE_LINE,QUOTE_ID
FKEY0182,QUOTE_PRICE,QUOTE_LINE_NO,QUOTE_LINE,LINE_NO
FKEY0183,QUOTED_OPTIONS,QUOTE_ID,QUOTE_LINE,QUOTE_ID
FKEY0183,QUOTED_OPTIONS,QUOTE_LINE_NO,QUOTE_LINE,LINE_NO
FKEY0185,RESOURCE_SCHED,SCHEDULE_ID,SCHEDULE,ID
FKEY0186,OPERATION_SCHED,SCHEDULE_ID,SCHEDULE,ID
FKEY0187,REQUIREMENT_SCHED,SCHEDULE_ID,SCHEDULE,ID
FKEY0188,OPERATION_SCHED,SCHEDULE_ID,WORK_ORDER_SCHED,SCHEDULE_ID
FKEY0188,OPERATION_SCHED,WORKORDER_TYPE,WORK_ORDER_SCHED,WORKORDER_TYPE
FKEY0188,OPERATION_SCHED,WORKORDER_BASE_ID,WORK_ORDER_SCHED,WORKORDER_BASE_ID
FKEY0188,OPERATION_SCHED,WORKORDER_LOT_ID,WORK_ORDER_SCHED,WORKORDER_LOT_ID
FKEY0188,OPERATION_SCHED,WORKORDER_SPLIT_ID,WORK_ORDER_SCHED,WORKORDER_SPLIT_ID
FKEY0188,OPERATION_SCHED,WORKORDER_SUB_ID,WORK_ORDER_SCHED,WORKORDER_SUB_ID
FKEY0190,ACCOUNT_GROUP,ACCOUNT_ID,ACCOUNT,ID
FKEY0192,JOURNAL,ACCOUNT_ID,ACCOUNT,ID
FKEY0193,GL_INTERFACE_ACCT,GL_ACCOUNT_ID,ACCOUNT,ID
FKEY0194,WIP_ISSUE_DIST,GL_ACCOUNT_ID,ACCOUNT,ID
FKEY0195,WIP_RECEIPT_DIST,GL_ACCOUNT_ID,ACCOUNT,ID
FKEY0196,SHIPMENT_DIST,GL_ACCOUNT_ID,ACCOUNT,ID
FKEY0197,PURCHASE_DIST,GL_ACCOUNT_ID,ACCOUNT,ID
FKEY0198,ADJUSTMENT_DIST,GL_ACCOUNT_ID,ACCOUNT,ID
FKEY0199,INDIRECT_DIST,GL_ACCOUNT_ID,ACCOUNT,ID
FKEY0200,BANK_ACCOUNT,GL_ACCOUNT_ID,ACCOUNT,ID
FKEY0201,PAYABLE_DIST,GL_ACCOUNT_ID,ACCOUNT,ID
FKEY0202,CASH_DISBURSE_DIST,GL_ACCOUNT_ID,ACCOUNT,ID
FKEY0203,RECEIVABLE_DIST,GL_ACCOUNT_ID,ACCOUNT,ID
FKEY0204,CASH_RECEIPT_DIST,GL_ACCOUNT_ID,ACCOUNT,ID
FKEY0217,ALLOCATION_DETAIL,ALLOC_ID,ALLOCATION,ID
FKEY0218,REPORT_LINE,REPORT_ID,REPORT,ID
FKEY0219,CASH_DISBURSEMENT,BANK_ACCOUNT_ID,BANK_ACCOUNT,ID
FKEY0220,CASH_RECEIPT,BANK_ACCOUNT_ID,BANK_ACCOUNT,ID
FKEY0221,BANK_DEPOSIT,BANK_ACCOUNT_ID,BANK_ACCOUNT,ID
FKEY0222,BANK_ADJUSTMENT,BANK_ACCOUNT_ID,BANK_ACCOUNT,ID
FKEY0223,PAYABLE_LINE,VOUCHER_ID,PAYABLE,VOUCHER_ID
FKEY0224,PAYABLE_DIST,VOUCHER_ID,PAYABLE,VOUCHER_ID
FKEY0225,CREDIT_MEMO_APPLY,INV_VOUCHER_ID,PAYABLE,VOUCHER_ID
FKEY0226,CREDIT_MEMO_APPLY,MEMO_VOUCHER_ID,PAYABLE,VOUCHER_ID
FKEY0227,CASH_DISBURSE_LINE,VOUCHER_ID,PAYABLE,VOUCHER_ID
FKEY0228,CASH_DISBURSE_LINE,BANK_ACCOUNT_ID,CASH_DISBURSEMENT,BANK_ACCOUNT_ID
FKEY0228,CASH_DISBURSE_LINE,CONTROL_NO,CASH_DISBURSEMENT,CONTROL_NO
FKEY0229,CASH_DISBURSE_DIST,BANK_ACCOUNT_ID,CASH_DISBURSEMENT,BANK_ACCOUNT_ID
FKEY0229,CASH_DISBURSE_DIST,CONTROL_NO,CASH_DISBURSEMENT,CONTROL_NO
FKEY0230,RCR_PAYABLE_LINE,RCR_PAYABLE_ID,RCR_PAYABLE,ID
FKEY0231,RECEIVABLE_LINE,INVOICE_ID,RECEIVABLE,INVOICE_ID
FKEY0232,RECEIVABLE_BINARY,INVOICE_ID,RECEIVABLE,INVOICE_ID
FKEY0233,RECEIVABLE_DIST,INVOICE_ID,RECEIVABLE,INVOICE_ID
FKEY0234,RECV_MEMO_APPLY,INV_INVOICE_ID,RECEIVABLE,INVOICE_ID
FKEY0235,RECV_MEMO_APPLY,MEMO_INVOICE_ID,RECEIVABLE,INVOICE_ID
FKEY0236,RECV_LINE_BINARY,INVOICE_ID,RECEIVABLE_LINE,INVOICE_ID
FKEY0236,RECV_LINE_BINARY,RECV_LINE_NO,RECEIVABLE_LINE,LINE_NO
FKEY0237,CASH_RECEIPT_LINE,CUSTOMER_ID,CASH_RECEIPT,CUSTOMER_ID
FKEY0237,CASH_RECEIPT_LINE,CHECK_ID,CASH_RECEIPT,CHECK_ID
FKEY0238,CASH_RECEIPT_DIST,CUSTOMER_ID,CASH_RECEIPT,CUSTOMER_ID
FKEY0238,CASH_RECEIPT_DIST,CHECK_ID,CASH_RECEIPT,CHECK_ID
FKEY0239,TRACE_PROFILE,NUMBERING_ID,TRACE_NUMBERING,ID
FKEY0241,TRACE_INV_TRANS,PART_ID,TRACE,PART_ID
FKEY0241,TRACE_INV_TRANS,TRACE_ID,TRACE,ID
FKEY0242,TRACE_LABOR_TRANS,PART_ID,TRACE,PART_ID
FKEY0242,TRACE_LABOR_TRANS,TRACE_ID,TRACE,ID
FKEY0243,SALES_CODE_ENG,SERIES_ID,SERIES_MODEL_PART,SERIES_ID
FKEY0243,SALES_CODE_ENG,MODEL_ID,SERIES_MODEL_PART,MODEL_ID
FKEY0243,SALES_CODE_ENG,SITE_ID,SERIES_MODEL_PART,SITE_ID
FKEY0244,TEST_STEP,TEST_ID,TEST,ID
FKEY0245,TEST_BINARY,TEST_ID,TEST,ID
FKEY0246,TEST_STEP_BINARY,TEST_ID,TEST_STEP,TEST_ID
FKEY0246,TEST_STEP_BINARY,STEP_NO,TEST_STEP,STEP_NO
FKEY0247,TEST_RESULT,TEST_ID,TEST_STEP,TEST_ID
FKEY0247,TEST_RESULT,STEP_NO,TEST_STEP,STEP_NO
FKEY0248,APPLICATION_LINK,GROUP_ID,APPLICATION_GROUP,GROUP_ID
FKEY0248,APPLICATION_LINK,LANGUAGE_ID,APPLICATION_GROUP,LANGUAGE_ID
FKEY0249,APPLICATION_LINK,PROGRAM_ID,APPLICATION,PROGRAM_ID
FKEY0249,APPLICATION_LINK,LANGUAGE_ID,APPLICATION,LANGUAGE_ID
FKEY0250,RFQ_BINARY,RFQ_ID,REQUEST_FOR_QUOTE,ID
FKEY0251,RFQ_VENDOR,RFQ_ID,REQUEST_FOR_QUOTE,ID
FKEY0252,RFQ_LINE,RFQ_ID,REQUEST_FOR_QUOTE,ID
FKEY0255,INDIRECT,GL_ACCOUNT_ID,ACCOUNT,ID
FKEY0256,SALES_REP_SHARE,SHARE_SALESREP_ID,SALES_REP,ID
FKEY0257,SHIFT_DAY,SHIFT_ID,SHIFT,ID
FKEY0258,OPERATION_TYPE,TEST_ID,TEST,ID
FKEY0259,CUST_ADDRESS,SALESREP_ID,SALES_REP,ID
FKEY0260,CUSTOMER_PRICE,SELLING_UM,UNITS,UNIT_OF_MEASURE
FKEY0261,DISCOUNT_PRICE,SELLING_UM,UNITS,UNIT_OF_MEASURE
FKEY0262,VENDOR,DEF_EXP_GL_ACCT_ID,ACCOUNT,ID
FKEY0263,EMPLOYEE,SHIFT_ID,SHIFT,ID
FKEY0264,PART_SITE,INSPECT_WHS_ID,LOCATION,WAREHOUSE_ID
FKEY0264,PART_SITE,INSPECT_LOC_ID,LOCATION,ID
FKEY0265,PART_LOCATION,HOLD_REASON_ID,HOLD_REASON,ID
FKEY0266,SHOP_RESOURCE,AFB_GL_ACCT_ID,ACCOUNT,ID
FKEY0267,CALENDAR_CHANGE,SCHEDULE_ID,SCHEDULE,ID
FKEY0268,CALENDAR_WEEK,SCHEDULE_ID,SCHEDULE,ID
FKEY0269,OPERATION,OPERATION_TYPE,OPERATION_TYPE,ID
FKEY0269,OPERATION,SITE_ID,OPERATION_TYPE,SITE_ID
FKEY0270,CUST_ORDER_SHARE,SHARE_SALESREP_ID,SALES_REP,ID
FKEY0271,CUST_ORDER_LINE,SER_GL_ACCT_ID,ACCOUNT,ID
FKEY0272,PURC_ORDER_LINE,GL_EXPENSE_ACCT_ID,ACCOUNT,ID
FKEY0273,INVENTORY_TRANS,GL_ADJ_ACCT_ID,ACCOUNT,ID
FKEY0274,SERVICE_RECEIPT,PURC_ORDER_ID,PURC_ORDER_LINE,PURC_ORDER_ID
FKEY0274,SERVICE_RECEIPT,PURC_ORDER_LINE_NO,PURC_ORDER_LINE,LINE_NO
FKEY0275,QUOTE,DISCOUNT_CODE,CUSTOMER_DISCOUNT,DISCOUNT_CODE
FKEY0277,PAYABLE,PAYB_GL_ACCT_ID,ACCOUNT,ID
FKEY0278,CASH_DISBURSE_LINE,GL_ACCOUNT_ID,ACCOUNT,ID
FKEY0279,RCR_PAYABLE,PAYB_GL_ACCT_ID,ACCOUNT,ID
FKEY0280,RCR_PAYABLE_LINE,GL_ACCOUNT_ID,ACCOUNT,ID
FKEY0281,RECEIVABLE_LINE,CUST_ORDER_ID,CUST_ORDER_LINE,CUST_ORDER_ID
FKEY0281,RECEIVABLE_LINE,CUST_ORDER_LINE_NO,CUST_ORDER_LINE,LINE_NO
FKEY0282,CASH_RECEIPT,BANK_ACCOUNT_ID,BANK_DEPOSIT,BANK_ACCOUNT_ID
FKEY0282,CASH_RECEIPT,DEPOSIT_ID,BANK_DEPOSIT,DEPOSIT_ID
FKEY0283,CASH_RECEIPT_LINE,GL_ACCOUNT_ID,ACCOUNT,ID
FKEY0284,TRACE_INV_TRANS,TRANSACTION_ID,INVENTORY_TRANS,TRANSACTION_ID
FKEY0285,TRACE_LABOR_TRANS,TRANSACTION_ID,LABOR_TICKET,TRANSACTION_ID
FKEY0286,SELECTED_OPTIONS,PART_ID,PART,ID
FKEY0287,QUOTED_OPTIONS,PART_ID,PART,ID
FKEY0288,TEST_STEP,GAGE_ID,GAGE,GAGE_ID
FKEY0289,TEST_RESULT,PART_ID,PART,ID
FKEY0290,CONTROL_LIMITS,TEST_ID,TEST_STEP,TEST_ID
FKEY0290,CONTROL_LIMITS,STEP_NO,TEST_STEP,STEP_NO
FKEY0291,CYCLE_COUNT_PART,WAREHOUSE_ID,WAREHOUSE,ID
FKEY0292,REQUEST_FOR_QUOTE,SITE_ID,SITE,ID
FKEY0293,RFQ_VENDOR,VENDOR_ID,VENDOR,ID
FKEY0294,RFQ_LINE,PART_ID,PART,ID
FKEY0296,WORKORDER_AUDIT,SCHEDULE_ID,SCHEDULE,ID
FKEY0297,OPERATION_AUDIT,SCHEDULE_ID,SCHEDULE,ID
FKEY0298,BANK_ADJUSTMENT,SITE_ID,SITE,ID
FKEY0299,LABEL_GROUP,LABEL_TYPE_ID,LABEL_TYPE,ID
FKEY0300,LABEL_GROUP_LINE,LABEL_GROUP_ID,LABEL_GROUP,ID
FKEY0301,LABEL_GROUP_LINE,LABEL_FORMAT_ID,LABEL_FORMAT,ID
FKEY9001,SHIPMENT_DETAIL,CUST_ORDER_ID,CUSTOMER_ORDER,ID
FKEY9002,PURC_MATL_DETAIL,PURC_ORDER_ID,PURCHASE_ORDER,ID
FKEY9003,PURC_SERV_DETAIL,PURC_ORDER_ID,PURCHASE_ORDER,ID
FKEY9004,WIP_ISSUE_DETAIL,WORKORDER_TYPE,WORK_ORDER,TYPE
FKEY9004,WIP_ISSUE_DETAIL,WORKORDER_BASE_ID,WORK_ORDER,BASE_ID
FKEY9004,WIP_ISSUE_DETAIL,WORKORDER_LOT_ID,WORK_ORDER,LOT_ID
FKEY9004,WIP_ISSUE_DETAIL,WORKORDER_SPLIT_ID,WORK_ORDER,SPLIT_ID
FKEY9004,WIP_ISSUE_DETAIL,WORKORDER_SUB_ID,WORK_ORDER,SUB_ID
FKEY9005,WIP_LABOR_DETAIL,WORKORDER_TYPE,WORK_ORDER,TYPE
FKEY9005,WIP_LABOR_DETAIL,WORKORDER_BASE_ID,WORK_ORDER,BASE_ID
FKEY9005,WIP_LABOR_DETAIL,WORKORDER_LOT_ID,WORK_ORDER,LOT_ID
FKEY9005,WIP_LABOR_DETAIL,WORKORDER_SPLIT_ID,WORK_ORDER,SPLIT_ID
FKEY9005,WIP_LABOR_DETAIL,WORKORDER_SUB_ID,WORK_ORDER,SUB_ID
FKEY9006,WIP_SERVICE_DETAIL,WORKORDER_TYPE,WORK_ORDER,TYPE
FKEY9006,WIP_SERVICE_DETAIL,WORKORDER_BASE_ID,WORK_ORDER,BASE_ID
FKEY9006,WIP_SERVICE_DETAIL,WORKORDER_LOT_ID,WORK_ORDER,LOT_ID
FKEY9006,WIP_SERVICE_DETAIL,WORKORDER_SPLIT_ID,WORK_ORDER,SPLIT_ID
FKEY9006,WIP_SERVICE_DETAIL,WORKORDER_SUB_ID,WORK_ORDER,SUB_ID
FKEY9007,WIP_PAYB_DETAIL,WORKORDER_TYPE,WORK_ORDER,TYPE
FKEY9007,WIP_PAYB_DETAIL,WORKORDER_BASE_ID,WORK_ORDER,BASE_ID
FKEY9007,WIP_PAYB_DETAIL,WORKORDER_LOT_ID,WORK_ORDER,LOT_ID
FKEY9007,WIP_PAYB_DETAIL,WORKORDER_SPLIT_ID,WORK_ORDER,SPLIT_ID
FKEY9007,WIP_PAYB_DETAIL,WORKORDER_SUB_ID,WORK_ORDER,SUB_ID
FKEY9008,WIP_RECEIPT_DETAIL,WORKORDER_TYPE,WORK_ORDER,TYPE
FKEY9008,WIP_RECEIPT_DETAIL,WORKORDER_BASE_ID,WORK_ORDER,BASE_ID
FKEY9008,WIP_RECEIPT_DETAIL,WORKORDER_LOT_ID,WORK_ORDER,LOT_ID
FKEY9008,WIP_RECEIPT_DETAIL,WORKORDER_SPLIT_ID,WORK_ORDER,SPLIT_ID
FKEY9008,WIP_RECEIPT_DETAIL,WORKORDER_SUB_ID,WORK_ORDER,SUB_ID
FKEY9009,ADJUSTMENT_DETAIL,TRANSACTION_ID,INVENTORY_TRANS,TRANSACTION_ID
FKEY9010,INDIRECT_DETAIL,TRANSACTION_ID,LABOR_TICKET,TRANSACTION_ID
FKEY9011,WIP_SPLIT_DETAIL,WORKORDER_TYPE,WORK_ORDER,TYPE
FKEY9011,WIP_SPLIT_DETAIL,WORKORDER_BASE_ID,WORK_ORDER,BASE_ID
FKEY9011,WIP_SPLIT_DETAIL,WORKORDER_LOT_ID,WORK_ORDER,LOT_ID
FKEY9011,WIP_SPLIT_DETAIL,WORKORDER_SPLIT_ID,WORK_ORDER,SPLIT_ID
FKEY9011,WIP_SPLIT_DETAIL,WORKORDER_SUB_ID,WORK_ORDER,SUB_ID
FKEY9101,CUSTOMER_FORECAST,PART_ID,PART,ID
FKEY9102,CUSTOMER_FORECAST,CUSTOMER_ID,CUSTOMER,ID
FKEY9103,VMDI_TABLE,LAYOUT_KEY,VMDI_LAYOUT,KEY
FKEY9103,VMDI_TABLE,LAYOUT_VERSION,VMDI_LAYOUT,VERSION
FKEY9103,VMDI_TABLE,LAYOUT_DIRECTION,VMDI_LAYOUT,DIRECTION
FKEY9104,VMDI_DATA,LAYOUT_KEY,VMDI_LAYOUT,KEY
FKEY9104,VMDI_DATA,LAYOUT_VERSION,VMDI_LAYOUT,VERSION
FKEY9104,VMDI_DATA,LAYOUT_DIRECTION,VMDI_LAYOUT,DIRECTION
FKEY9105,PALLET_DETAIL,PACKLIST_ID,SHIPPER_LINE,PACKLIST_ID
FKEY9105,PALLET_DETAIL,PACKLIST_LINE_NO,SHIPPER_LINE,LINE_NO
FKEY9106,CUST_LINE_BILLING,REV_GL_ACCT_ID,ACCOUNT,ID
FKEY9107,QUOTE_LINE_BILLING,REV_GL_ACCT_ID,ACCOUNT,ID
FKEY9108,WORKORD_MILESTONE,MAT_GL_ACCT_ID,ACCOUNT,ID
FKEY9109,WORKORD_MILESTONE,LAB_GL_ACCT_ID,ACCOUNT,ID
FKEY9110,WORKORD_MILESTONE,BUR_GL_ACCT_ID,ACCOUNT,ID
FKEY9111,WORKORD_MILESTONE,SER_GL_ACCT_ID,ACCOUNT,ID
FKEY9112,CUST_LINE_BILLING,CUST_ORDER_ID,CUST_ORDER_LINE,CUST_ORDER_ID
FKEY9112,CUST_LINE_BILLING,CUST_ORDER_LINE_NO,CUST_ORDER_LINE,LINE_NO
FKEY9113,QUOTE_LINE_BILLING,QUOTE_ID,QUOTE_LINE,QUOTE_ID
FKEY9113,QUOTE_LINE_BILLING,QUOTE_LINE_NO,QUOTE_LINE,LINE_NO
FKEY9114,VMDI_ASSOC,LAYOUT_KEY,VMDI_LAYOUT,KEY
FKEY9114,VMDI_ASSOC,LAYOUT_VERSION,VMDI_LAYOUT,VERSION
FKEY9114,VMDI_ASSOC,LAYOUT_DIRECTION,VMDI_LAYOUT,DIRECTION
FKEY9115,WIP_BALANCE,MAT_GL_ACCT_ID,ACCOUNT,ID
FKEY9116,WIP_BALANCE,LAB_GL_ACCT_ID,ACCOUNT,ID
FKEY9117,WIP_BALANCE,BUR_GL_ACCT_ID,ACCOUNT,ID
FKEY9118,WIP_BALANCE,SER_GL_ACCT_ID,ACCOUNT,ID
FKEY9119,INVENTORY_BALANCE,TRANSACTION_ID,INVENTORY_TRANS,TRANSACTION_ID
FKEY9120,INVENTORY_BALANCE,MAT_GL_ACCT_ID,ACCOUNT,ID
FKEY9121,INVENTORY_BALANCE,LAB_GL_ACCT_ID,ACCOUNT,ID
FKEY9122,INVENTORY_BALANCE,BUR_GL_ACCT_ID,ACCOUNT,ID
FKEY9123,INVENTORY_BALANCE,SER_GL_ACCT_ID,ACCOUNT,ID
FKEY9303,PRODUCT,WITHHOLDING_CODE,WITHHOLDING,CODE
FKEY9304,CUSTOMER,ARRIVAL_CODE,PORT_OF_ARRIVAL,CODE
FKEY9305,CUSTOMER,TRANS_CODE,PORT_OF_TRANS,CODE
FKEY9307,CUSTOMER,NATURE_OF_TRANS,NATURE_OF_TRANS,CODE
FKEY9308,CUSTOMER,MODE_OF_TRANSPORT,MODE_OF_TRANSPORT,CODE
FKEY9311,CUST_ADDRESS,ARRIVAL_CODE,PORT_OF_ARRIVAL,CODE
FKEY9312,CUST_ADDRESS,TRANS_CODE,PORT_OF_TRANS,CODE
FKEY9314,CUST_ADDRESS,NATURE_OF_TRANS,NATURE_OF_TRANS,CODE
FKEY9315,CUST_ADDRESS,MODE_OF_TRANSPORT,MODE_OF_TRANSPORT,CODE
FKEY9316,VENDOR,ARRIVAL_CODE,PORT_OF_ARRIVAL,CODE
FKEY9317,VENDOR,TRANS_CODE,PORT_OF_TRANS,CODE
FKEY9319,VENDOR,NATURE_OF_TRANS,NATURE_OF_TRANS,CODE
FKEY9320,VENDOR,MODE_OF_TRANSPORT,MODE_OF_TRANSPORT,CODE
FKEY9321,VENDOR,WITHHOLDING_CODE,WITHHOLDING,CODE
FKEY9322,VENDOR_ADDRESS,TRANS_CODE,PORT_OF_TRANS,CODE
FKEY9323,SHIPTO_ADDRESS,ARRIVAL_CODE,PORT_OF_ARRIVAL,CODE
FKEY9324,SHIPTO_ADDRESS,TRANS_CODE,PORT_OF_TRANS,CODE
FKEY9326,SHIPTO_ADDRESS,NATURE_OF_TRANS,NATURE_OF_TRANS,CODE
FKEY9327,SHIPTO_ADDRESS,MODE_OF_TRANSPORT,MODE_OF_TRANSPORT,CODE
FKEY9328,PART,TARIFF_CODE,TARIFF,CODE
FKEY9330,WAREHOUSE,REGION_ID,REGION,ID
FKEY9331,INTRA_SHIPPER_LINE,PACKLIST_ID,SHIPPER_LINE,PACKLIST_ID
FKEY9331,INTRA_SHIPPER_LINE,PACKLIST_LINE_NO,SHIPPER_LINE,LINE_NO
FKEY9332,INTRA_SHIPPER_LINE,ARRIVAL_CODE,PORT_OF_ARRIVAL,CODE
FKEY9333,INTRA_SHIPPER_LINE,TRANS_CODE,PORT_OF_TRANS,CODE
FKEY9337,INTRA_SHIPPER_LINE,REGION_ID,REGION,ID
FKEY9338,INTRA_SHIPPER_LINE,NATURE_OF_TRANS,NATURE_OF_TRANS,CODE
FKEY9339,INTRA_SHIPPER_LINE,MODE_OF_TRANSPORT,MODE_OF_TRANSPORT,CODE
FKEY9340,INTRA_SHIPPER_LINE,TARIFF_CODE,TARIFF,CODE
FKEY9341,INTRA_RECEIVR_LINE,RECEIVER_ID,RECEIVER_LINE,RECEIVER_ID
FKEY9341,INTRA_RECEIVR_LINE,RECEIVER_LINE_NO,RECEIVER_LINE,LINE_NO
FKEY9342,INTRA_RECEIVR_LINE,ARRIVAL_CODE,PORT_OF_ARRIVAL,CODE
FKEY9343,INTRA_RECEIVR_LINE,TRANS_CODE,PORT_OF_TRANS,CODE
FKEY9347,INTRA_RECEIVR_LINE,REGION_ID,REGION,ID
FKEY9348,INTRA_RECEIVR_LINE,NATURE_OF_TRANS,NATURE_OF_TRANS,CODE
FKEY9349,INTRA_RECEIVR_LINE,MODE_OF_TRANSPORT,MODE_OF_TRANSPORT,CODE
FKEY9350,INTRA_RECEIVR_LINE,TARIFF_CODE,TARIFF,CODE
FKEY9363,CASH_DISBURSEMENT,VEND_BANK_ACCT_ID,VEND_BANK_ACCOUNT,ID
FKEY9364,PLANNING_MPS,PLANNING_PART_ID,PLANNING_PART,ID
FKEY9364,PLANNING_MPS,SITE_ID,PLANNING_PART,SITE_ID
FKEY9365,SERVICE_DISP_LINE,DISPATCH_ID,SERVICE_DISPATCH,ID
FKEY9366,RCR_RECEIVABLE,SITE_ID,SITE,ID
FKEY9367,RCR_RECEIVABLE,CUSTOMER_ID,CUSTOMER,ID
FKEY9368,RCR_RECV_LINE,RCR_RECEIVABLE_ID,RCR_RECEIVABLE,ID
FKEY9369,RCR_RECEIVABLE,RECV_GL_ACCT_ID,ACCOUNT,ID
FKEY9370,RCR_RECV_LINE,GL_ACCOUNT_ID,ACCOUNT,ID
FKEY9371,VENDOR_REMIT_ADDR,VENDOR_ID,VENDOR,ID
FKEY9372,SHIPPER_LINE_DEL,CUST_ORDER_ID,CUST_ORDER_LINE,CUST_ORDER_ID
FKEY9372,SHIPPER_LINE_DEL,CUST_ORDER_LINE_NO,CUST_ORDER_LINE,LINE_NO
FKEY9373,SHIPPER_LINE_DEL,PACKLIST_ID,SHIPPER_LINE,PACKLIST_ID
FKEY9373,SHIPPER_LINE_DEL,PACKLIST_LINE_NO,SHIPPER_LINE,LINE_NO
FKEY9374,RECEIVER_LINE_DEL,PURC_ORDER_ID,PURC_ORDER_LINE,PURC_ORDER_ID
FKEY9374,RECEIVER_LINE_DEL,PURC_ORDER_LINE_NO,PURC_ORDER_LINE,LINE_NO
FKEY9375,WO_SCH_PRIORITY,SCHEDULE_ID,SCHEDULE,ID
FKEY9376,WO_SCH_PRIORITY,WORKORDER_TYPE,WORK_ORDER,TYPE
FKEY9376,WO_SCH_PRIORITY,WORKORDER_BASE_ID,WORK_ORDER,BASE_ID
FKEY9376,WO_SCH_PRIORITY,WORKORDER_LOT_ID,WORK_ORDER,LOT_ID
FKEY9376,WO_SCH_PRIORITY,WORKORDER_SPLIT_ID,WORK_ORDER,SPLIT_ID
FKEY9376,WO_SCH_PRIORITY,WORKORDER_SUB_ID,WORK_ORDER,SUB_ID
FKEY9377,RMA_BINARY,RMA_ID,RMA,ID
FKEY9378,RMA_LINE_BINARY,RMA_ID,RMA_LINE,RMA_ID
FKEY9378,RMA_LINE_BINARY,RMA_LINE_NO,RMA_LINE,LINE_NO
FKEY9379,RMA_LINE,RMA_ID,RMA,ID
FKEY9380,SHIPPER_LINE,RMA_ID,RMA_LINE,RMA_ID
FKEY9380,SHIPPER_LINE,RMA_LINE_NO,RMA_LINE,LINE_NO
FKEY9381,RMA,PACKLIST_ID,SHIPPER,PACKLIST_ID
FKEY9383,CURRENCY_ENTITY,RND_ACCT_ID,ACCOUNT,ID
FKEY9384,CURRENCY_ENTITY,REAL_GN_ACCT_ID,ACCOUNT,ID
FKEY9385,CURRENCY_ENTITY,REAL_LS_ACCT_ID,ACCOUNT,ID
FKEY9386,CURRENCY_ENTITY,UNREAL_GN_ACCT_ID,ACCOUNT,ID
FKEY9387,CURRENCY_ENTITY,UNREAL_LS_ACCT_ID,ACCOUNT,ID
FKEY9388,APPLICATION_GLOBAL,EURO_CURRENCY_ID,CURRENCY,ID
FKEY9389,CUSTOMER_ORDER,CURRENCY_ID,CURRENCY,ID
FKEY9390,RECEIVABLE,CURRENCY_ID,CURRENCY,ID
FKEY9391,RECEIVABLE_CURR,CURRENCY_ID,CURRENCY,ID
FKEY9392,RECEIVABLE_CURR,INVOICE_ID,RECEIVABLE,INVOICE_ID
FKEY9393,RECEIVABLE_DIST,CURRENCY_ID,CURRENCY,ID
FKEY9394,CASH_RECEIPT,CURRENCY_ID,CURRENCY,ID
FKEY9395,CASH_RECEIPT_CURR,CURRENCY_ID,CURRENCY,ID
FKEY9396,CASH_RECEIPT_CURR,CUSTOMER_ID,CASH_RECEIPT,CUSTOMER_ID
FKEY9396,CASH_RECEIPT_CURR,CHECK_ID,CASH_RECEIPT,CHECK_ID
FKEY9397,CASH_RECEIPT_DIST,CURRENCY_ID,CURRENCY,ID
FKEY9398,PURCHASE_ORDER,CURRENCY_ID,CURRENCY,ID
FKEY9399,PAYABLE,CURRENCY_ID,CURRENCY,ID
FKEY9400,PAYABLE_CURR,CURRENCY_ID,CURRENCY,ID
FKEY9401,PAYABLE_CURR,VOUCHER_ID,PAYABLE,VOUCHER_ID
FKEY9402,PAYABLE_DIST,CURRENCY_ID,CURRENCY,ID
FKEY9403,CASH_DISBURSEMENT,CURRENCY_ID,CURRENCY,ID
FKEY9404,CASH_DISBURSE_CURR,CURRENCY_ID,CURRENCY,ID
FKEY9405,CASH_DISBURSE_CURR,BANK_ACCOUNT_ID,CASH_DISBURSEMENT,BANK_ACCOUNT_ID
FKEY9405,CASH_DISBURSE_CURR,CONTROL_NO,CASH_DISBURSEMENT,CONTROL_NO
FKEY9406,CASH_DISBURSE_DIST,CURRENCY_ID,CURRENCY,ID
FKEY9407,ACCOUNT,CURRENCY_ID,CURRENCY,ID
FKEY9408,ACCOUNT_BALANCE,CURRENCY_ID,CURRENCY,ID
FKEY9409,ACCOUNT_AT_NATIVE,CURRENCY_ID,CURRENCY,ID
FKEY9410,WIP_ISSUE_DIST,CURRENCY_ID,CURRENCY,ID
FKEY9411,WIP_RECEIPT_DIST,CURRENCY_ID,CURRENCY,ID
FKEY9412,SHIPMENT_DIST,CURRENCY_ID,CURRENCY,ID
FKEY9413,PURCHASE_DIST,CURRENCY_ID,CURRENCY,ID
FKEY9414,ADJUSTMENT_DIST,CURRENCY_ID,CURRENCY,ID
FKEY9415,INDIRECT_DIST,CURRENCY_ID,CURRENCY,ID
FKEY9416,WIP_BALANCE,CURRENCY_ID,CURRENCY,ID
FKEY9417,INVENTORY_BALANCE,CURRENCY_ID,CURRENCY,ID
FKEY9418,INV_TRANS_CURR,CURRENCY_ID,CURRENCY,ID
FKEY9419,INV_TRANS_CURR,TRANSACTION_ID,INVENTORY_TRANS,TRANSACTION_ID
FKEY9420,SPLIT_TRANS_CURR,CURRENCY_ID,CURRENCY,ID
FKEY9422,LABOR_TICKET_CURR,CURRENCY_ID,CURRENCY,ID
FKEY9423,LABOR_TICKET_CURR,TRANSACTION_ID,LABOR_TICKET,TRANSACTION_ID
FKEY9424,CUST_ORDER_CURR,CURRENCY_ID,CURRENCY,ID
FKEY9425,CUST_ORDER_CURR,CUST_ORDER_ID,CUSTOMER_ORDER,ID
FKEY9426,PURC_ORDER_CURR,CURRENCY_ID,CURRENCY,ID
FKEY9427,PURC_ORDER_CURR,PURC_ORDER_ID,PURCHASE_ORDER,ID
FKEY9428,PAYB_LINE_CURR,CURRENCY_ID,CURRENCY,ID
FKEY9429,PAYB_LINE_CURR,VOUCHER_ID,PAYABLE_LINE,VOUCHER_ID
FKEY9429,PAYB_LINE_CURR,LINE_NO,PAYABLE_LINE,LINE_NO
FKEY9430,BANK_ADJUSTMENT,CURRENCY_ID,CURRENCY,ID
FKEY9432,BANK_ADJ_DIST,CURRENCY_ID,CURRENCY,ID
FKEY9433,BANK_ADJ_CURR,CURRENCY_ID,CURRENCY,ID
FKEY9434,BANK_ADJ_CURR,BANK_ACCOUNT_ID,BANK_ADJUSTMENT,BANK_ACCOUNT_ID
FKEY9434,BANK_ADJ_CURR,ADJUSTMENT_ID,BANK_ADJUSTMENT,ADJUSTMENT_ID
FKEY9435,JOURNAL,CURRENCY_ID,CURRENCY,ID
FKEY9436,GJ,CURRENCY_ID,CURRENCY,ID
FKEY9437,GJ_LINE,GJ_ID,GJ,ID
FKEY9438,GJ_DIST,GJ_ID,GJ,ID
FKEY9439,GJ_DIST,CURRENCY_ID,CURRENCY,ID
FKEY9440,GJ_LINE_CURR,CURRENCY_ID,CURRENCY,ID
FKEY9441,GJ_LINE_CURR,GJ_ID,GJ_LINE,GJ_ID
FKEY9441,GJ_LINE_CURR,LINE_NO,GJ_LINE,LINE_NO
FKEY9442,GJ_CURR,GJ_ID,GJ,ID
FKEY9443,GJ_CURR,CURRENCY_ID,CURRENCY,ID
FKEY9444,PART_SHIPPING,PART_ID,PART,ID
FKEY9446,SERVICE_RCPT_CURR,CURRENCY_ID,CURRENCY,ID
FKEY9447,WIP_PAYB_DETAIL,CURRENCY_ID,CURRENCY,ID
FKEY9448,WIP_LABOR_DETAIL,CURRENCY_ID,CURRENCY,ID
FKEY9449,WIP_SERVICE_DETAIL,CURRENCY_ID,CURRENCY,ID
FKEY9450,WIP_ISSUE_DETAIL,CURRENCY_ID,CURRENCY,ID
FKEY9451,WIP_RECEIPT_DETAIL,CURRENCY_ID,CURRENCY,ID
FKEY9452,WIP_SPLIT_DETAIL,CURRENCY_ID,CURRENCY,ID
FKEY9453,SHIPMENT_DETAIL,CURRENCY_ID,CURRENCY,ID
FKEY9454,ADJUSTMENT_DETAIL,CURRENCY_ID,CURRENCY,ID
FKEY9455,INDIRECT_DETAIL,CURRENCY_ID,CURRENCY,ID
FKEY9456,PURC_MATL_DETAIL,CURRENCY_ID,CURRENCY,ID
FKEY9457,PURC_SERV_DETAIL,CURRENCY_ID,CURRENCY,ID
FKEY9458,LABEL_TYPE_VAR,LABEL_TYPE_ID,LABEL_TYPE,ID
FKEY9459,LABEL_FORMAT,LABEL_TYPE_ID,LABEL_TYPE,ID
FKEY9460,LABEL_FORMAT_FIELD,LABEL_FORMAT_ID,LABEL_FORMAT,ID
FKEY9461,CUSTOMER,DEF_LBL_FORMAT_ID,LABEL_FORMAT,ID
FKEY9462,CUST_ADDRESS,DEF_LBL_FORMAT_ID,LABEL_FORMAT,ID
FKEY9463,PART,DEF_LBL_FORMAT_ID,LABEL_FORMAT,ID
FKEY9464,TRACE_PROFILE,DEF_LBL_FORMAT_ID,LABEL_FORMAT,ID
FKEY9465,VENDOR,DEF_LBL_FORMAT_ID,LABEL_FORMAT,ID
FKEY9466,VENDOR_ADDRESS,DEF_LBL_FORMAT_ID,LABEL_FORMAT,ID
FKEY9467,WAREHOUSE,DEF_LBL_FORMAT_ID,LABEL_FORMAT,ID
FKEY9468,WORK_ORDER,DEF_LBL_FORMAT_ID,LABEL_FORMAT,ID
FKEY9470,CUSTOMER,DEF_TRANS_CURRENCY,CURRENCY,ID
FKEY9471,VENDOR,DEF_TRANS_CURRENCY,CURRENCY,ID
FKEY9472,REVALUE,SITE_ID,SITE,ID
FKEY9473,REVALUE_LINE,REVALUE_ID,REVALUE,ID
FKEY9474,REVALUE_LINE,GL_ACCOUNT_ID,ACCOUNT,ID
FKEY9475,REVALUE_LINE,GROUP_ID,ACCOUNT_GROUP,GROUP_ID
FKEY9475,REVALUE_LINE,GL_ACCOUNT_ID,ACCOUNT_GROUP,ACCOUNT_ID
FKEY9476,REVALUE_DIST,REVALUE_ID,REVALUE,ID
FKEY9477,REVALUE_DIST,GL_ACCOUNT_ID,ACCOUNT,ID
FKEY9478,REVALUE_DIST,SITE_ID,SITE,ID
FKEY9479,REVALUE_DIST,CURRENCY_ID,CURRENCY,ID
FKEY9480,REVALUE_CURR,REVALUE_ID,REVALUE,ID
FKEY9481,REVALUE_CURR,CURRENCY_ID,CURRENCY,ID
FKEY9482,CONSOLIDATION_MAP,LOCAL_ACCT_ID,ACCOUNT,ID
FKEY9483,CONSOLIDATION_MAP,PARENT_ACCT_ID,CONSOLID_ACCOUNT,PARENT_ACCT_ID
FKEY9484,ALLOCATION,CURRENCY_ID,CURRENCY,ID
FKEY9485,PART_ALIAS,PART_ID,PART,ID
FKEY9490,IBT_SHIPPER,IBT_ID,IBT,ID
FKEY9492,IBT_SHIPPER_LINE,SHIPPER_ID,IBT_SHIPPER,SHIPPER_ID
FKEY9493,IBT_RECEIVER,IBT_ID,IBT,ID
FKEY9495,IBT_RECEIVER_LINE,RECEIVER_ID,IBT_RECEIVER,ID
FKEY9496,PART,LABEL_UM,UNITS,UNIT_OF_MEASURE
FKEY9497,INV_TRANS_AVE,CURRENCY_ID,CURRENCY,ID
FKEY9498,INV_TRANS_AVE,TRANSACTION_ID,INVENTORY_TRANS,TRANSACTION_ID
FKEY9499,CUSTOMER,def_ack_id,VMDI_ACK_CODES,ACK_ID
FKEY9500,ACCOUNT_PROFILE,account_id,ACCOUNT,ID
FKEY9501,ACCOUNT_BUDGET,account_id,ACCOUNT,ID
FKEY9502,ACCOUNT_BUDGET,SITE_ID,SITE,ID
FKEY9503,ACCOUNT_BUDGET,budget_type,BUDGET_TYPE,id
FKEY9504,ACCOUNT_BUDGET,budget_code,BUDGET_CODE,id
FKEY9505,ACCOUNT_BUDGET,currency_id,CURRENCY,ID
FKEY9506,EQUIP_MODEL,type_id,EQUIP_TYPE,id
FKEY9507,EQUIP_MAINT_DISC,maint_id,EQUIP_MAINT_TYPE,id
FKEY9508,EQUIP_MAINT_DISC,customer_id,CUSTOMER,ID
FKEY9509,EQUIP_BRANCH,area_id,EQUIP_AREA,id
FKEY9510,EQUIP_LABOR_PRICE,resource_id,SHOP_RESOURCE,ID
FKEY9511,EQUIP_PART_PRICE,part_id,PART,ID
FKEY9512,EQUIP_PM_PROFILE,eng_id,EQUIP_MAINT_ENG,id
FKEY9513,EQUIPMENT,type_id,EQUIP_TYPE,id
FKEY9515,EQUIPMENT,vm_part_id,PART,ID
FKEY9516,EQUIPMENT,service_area,EQUIP_AREA,id
FKEY9517,EQUIPMENT,branch,EQUIP_BRANCH,id
FKEY9517,EQUIPMENT,service_area,EQUIP_BRANCH,area_id
FKEY9518,EQUIPMENT,default_resource,SHOP_RESOURCE,ID
FKEY9519,EQUIP_PM_SCHEDULE,profile_id,EQUIP_PM_PROFILE,profile_id
FKEY9520,EQUIP_PROFILE,profile_id,EQUIP_PM_PROFILE,profile_id
FKEY9521,UNP_MNT_CALLS,fault_code,UNP_MNT_FAULT_CODE,id
FKEY9521,UNP_MNT_CALLS,fault_type,UNP_MNT_FAULT_CODE,type_id
FKEY9522,UNP_MNT_CALLS,urgency,UNP_MNT_URGENCY,id
FKEY9523,UNP_MNT_CALLS,escalation,UNP_MNT_ESCALATION,id
FKEY9524,UNP_MNT_CALLS,remedy_code,UNP_MNT_REM_CODE,id
FKEY9524,UNP_MNT_CALLS,remedy_type,UNP_MNT_REM_CODE,type_id
FKEY9525,UNP_MNT_CALLS,RESOURCE_SELECTED,SHOP_RESOURCE,ID
FKEY9526,UNP_MNT_CALLS,equip_id,EQUIPMENT,equip_id
FKEY9527,UNP_MNT_CALLS,customer_id,CUSTOMER,ID
FKEY9528,UNP_MNT_ENGINEER,resource_id,SHOP_RESOURCE,ID
FKEY9529,UNP_MNT_STD_REPAIR,part_id,PART,ID
FKEY9530,UNP_MNT_STD_REPAIR,fault_type,UNP_MNT_FAULT_TYPE,id
FKEY9531,UNP_MNT_STD_REPAIR,fault_code,UNP_MNT_FAULT_CODE,id
FKEY9531,UNP_MNT_STD_REPAIR,fault_type,UNP_MNT_FAULT_CODE,type_id
FKEY9532,UNP_MNT_STD_REPAIR,equipment_type,EQUIP_TYPE,id
FKEY9533,UNP_MNT_STD_REPAIR,equipment_type,EQUIP_MODEL,type_id
FKEY9533,UNP_MNT_STD_REPAIR,equipment_model,EQUIP_MODEL,id
FKEY9534,LANG_DESCRIPTION,part_id,PART,ID
FKEY9535,LANG_DESCRIPTION,language_id,LANGUAGE,id
FKEY9536,CUST_ORDER_LINE,ACK_ID,VMDI_ACK_CODES,ACK_ID
FKEY9540,IBT_LINE,IBT_ID,IBT,ID
FKEY9546,IBT_LINE_BINARY,IBT_ID,IBT_LINE,IBT_ID
FKEY9546,IBT_LINE_BINARY,IBT_LINE_NO,IBT_LINE,LINE_NO
FKEY9550,CASH_PLAN_LINE,CASH_PLAN_ID,CASH_PLAN,ID
FKEY9551,CASH_PLAN_AMOUNT,CASH_PLAN_ID,CASH_PLAN_LINE,CASH_PLAN_ID
FKEY9551,CASH_PLAN_AMOUNT,CASH_PLAN_LINE_NO,CASH_PLAN_LINE,LINE_NO
FKEY9554,INV_RECEIPT_DIST,INV_TRANS_ID,INVENTORY_TRANS,TRANSACTION_ID
FKEY9565,PALLET,TARE_ID,TARE,ID
FKEY9568,CARTON,PALLET_ID,PALLET,ID
FKEY9569,CARTON_LINE,CARTON_ID,CARTON,ID
FKEY9571,SHIPPER_LINK,TARE_ID,TARE,ID
FKEY9572,SHIPPER_LINK,PALLET_ID,PALLET,ID
FKEY9573,SHIPPER_LINK,CARTON_ID,CARTON_LINE,CARTON_ID
FKEY9573,SHIPPER_LINK,CARTON_LINE_NO,CARTON_LINE,LINE_NO
FKEY9574,SHIPPER_LINK,CUST_ORDER_ID,CUST_ORDER_LINE,CUST_ORDER_ID
FKEY9574,SHIPPER_LINK,CUST_ORDER_LINE_NO,CUST_ORDER_LINE,LINE_NO
FKEY9575,SHIPPER_LINK,PACKLIST_ID,SHIPPER_LINE,PACKLIST_ID
FKEY9575,SHIPPER_LINK,PACKLIST_LINE_NO,SHIPPER_LINE,LINE_NO
FKEY9577,CUSTOMER,return_trans,NATURE_OF_TRANS,CODE
FKEY9578,VENDOR,return_trans,NATURE_OF_TRANS,CODE
FKEY9579,RECEIVABLE_LINE,vat_category,VAT_CATEGORY,id
FKEY9580,PAYABLE_LINE,vat_category,VAT_CATEGORY,id
FKEY9581,RCR_RECV_LINE,vat_category,VAT_CATEGORY,id
FKEY9582,RCR_PAYABLE_LINE,vat_category,VAT_CATEGORY,id
FKEY9583,PURC_ORDER_LINE,vat_category,VAT_CATEGORY,id
FKEY9584,CUST_ORDER_LINE,vat_category,VAT_CATEGORY,id
FKEY9585,RCR_RECV_SHARE,RCR_RECV_ID,RCR_RECEIVABLE,ID
FKEY9586,RCR_RECV_SHARE,SHARE_SALESREP_ID,SALES_REP,ID
FKEY9587,RCR_RECEIVABLE,SALESREP_ID,SALES_REP,ID
FKEY9588,RECEIVABLE,SALESREP_ID,SALES_REP,ID
FKEY9589,RECEIVABLE_SHARE,INVOICE_ID,RECEIVABLE,INVOICE_ID
FKEY9590,RECEIVABLE_SHARE,SHARE_SALESREP_ID,SALES_REP,ID
FKEY9591,MARKET,CURRENCY_ID,CURRENCY,ID
FKEY9592,CURR_PRICE_INDEX,FROM_CURRENCY_ID,CURRENCY,ID
FKEY9593,CURR_PRICE_INDEX,TO_CURRENCY_ID,CURRENCY,ID
FKEY9594,MARKET_PRICE,MARKET_ID,MARKET,ID
FKEY9595,MARKET_PRICE,PART_ID,PART,ID
FKEY9596,MARKET_PRICE,SELLING_UM,UNITS,UNIT_OF_MEASURE
FKEY9597,MARKET_PRICE,CURRENCY_ID,CURRENCY,ID
FKEY9599,WORK_ORDER_SCHED,SCHEDULE_ID,SCHEDULE,ID
FKEY9600,CUST_PRICE_EFFECT,PART_ID,PART,ID
FKEY9601,REQUIREMENT_SCHED,SCHEDULE_ID,WORK_ORDER_SCHED,SCHEDULE_ID
FKEY9601,REQUIREMENT_SCHED,WORKORDER_TYPE,WORK_ORDER_SCHED,WORKORDER_TYPE
FKEY9601,REQUIREMENT_SCHED,WORKORDER_BASE_ID,WORK_ORDER_SCHED,WORKORDER_BASE_ID
FKEY9601,REQUIREMENT_SCHED,WORKORDER_LOT_ID,WORK_ORDER_SCHED,WORKORDER_LOT_ID
FKEY9601,REQUIREMENT_SCHED,WORKORDER_SPLIT_ID,WORK_ORDER_SCHED,WORKORDER_SPLIT_ID
FKEY9601,REQUIREMENT_SCHED,WORKORDER_SUB_ID,WORK_ORDER_SCHED,WORKORDER_SUB_ID
FKEY9602,VENDOR_QUOTE,CURRENCY_ID,CURRENCY,ID
FKEY9603,VENDOR_SERV_QUOTE,CURRENCY_ID,CURRENCY,ID
FKEY9604,RFQ_VENDOR_QUOTE,CURRENCY_ID,CURRENCY,ID
FKEY9605,CUST_CONT_EML_DOC,CUSTOMER_ID,CUSTOMER,ID
FKEY9606,VEND_CONT_EML_DOC,VENDOR_ID,VENDOR,ID
FKEY9607,LOCATION,CUSTOMER_ID,CUSTOMER,ID
FKEY9608,LOCATION,VENDOR_ID,VENDOR,ID
FKEY9609,IBT,CUSTOMER_ID,CUSTOMER,ID
FKEY9610,IBT,VENDOR_ID,VENDOR,ID
FKEY9611,WAREHOUSE,CUSTOMER_ID,CUSTOMER,ID
FKEY9612,WAREHOUSE,VENDOR_ID,VENDOR,ID
FKEY9613,CONSIGN_RECEIVER,PURC_ORDER_ID,PURCHASE_ORDER,ID
FKEY9614,CONSIGN_RECEIVER,CUSTOMER_ID,CUSTOMER,ID
FKEY9615,CONSIGN_RCVR_LINE,RECEIVER_ID,CONSIGN_RECEIVER,ID
FKEY9616,CONSIGN_RCVR_LINE,PURC_ORDER_ID,PURC_ORDER_LINE,PURC_ORDER_ID
FKEY9616,CONSIGN_RCVR_LINE,PURC_ORDER_LINE_NO,PURC_ORDER_LINE,LINE_NO
FKEY9617,CNSN_RCVR_LINE_DEL,RECEIVER_ID,CONSIGN_RCVR_LINE,RECEIVER_ID
FKEY9617,CNSN_RCVR_LINE_DEL,RECEIVER_LINE_NO,CONSIGN_RCVR_LINE,LINE_NO
FKEY9618,CNSN_RCVR_LINE_DEL,PURC_ORDER_ID,PURC_LINE_DEL,PURC_ORDER_ID
FKEY9618,CNSN_RCVR_LINE_DEL,PURC_ORDER_LINE_NO,PURC_LINE_DEL,PURC_ORDER_LINE_NO
FKEY9618,CNSN_RCVR_LINE_DEL,PURC_DEL_LINE_NO,PURC_LINE_DEL,DEL_SCHED_LINE_NO
FKEY9619,INTRA_CNSN_RCVR_LN,RECEIVER_ID,CONSIGN_RCVR_LINE,RECEIVER_ID
FKEY9619,INTRA_CNSN_RCVR_LN,RECEIVER_LINE_NO,CONSIGN_RCVR_LINE,LINE_NO
FKEY9620,WAREHOUSE_ADDRESS,WAREHOUSE_ID,WAREHOUSE,ID
FKEY9621,PART_TRACE_LOCATION,PART_ID,PART_LOCATION,PART_ID
FKEY9621,PART_TRACE_LOCATION,WAREHOUSE_ID,PART_LOCATION,WAREHOUSE_ID
FKEY9621,PART_TRACE_LOCATION,LOCATION_ID,PART_LOCATION,LOCATION_ID
FKEY9622,PHYS_COUNT_LOC_ADJ,PHYS_COUNT_ID,PHYSICAL_COUNT,ID
FKEY9623,CUSTOMER,DEF_TERMS_ID,TERMS,ID
FKEY9624,CUSTOMER_ORDER,TERMS_ID,TERMS,ID
FKEY9625,QUOTE,TERMS_ID,TERMS,ID
FKEY9626,RECEIVABLE,TERMS_ID,TERMS,ID
FKEY9627,RCR_RECEIVABLE,TERMS_ID,TERMS,ID
FKEY9628,VENDOR,DEF_TERMS_ID,TERMS,ID
FKEY9629,PURCHASE_ORDER,TERMS_ID,TERMS,ID
FKEY9630,PURC_REQUISITION,TERMS_ID,TERMS,ID
FKEY9631,PAYABLE,TERMS_ID,TERMS,ID
FKEY9632,RCR_PAYABLE,TERMS_ID,TERMS,ID
FKEYCONT_BIN_CONT,CONTACT_BINARY,CONTACT_ID,CONTACT,ID
FKEYCP03,CASH_PLAN_ACCOUNT,ACCOUNT_ID,ACCOUNT,ID