TABLE_NAME,COLUMN_NAME,CONSTRAINT_NAME
ACCOUNT,SUMMARY_ACCOUNT,DF__ACCOUNT__SUMMARY__7E44429C
ACCOUNT,REVALUE,DF__ACCOUNT__REVALUE__7F3866D5
ACCOUNT,STATUS_EFF_DATE,DF__ACCOUNT__STATUS___002C8B0E
ACCOUNT_AT_NATIVE,DEBIT_AMOUNT,DF__ACCOUNT_A__DEBIT__0120AF47
ACCOUNT_AT_NATIVE,CREDIT_AMOUNT,DF__ACCOUNT_A__CREDI__0214D380
ACCOUNT_BAL_DIM,CURRENCY_ID,DF__ACCOUNT_B__CURRE__0308F7B9
ACCOUNT_BAL_DIM,USER_DIMENSION_1,DF__ACCOUNT_B__USER___03FD1BF2
ACCOUNT_BAL_DIM,USER_DIMENSION_2,DF__ACCOUNT_B__USER___04F1402B
ACCOUNT_BAL_DIM,CUST_ORDER_ID,DF__ACCOUNT_B__CUST___05E56464
ACCOUNT_BAL_DIM,PRODUCT_CODE,DF__ACCOUNT_B__PRODU__06D9889D
ACCOUNT_BAL_DIM,DEBIT_AMOUNT,DF__ACCOUNT_B__DEBIT__07CDACD6
ACCOUNT_BAL_DIM,CREDIT_AMOUNT,DF__ACCOUNT_B__CREDI__08C1D10F
ACCOUNT_BAL_DIM,FLAG,DF__ACCOUNT_BA__FLAG__09B5F548
ACCOUNT_BAL_SUM,O_DEBIT_AMOUNT,DF__ACCOUNT_B__O_DEB__0AAA1981
ACCOUNT_BAL_SUM,O_CREDIT_AMOUNT,DF__ACCOUNT_B__O_CRE__0B9E3DBA
ACCOUNT_BAL_SUM,O_DEBIT_BUDGET,DF__ACCOUNT_B__O_DEB__0C9261F3
ACCOUNT_BAL_SUM,O_CREDIT_BUDGET,DF__ACCOUNT_B__O_CRE__0D86862C
ACCOUNT_BAL_SUM,N_DEBIT_AMOUNT,DF__ACCOUNT_B__N_DEB__0E7AAA65
ACCOUNT_BAL_SUM,N_CREDIT_AMOUNT,DF__ACCOUNT_B__N_CRE__0F6ECE9E
ACCOUNT_BAL_SUM,N_DEBIT_BUDGET,DF__ACCOUNT_B__N_DEB__1062F2D7
ACCOUNT_BAL_SUM,N_CREDIT_BUDGET,DF__ACCOUNT_B__N_CRE__11571710
ACCOUNT_BAL_SUM,FLAG,DF__ACCOUNT_BA__FLAG__124B3B49
ACCOUNT_BAL_SUM,CURRENCY_ID,DF__ACCOUNT_B__CURRE__133F5F82
ACCOUNT_BALANCE,DEBIT_AMOUNT,DF__ACCOUNT_B__DEBIT__143383BB
ACCOUNT_BALANCE,CREDIT_AMOUNT,DF__ACCOUNT_B__CREDI__1527A7F4
ACCOUNT_BALANCE,DEBIT_BUDGET,DF__ACCOUNT_B__DEBIT__161BCC2D
ACCOUNT_BALANCE,CREDIT_BUDGET,DF__ACCOUNT_B__CREDI__170FF066
ACCOUNT_BALANCE,FLAG,DF__ACCOUNT_BA__FLAG__1804149F
ACCOUNT_BALANCE,CURRENCY_ID,DF__ACCOUNT_B__CURRE__18F838D8
ACCOUNT_BUDGET,budget_dr_amount,DF__ACCOUNT_B__budge__19EC5D11
ACCOUNT_BUDGET,budget_cr_amount,DF__ACCOUNT_B__budge__1AE0814A
ACCOUNT_BUDGET,FLAG,DF__ACCOUNT_BU__FLAG__1BD4A583
ACCOUNT_BUDGET_SUM,CURRENCY_ID,DF__ACCOUNT_B__CURRE__1CC8C9BC
ACCOUNT_BUDGET_SUM,O_BUDGET_DR_AMOUNT,DF__ACCOUNT_B__O_BUD__1DBCEDF5
ACCOUNT_BUDGET_SUM,O_BUDGET_CR_AMOUNT,DF__ACCOUNT_B__O_BUD__1EB1122E
ACCOUNT_BUDGET_SUM,N_BUDGET_DR_AMOUNT,DF__ACCOUNT_B__N_BUD__1FA53667
ACCOUNT_BUDGET_SUM,N_BUDGET_CR_AMOUNT,DF__ACCOUNT_B__N_BUD__20995AA0
ACCOUNT_BUDGET_SUM,FLAG,DF__ACCOUNT_BU__FLAG__218D7ED9
ACCOUNT_CHG_LOG,CREATE_DATE,DF__ACCOUNT_C__CREAT__2281A312
ACCOUNT_GROUP,ADD_ASSET_EXPENSE,DF__ACCOUNT_G__ADD_A__0D7242EA
ACCOUNT_PERIOD,STATUS_EFF_DATE,DF__ACCOUNT_P__STATU__2375C74B
ACCOUNTING_ENTITY,STATUS,DF__ACCOUNTIN__STATU__77B80BF5
ACCOUNTING_ENTITY,DEF_LANGUAGE_ID,DF__ACCOUNTIN__DEF_L__710B0E66
ACCOUNTING_ENTITY,XCHG_RATE_DATE,DF__ACCOUNTIN__XCHG___2469EB84
ACCOUNTING_ENTITY,XCHG_RATE_DEF_RCPT,DF__ACCOUNTIN__XCHG___255E0FBD
ACCOUNTING_ENTITY,COSTING_INTERLEVEL,DF__ACCOUNTIN__COSTI__265233F6
ACCOUNTING_ENTITY,COSTING_METHOD,DF__ACCOUNTIN__COSTI__2746582F
ACCOUNTING_ENTITY,COSTING_SOURCE,DF__ACCOUNTIN__COSTI__283A7C68
ACCOUNTING_ENTITY,COSTING_STD_LABOR,DF__ACCOUNTIN__COSTI__292EA0A1
ACCOUNTING_ENTITY,COSTING_WIP_METHOD,DF__ACCOUNTIN__COSTI__2A22C4DA
ACCOUNTING_ENTITY,BURDEN_SOURCE,DF__ACCOUNTIN__BURDE__2B16E913
ACCOUNTING_ENTITY,FIFO_BY_LOCATION,DF__ACCOUNTIN__FIFO___2C0B0D4C
ACCOUNTING_ENTITY,VAT_ENABLED,DF__ACCOUNTIN__VAT_E__2CFF3185
ACCOUNTING_ENTITY,VAT_DISCOUNTED,DF__ACCOUNTIN__VAT_D__2DF355BE
ACCOUNTING_ENTITY,NEXT_VAT_SEQ,DF__ACCOUNTIN__NEXT___2EE779F7
ACCOUNTING_ENTITY,VAT_BOOK_NUM_GEN,DF__ACCOUNTIN__VAT_B__2FDB9E30
ACCOUNTING_ENTITY,INTRASTAT_ENABLED,DF__ACCOUNTIN__INTRA__30CFC269
ACCOUNTING_ENTITY,NEXT_INTRASTAT_SEQ,DF__ACCOUNTIN__NEXT___31C3E6A2
ACCOUNTING_ENTITY,INTRA_FILE_PLACES,DF__ACCOUNTIN__INTRA__71FF329F
ACCOUNTING_ENTITY,NEXT_ESL_SEQ,DF__ACCOUNTIN__NEXT___72F356D8
ACCOUNTING_ENTITY,NEXT_PAY_BATCH_SEQ,DF__ACCOUNTIN__NEXT___32B80ADB
ACCOUNTING_ENTITY,PAY_FILE_PLACES,DF__ACCOUNTIN__PAY_F__74DB9F4A
ACCOUNTING_ENTITY,WITHHOLD_ENABLED,DF__ACCOUNTIN__WITHH__33AC2F14
ACCOUNTING_ENTITY,NEXT_WITHHOLD_SEQ,DF__ACCOUNTIN__NEXT___73E77B11
ACCOUNTING_ENTITY,CASH_MIN_VAR,DF__ACCOUNTIN__CASH___6E2EA1BB
ACCOUNTING_ENTITY,CASH_MAX_VAR,DF__ACCOUNTIN__CASH___6D3A7D82
ACCOUNTING_ENTITY,COMMISSION_SUPPORT,DF__ACCOUNTIN__COMMI__34A0534D
ACCOUNTING_ENTITY,COMM_PAYMENT_METH,DF__ACCOUNTIN__COMM___6F22C5F4
ACCOUNTING_ENTITY,WIPVAS_ENABLED,DF__ACCOUNTIN__WIPVA__78AC302E
ACCOUNTING_ENTITY,DDP_ENABLED,DF__ACCOUNTIN__DDP_E__7016EA2D
ACCOUNTING_ENTITY,BACKORD_FILL_RATE,DF__ACCOUNTIN__BACKO__6C465949
ACCOUNTING_ENTITY,REQ_GEN_ALL_TASKS,DF__ACCOUNTIN__REQ_G__76C3E7BC
ACCOUNTING_ENTITY,REQ_CMNT_PWD_REQ,DF__ACCOUNTIN__REQ_C__75CFC383
ACCOUNTING_ENTITY,FIN_BATCH_SINGLE_TRANS,DF__ACCOUNTIN__FIN_B__31AFA360
ACCT_BAL_DIM_BATCH,FAILED_ATTEMPTS,DF__ACCT_BAL___FAILE__3FB3A9F4
ACCT_BAL_DIM_BATCH,CREATE_DATE,DF__ACCT_BAL___CREAT__40A7CE2D
ADJ_REASON_SYNC,CREATE_DATE,DF__ADJ_REASO__CREAT__35947786
ADJ_REASON_SYNC,SUBSCRIPTIONS,DF__ADJ_REASO__SUBSC__36889BBF
ADJUSTMENT_DETAIL,CURRENCY_ID,DF__ADJUSTMEN__CURRE__377CBFF8
ADJUSTMENT_DIST,CREATE_DATE,DF__ADJUSTMEN__CREAT__3870E431
ADJUSTMENT_DIST,CURRENCY_ID,DF__ADJUSTMEN__CURRE__3965086A
AIC_SYNC,CREATE_DATE,DF__AIC_SYNC__CREATE__3A592CA3
AIC_SYNC,SUBSCRIPTIONS,DF__AIC_SYNC__SUBSCR__3B4D50DC
ALLOCATION,TRIGGER_FREQ,DF__ALLOCATIO__TRIGG__3C417515
ALLOCATION,POST_ALL_TRACKING,DF__ALLOCATIO__POST___3D35994E
ALLOCATION,POST_AS_NATIVE,DF__ALLOCATIO__POST___3E29BD87
AMTS_PENDING_TRANS,QTY,DF__AMTS_PENDIN__QTY__3F1DE1C0
AMTS_PENDING_TRANS,QTY_REMAINDER,DF__AMTS_PEND__QTY_R__401205F9
AMTS_PENDING_TRANS,CREATE_DATE,DF__AMTS_PEND__CREAT__41062A32
APP_CONFIG,LOCKED,DF__APP_CONFI__LOCKE__09D6BC30
APP_CONFIG,SHARED,DF__APP_CONFI__SHARE__0ACAE069
APP_CONFIG_ITEM,ITEM_FOCUS,DF__APP_CONFI__ITEM___0DA74D14
APPLICATION_GLOBAL,MAXIMUM_USERS,DF__APPLICATI__MAXIM__6B523510
APPLICATION_GLOBAL,MFG_INTERFACE_USED,DF__APPLICATI__MFG_I__41FA4E6B
APPLICATION_GLOBAL,PURC_QUOTE_TYPE,DF__APPLICATI__PURC___43E296DD
APPLICATION_GLOBAL,VALIDATE_LOOKUPS,DF__APPLICATI__VALID__44D6BB16
APPLICATION_GLOBAL,FILTER_AVAIL_TRACE,DF__APPLICATI__FILTE__45CADF4F
APPLICATION_GLOBAL,ALLOW_EMAIL_DOC,DF__APPLICATI__ALLOW__46BF0388
APPLICATION_GLOBAL,PLM_ENABLED,DF__APPLICATI__PLM_E__0062608F
APPLICATION_GLOBAL,STORE_MACROS_IN_DB,DF__APPLICATI__STORE__024AA901
APPLICATION_GLOBAL,MOBILE_SESSION_TIMELIMIT,DF__APPLICATI__MOBIL__35803444
APPLICATION_USER,IS_VISUAL_USER,DF__APPLICATI__IS_VI__7E7A181D
APPLICATION_USER,IS_CRM_USER,DF__APPLICATI__IS_CR__7F6E3C56
APPLICATION_USER,IS_MOBILE_LABOR_USER,DF__APPLICATI__IS_MO__3674587D
APPLICATION_USER,IS_MOBILE_MATERIAL_USER,DF__APPLICATI__IS_MO__37687CB6
APS_LAYOUT,CREATE_DATE,DF__APS_LAYOU__CREAT__47B327C1
BANK_ACCOUNT,CURRENCY_ID,DF__BANK_ACCO__CURRE__48A74BFA
BANK_ADJ_CURR,AMOUNT,DF__BANK_ADJ___AMOUN__499B7033
BANK_ADJ_CURR,SELL_RATE,DF__BANK_ADJ___SELL___4A8F946C
BANK_ADJ_CURR,BUY_RATE,DF__BANK_ADJ___BUY_R__4B83B8A5
BANK_ADJ_DIST,CREATE_DATE,DF__BANK_ADJ___CREAT__4C77DCDE
BANK_ADJ_DIST,CURRENCY_ID,DF__BANK_ADJ___CURRE__4D6C0117
BANK_ADJUSTMENT,CREATE_DATE,DF__BANK_ADJU__CREAT__4E602550
BANK_DEPOSIT,AMOUNT,DF__BANK_DEPO__AMOUN__4F544989
BANK_DEPOSIT,CLEARED,DF__BANK_DEPO__CLEAR__50486DC2
BANK_STATEMENT,STARTING_BALANCE,DF__BANK_STAT__START__513C91FB
BANK_STATEMENT,ENDING_BALANCE,DF__BANK_STAT__ENDIN__5230B634
BOL,ASSIGN_ASN,DF__BOL__ASSIGN_ASN__5324DA6D
BOL,FREIGHT_TERMS,DF__BOL__FREIGHT_TER__5418FEA6
BOL,COD_FLAG,DF__BOL__COD_FLAG__550D22DF
BOL,CREATE_DATE,DF__BOL__CREATE_DATE__56014718
BUFFER,CREATE_DATE,DF__BUFFER__CREATE_D__56F56B51
BUFFER,MODIFIED_DATE,DF__BUFFER__MODIFIED__57E98F8A
BUFFER_STATUS,STATUS_DATE,DF__BUFFER_ST__STATU__58DDB3C3
BURD_DIST_DETAIL,SOURCE_TRANS_ID,DF__BURD_DIST__SOURC__59D1D7FC
BURD_DIST_DETAIL,SOURCE_ID,DF__BURD_DIST__SOURC__5AC5FC35
BURD_DIST_DETAIL,SOURCE_LINE_NO,DF__BURD_DIST__SOURC__5BBA206E
BURD_DIST_DETAIL,CURRENCY_ID,DF__BURD_DIST__CURRE__5CAE44A7
BURD_DIST_DETAIL,IS_RETRO,DF__BURD_DIST__IS_RE__5DA268E0
BURDEN_DIST,CURRENCY_ID,DF__BURDEN_DI__CURRE__5E968D19
BURDEN_DIST,IS_RETRO,DF__BURDEN_DI__IS_RE__5F8AB152
BURDEN_DIST,IS_PROJECT,DF__BURDEN_DI__IS_PR__607ED58B
BURDEN_DIST,CREATE_DATE,DF__BURDEN_DI__CREAT__6172F9C4
BURDEN_TRANS,IS_RETRO,DF__BURDEN_TR__IS_RE__62671DFD
CARRIER_SYNC,CREATE_DATE,DF__CARRIER_S__CREAT__635B4236
CARRIER_SYNC,SUBSCRIPTIONS,DF__CARRIER_S__SUBSC__644F666F
CARTON,CREATE_DATE,DF__CARTON__CREATE_D__65438AA8
CASH_BOOK_SUMMARY,CLEARED_BALANCE,DF__CASH_BOOK__CLEAR__6637AEE1
CASH_BOOK_SUMMARY,ACCT_BALANCE,DF__CASH_BOOK__ACCT___672BD31A
CASH_DISBURSE_CURR,AMOUNT,DF__CASH_DISB__AMOUN__681FF753
CASH_DISBURSE_CURR,SELL_RATE,DF__CASH_DISB__SELL___69141B8C
CASH_DISBURSE_CURR,BUY_RATE,DF__CASH_DISB__BUY_R__6A083FC5
CASH_DISBURSE_DIST,AMOUNT_TYPE,DF__CASH_DISB__AMOUN__6AFC63FE
CASH_DISBURSE_DIST,POSTING_STATUS,DF__CASH_DISB__POSTI__6BF08837
CASH_DISBURSE_DIST,CREATE_DATE,DF__CASH_DISB__CREAT__6CE4AC70
CASH_DISBURSE_DIST,CURRENCY_ID,DF__CASH_DISB__CURRE__6DD8D0A9
CASH_DISBURSE_LINE,WITHHELD_AMOUNT,DF__CASH_DISB__WITHH__6ECCF4E2
CASH_DISBURSE_LINE,WH_ALLOWED_AMOUNT,DF__CASH_DISB__WH_AL__6FC1191B
CASH_DISBURSEMENT,CREATE_DATE,DF__CASH_DISB__CREAT__70B53D54
CASH_DISBURSEMENT,STATUS,DF__CASH_DISB__STATU__71A9618D
CASH_DISBURSEMENT,CLEARED,DF__CASH_DISB__CLEAR__729D85C6
CASH_DISBURSEMENT,MARKED_FOR_PURGE,DF__CASH_DISB__MARKE__7391A9FF
CASH_DISBURSEMENT,PAYMENT_METHOD,DF__CASH_DISB__PAYME__7485CE38
CASH_DISBURSEMENT,CURRENCY_ID,DF__CASH_DISB__CURRE__7579F271
CASH_DISBURSEMENT,USER_EXCH_RATE,DF__CASH_DISB__USER___766E16AA
CASH_PLAN,BEGINNING_BALANCE,DF__CASH_PLAN__BEGIN__77623AE3
CASH_PLAN,CREATE_DATE,DF__CASH_PLAN__CREAT__78565F1C
CASH_RECEIPT,CREATE_DATE,DF__CASH_RECE__CREAT__794A8355
CASH_RECEIPT,STATUS,DF__CASH_RECE__STATU__7A3EA78E
CASH_RECEIPT,MARKED_FOR_PURGE,DF__CASH_RECE__MARKE__7B32CBC7
CASH_RECEIPT,PAYMENT_METHOD,DF__CASH_RECE__PAYME__7C26F000
CASH_RECEIPT_CURR,AMOUNT,DF__CASH_RECE__AMOUN__7D1B1439
CASH_RECEIPT_CURR,SELL_RATE,DF__CASH_RECE__SELL___7E0F3872
CASH_RECEIPT_CURR,BUY_RATE,DF__CASH_RECE__BUY_R__7F035CAB
CASH_RECEIPT_DIST,POSTING_STATUS,DF__CASH_RECE__POSTI__7FF780E4
CASH_RECEIPT_DIST,CREATE_DATE,DF__CASH_RECE__CREAT__00EBA51D
CASH_RECEIPT_DIST,CURRENCY_ID,DF__CASH_RECE__CURRE__01DFC956
CO_PRODUCT,RECEIVED_QTY,DF__CO_PRODUC__RECEI__02D3ED8F
CO_PRODUCT,LINE_STATUS,DF__CO_PRODUC__LINE___03C811C8
CO_PRODUCT,ALLOCATED_QTY,DF__CO_PRODUC__ALLOC__04BC3601
CO_PRODUCT,FULFILLED_QTY,DF__CO_PRODUC__FULFI__05B05A3A
CO_PRODUCT,STATUS_EFF_DATE,DF__CO_PRODUC__STATU__06A47E73
COMMODITY_SYNC,CREATE_DATE,DF__COMMODITY__CREAT__0798A2AC
COMMODITY_SYNC,SUBSCRIPTIONS,DF__COMMODITY__SUBSC__088CC6E5
CONSIGN_RECEIVER,CREATE_DATE,DF__CONSIGN_R__CREAT__0980EB1E
CONSOLIDATION,CREATE_DATE,DF__CONSOLIDA__CREAT__0A750F57
CONSOLIDATION_LOG,CREATE_DATE,DF__CONSOLIDA__CREAT__0B693390
CONTACT,GENDER_CODE,DF__CONTACT__GENDER___0C5D57C9
CONTACT,MARITAL_STATUS,DF__CONTACT__MARITAL__0D517C02
CONTACT,NO_CALL_PHONE,DF__CONTACT__NO_CALL__0E45A03B
CONTACT,NO_CALL_MOBILE,DF__CONTACT__NO_CALL__0F39C474
CONTACT,NO_EMAIL,DF__CONTACT__NO_EMAI__102DE8AD
COR_INBOX_ENTRY,C_MESSAGE_PRIORITY,DF__COR_INBOX__C_MES__11220CE6
COR_INBOX_ENTRY,C_WAS_PROCESSED,DF__COR_INBOX__C_WAS__1216311F
COR_OUTBOX_ENTRY,C_MESSAGE_PRIORITY,DF__COR_OUTBO__C_MES__130A5558
COR_OUTBOX_ENTRY,C_WAS_PROCESSED,DF__COR_OUTBO__C_WAS__13FE7991
COUNTRY,INTRASTAT_REQD,DF__COUNTRY__INTRAST__14F29DCA
COUNTRY,esl_country,DF__COUNTRY__esl_cou__15E6C203
CURRENCY,EURO_PARTICIPANT,DF__CURRENCY__EURO_P__16DAE63C
CUST_ADDRESS,TAX_EXEMPT,DF__CUST_ADDR__TAX_E__17CF0A75
CUST_ADDRESS,ORDER_FILL_RATE,DF__CUST_ADDR__ORDER__18C32EAE
CUST_ADDRESS,ACTIVE_FLAG,DF__CUST_ADDR__ACTIV__456C834A
CUST_BOOK_DEL,ALLOCATED_QTY,DF__CUST_BOOK__ALLOC__19B752E7
CUST_BOOK_DEL,FULFILLED_QTY,DF__CUST_BOOK__FULFI__1AAB7720
CUST_BOOK_LINE,CREATE_DATE,DF__CUST_BOOK__CREAT__1B9F9B59
CUST_CONTACT,PRIMARY_CONTACT,DF__CUST_CONT__PRIMA__1C93BF92
CUST_LINE_BILLING,CREATE_DATE,DF__CUST_LINE__CREAT__1D87E3CB
CUST_LINE_DEL,USER_ORDER_QTY,DF__CUST_LINE__USER___1E7C0804
CUST_LINE_DEL,ORDER_QTY,DF__CUST_LINE__ORDER__1F702C3D
CUST_LINE_DEL,USER_SHIPPED_QTY,DF__CUST_LINE__USER___20645076
CUST_LINE_DEL,SHIPPED_QTY,DF__CUST_LINE__SHIPP__215874AF
CUST_LINE_DEL,ALLOCATED_QTY,DF__CUST_LINE__ALLOC__224C98E8
CUST_LINE_DEL,FULFILLED_QTY,DF__CUST_LINE__FULFI__2340BD21
CUST_LINE_DEL,LINE_STATUS,DF__CUST_LINE__LINE___2434E15A
CUST_LINE_DEL,STATUS_EFF_DATE,DF__CUST_LINE__STATU__25290593
CUST_ORD_TYPE_SYNC,CREATE_DATE,DF__CUST_ORD___CREAT__261D29CC
CUST_ORD_TYPE_SYNC,SUBSCRIPTIONS,DF__CUST_ORD___SUBSC__27114E05
CUST_ORDER_ALLOC,ORDER_DEL_NO,DF__CUST_ORDE__ORDER__45EBA637
CUST_ORDER_ALLOC,ORDER_QTY,DF__CUST_ORDE__ORDER__46DFCA70
CUST_ORDER_ALLOC,SHIPPED_QTY,DF__CUST_ORDE__SHIPP__47D3EEA9
CUST_ORDER_ALLOC,LOT_ID,DF__CUST_ORDE__LOT_I__48C812E2
CUST_ORDER_ALLOC,SPLIT_ID,DF__CUST_ORDE__SPLIT__49BC371B
CUST_ORDER_ALLOC,PURC_LINE_NO,DF__CUST_ORDE__PURC___4AB05B54
CUST_ORDER_ALLOC,PURC_DEL_NO,DF__CUST_ORDE__PURC___4BA47F8D
CUST_ORDER_ALLOC,DESIRED_QTY,DF__CUST_ORDE__DESIR__4C98A3C6
CUST_ORDER_ALLOC,RECEIVED_QTY,DF__CUST_ORDE__RECEI__4D8CC7FF
CUST_ORDER_ALLOC,UNIT_PRICE,DF__CUST_ORDE__UNIT___4E80EC38
CUST_ORDER_ALLOC,MATERIAL_COST,DF__CUST_ORDE__MATER__4F751071
CUST_ORDER_ALLOC,SERVICE_COST,DF__CUST_ORDE__SERVI__506934AA
CUST_ORDER_ALLOC,ALLOCATED_QTY,DF__CUST_ORDE__ALLOC__515D58E3
CUST_ORDER_ALLOC,VALUE_LATE,DF__CUST_ORDE__VALUE__52517D1C
CUST_ORDER_ALLOC,DAYS_LATE,DF__CUST_ORDE__DAYS___5345A155
CUST_ORDER_ALLOC,OPP_LOST,DF__CUST_ORDE__OPP_L__5439C58E
CUST_ORDER_CURR,AMOUNT,DF__CUST_ORDE__AMOUN__2805723E
CUST_ORDER_CURR,SELL_RATE,DF__CUST_ORDE__SELL___28F99677
CUST_ORDER_CURR,BUY_RATE,DF__CUST_ORDE__BUY_R__29EDBAB0
CUST_ORDER_LINE,LINE_STATUS,DF__CUST_ORDE__LINE___2AE1DEE9
CUST_ORDER_LINE,UNIT_PRICE,DF__CUST_ORDE__UNIT___2BD60322
CUST_ORDER_LINE,TRADE_DISC_PERCENT,DF__CUST_ORDE__TRADE__2CCA275B
CUST_ORDER_LINE,EST_FREIGHT,DF__CUST_ORDE__EST_F__2DBE4B94
CUST_ORDER_LINE,TOTAL_ACT_FREIGHT,DF__CUST_ORDE__TOTAL__2EB26FCD
CUST_ORDER_LINE,TOTAL_SHIPPED_QTY,DF__CUST_ORDE__TOTAL__2FA69406
CUST_ORDER_LINE,TOTAL_USR_SHIP_QTY,DF__CUST_ORDE__TOTAL__309AB83F
CUST_ORDER_LINE,TOTAL_AMT_SHIPPED,DF__CUST_ORDE__TOTAL__318EDC78
CUST_ORDER_LINE,TOTAL_AMT_ORDERED,DF__CUST_ORDE__TOTAL__328300B1
CUST_ORDER_LINE,WIP_VAS_UNIT_PRICE,DF__CUST_ORDE__WIP_V__337724EA
CUST_ORDER_LINE,ALLOCATED_QTY,DF__CUST_ORDE__ALLOC__346B4923
CUST_ORDER_LINE,FULFILLED_QTY,DF__CUST_ORDE__FULFI__355F6D5C
CUST_ORDER_LINE,STATUS_EFF_DATE,DF__CUST_ORDE__STATU__36539195
CUST_ORDER_LINE,EMAIL_NOTIFICATION,DF__CUST_ORDE__EMAIL__160788EB
CUST_ORDER_LINE,POSTING_CANDIDATE,DF__CUST_ORDE__POSTI__30BB7F27
CUST_ORDER_SYNC,CREATE_DATE,DF__CUST_ORDE__CREAT__3747B5CE
CUST_ORDER_SYNC,SUBSCRIPTIONS,DF__CUST_ORDE__SUBSC__383BDA07
CUST_ORDL_WIP_VAS,WIP_VAS_UNIT_PRICE,DF__CUST_ORDL__WIP_V__392FFE40
CUST_PRIORITY,FILL_RATE,DF__CUST_PRIO__FILL___3A242279
CUSTOMER,CURRENCY_ID,DF__CUSTOMER__CURREN__3B1846B2
CUSTOMER,TAX_EXEMPT,DF__CUSTOMER__TAX_EX__3C0C6AEB
CUSTOMER,BACKORDER_FLAG,DF__CUSTOMER__BACKOR__3D008F24
CUSTOMER,TERMS_NET_TYPE,DF__CUSTOMER__TERMS___3DF4B35D
CUSTOMER,TERMS_DISC_TYPE,DF__CUSTOMER__TERMS___3EE8D796
CUSTOMER,FREIGHT_TERMS,DF__CUSTOMER__FREIGH__3FDCFBCF
CUSTOMER,DUNNING_LETTERS,DF__CUSTOMER__DUNNIN__40D12008
CUSTOMER,VAT_DISCOUNTED,DF__CUSTOMER__VAT_DI__41C54441
CUSTOMER,vat_always_disc,DF__CUSTOMER__vat_al__42B9687A
CUSTOMER,vat_override_seq,DF__CUSTOMER__vat_ov__43AD8CB3
CUSTOMER,STATUS_EFF_DATE,DF__CUSTOMER__STATUS__44A1B0EC
CUSTOMER,EMAIL_CUST_ON_NEW_ORDER,DF__CUSTOMER__EMAIL___0E666723
CUSTOMER,EMAIL_CUST_ON_CHG_ORDER,DF__CUSTOMER__EMAIL___0F5A8B5C
CUSTOMER,EMAIL_CUST_ON_SHIPMENT,DF__CUSTOMER__EMAIL___104EAF95
CUSTOMER,EMAIL_EMPL_ON_NEW_ORDER,DF__CUSTOMER__EMAIL___1142D3CE
CUSTOMER,EMAIL_EMPL_ON_CHG_ORDER,DF__CUSTOMER__EMAIL___1236F807
CUSTOMER,EMAIL_EMPL_ON_SHIPMENT,DF__CUSTOMER__EMAIL___132B1C40
CUSTOMER,EMAIL_EMPL_ON_INV_PAID,DF__CUSTOMER__EMAIL___141F4079
CUSTOMER_BANK,IS_DEFAULT,DF__CUSTOMER___IS_DE__4595D525
CUSTOMER_BOOKINGS,CREATE_DATE,DF__CUSTOMER___CREAT__4689F95E
CUSTOMER_ENTITY,CREDIT_STATUS,DF__CUSTOMER___CREDI__477E1D97
CUSTOMER_ENTITY,CREDIT_LIMIT_CTL,DF__CUSTOMER___CREDI__487241D0
CUSTOMER_ENTITY,TOTAL_OPEN_ORDERS,DF__CUSTOMER___TOTAL__49666609
CUSTOMER_ENTITY,TOTAL_OPEN_RECV,DF__CUSTOMER___TOTAL__4A5A8A42
CUSTOMER_ENTITY,OPEN_ORDER_COUNT,DF__CUSTOMER___OPEN___4B4EAE7B
CUSTOMER_ENTITY,OPEN_RECV_COUNT,DF__CUSTOMER___OPEN___4C42D2B4
CUSTOMER_ENTITY,TOTAL_OPEN_SHIPPED,DF__CUSTOMER___TOTAL_OPEN_SHIPPED
CUSTOMER_ENTITY,SHIP_CREDIT_LIMIT_CTL,DF__CUSTOMER___SHIP___1B564DED
CUSTOMER_ORDER,TERMS_NET_TYPE,DF__CUSTOMER___TERMS__4D36F6ED
CUSTOMER_ORDER,TERMS_DISC_TYPE,DF__CUSTOMER___TERMS__4E2B1B26
CUSTOMER_ORDER,FREIGHT_TERMS,DF__CUSTOMER___FREIG__4F1F3F5F
CUSTOMER_ORDER,ORDER_DATE,DF__CUSTOMER___ORDER__50136398
CUSTOMER_ORDER,BACK_ORDER,DF__CUSTOMER___BACK___510787D1
CUSTOMER_ORDER,STATUS,DF__CUSTOMER___STATU__51FBAC0A
CUSTOMER_ORDER,POSTING_CANDIDATE,DF__CUSTOMER___POSTI__52EFD043
CUSTOMER_ORDER,TOTAL_AMT_ORDERED,DF__CUSTOMER___TOTAL__53E3F47C
CUSTOMER_ORDER,TOTAL_AMT_SHIPPED,DF__CUSTOMER___TOTAL__54D818B5
CUSTOMER_ORDER,MARKED_FOR_PURGE,DF__CUSTOMER___MARKE__55CC3CEE
CUSTOMER_ORDER,EDI_FLAG,DF__CUSTOMER___EDI_F__56C06127
CUSTOMER_ORDER,EXCH_RATE_FIXED,DF__CUSTOMER___EXCH___57B48560
CUSTOMER_ORDER,CURRENCY_ID,DF__CUSTOMER___CURRE__58A8A999
CUSTOMER_ORDER,CREATE_DATE,DF__CUSTOMER___CREAT__599CCDD2
CUSTOMER_ORDER,CONSIGNMENT,DF__CUSTOMER___CONSI__5A90F20B
CUSTOMER_ORDER,STATUS_EFF_DATE,DF__CUSTOMER___STATU__5B851644
CUSTOMER_ORDER,EMAIL_NOTIFICATION,DF__CUSTOMER___EMAIL__151364B2
CUSTOMER_ORDER,EMAIL_CUST_ON_NEW_ORDER,DF__CUSTOMER___EMAIL__16FBAD24
CUSTOMER_ORDER,EMAIL_CUST_ON_CHG_ORDER,DF__CUSTOMER___EMAIL__17EFD15D
CUSTOMER_ORDER,EMAIL_CUST_ON_SHIPMENT,DF__CUSTOMER___EMAIL__18E3F596
CUSTOMER_ORDER,EMAIL_EMPL_ON_NEW_ORDER,DF__CUSTOMER___EMAIL__19D819CF
CUSTOMER_ORDER,EMAIL_EMPL_ON_CHG_ORDER,DF__CUSTOMER___EMAIL__1ACC3E08
CUSTOMER_ORDER,EMAIL_EMPL_ON_SHIPMENT,DF__CUSTOMER___EMAIL__1BC06241
CUSTOMER_ORDER,EMAIL_EMPL_ON_INV_PAID,DF__CUSTOMER___EMAIL__1CB4867A
CUSTOMER_SITE,ORDER_FILL_RATE,DF__CUSTOMER___ORDER__5C793A7D
CUSTOMER_SITE,EMAIL_INVOICE,DF__CUSTOMER___EMAIL__3950C528
CUSTOMER_SYNC,CREATE_DATE,DF__CUSTOMER___CREAT__5D6D5EB6
CUSTOMER_SYNC,SUBSCRIPTIONS,DF__CUSTOMER___SUBSC__5E6182EF
DASHBOARD_ITEM_AUTHORITY,PERMISSION,DF__DASHBOARD__PERMI__4032CCE1
DATA_EXPORT,ABUT_PREVIOUS,DF__DATA_EXPO__ABUT___5F55A728
DATA_EXPORT,DATA_TYPE,DF__DATA_EXPO__DATA___6049CB61
DATA_EXPORT,QUOTE_DATA,DF__DATA_EXPO__QUOTE__613DEF9A
DATA_EXPORT,COMMA_SEPARATE,DF__DATA_EXPO__COMMA__623213D3
DATA_EXPORT,TERMINATE_RECORD,DF__DATA_EXPO__TERMI__6326380C
DBR_EVENT_DETECT,CREATE_DATE,DF__DBR_EVENT__CREAT__641A5C45
DBR_EVENT_TRIGGER,CREATE_DATE,DF__DBR_EVENT__CREAT__650E807E
DEMAND_SUPPLY_LINK,ALLOCATED_QTY,DF__DEMAND_SU__ALLOC__6602A4B7
DEMAND_SUPPLY_LINK,RECEIVED_QTY,DF__DEMAND_SU__RECEI__66F6C8F0
DEMAND_SUPPLY_LINK,ISSUED_QTY,DF__DEMAND_SU__ISSUE__67EAED29
DEMAND_SUPPLY_LINK,CREATE_DATE,DF__DEMAND_SU__CREAT__68DF1162
DEMSUP_SUMMARY,RECEIVED_QTY,DF__DEMSUP_SU__RECEI__69D3359B
DOCUMENT,PATH_TYPE,DF__DOCUMENT__PATH_T__6AC759D4
DOCUMENT_EML_AUDIT,EMAIL_DATE,DF__DOCUMENT___EMAIL__02F4B477
DOCUMENT_REF_PATH,CREATE_DATE,DF__DOCUMENT___CREAT__6B1D2AE6
DOCUMENT_REF_WF,CREATE_DATE,DF__DOCUMENT___CREAT__6BBB7E0D
EC,PRIORITY,DF__EC__PRIORITY__6CAFA246
EC,CREATE_DATE,DF__EC__CREATE_DATE__6DA3C67F
EC,NEXT_LINE_NO,DF__EC__NEXT_LINE_NO__6E97EAB8
EC,STATUS_EFF_DATE,DF__EC__STATUS_EFF_D__6F8C0EF1
EC_GROUP_USER,CREATE_DATE,DF__EC_GROUP___CREAT__7080332A
EC_LINE,CREATE_DATE,DF__EC_LINE__CREATE___71745763
EC_LINE,STATUS_EFF_DATE,DF__EC_LINE__STATUS___72687B9C
EC_REASONS,CREATE_DATE,DF__EC_REASON__CREAT__735C9FD5
EC_TYPES,CREATE_DATE,DF__EC_TYPES__CREATE__7450C40E
ECN,STATUS,DF__ECN__STATUS__7544E847
ECN,CREATE_DATE,DF__ECN__CREATE_DATE__76390C80
ECN_DETAIL,CHILD_NOTIFY,DF__ECN_DETAI__CHILD__772D30B9
ECN_DETAIL,LOCK_NOTIFY,DF__ECN_DETAI__LOCK___782154F2
ECN_DETAIL,ECN_ACTION,DF__ECN_DETAI__ECN_A__7915792B
ECN_DETAIL,RESTORED,DF__ECN_DETAI__RESTO__7A099D64
ECN_DETAIL,CREATE_DATE,DF__ECN_DETAI__CREAT__7AFDC19D
EMPLOYEE,TYPE,DF__EMPLOYEE__TYPE__7BF1E5D6
EMPLOYEE,ACTIVE,DF__EMPLOYEE__ACTIVE__7CE60A0F
EMPLOYEE,MERLIN_EMP,DF__EMPLOYEE__MERLIN__7DDA2E48
EMPLOYEE_BINARY,BITS_LENGTH,DF__EMPLOYEE___BITS___7ECE5281
EMPLOYEE_SYNC,CREATE_DATE,DF__EMPLOYEE___CREAT__7FC276BA
EMPLOYEE_SYNC,SUBSCRIPTIONS,DF__EMPLOYEE___SUBSC__00B69AF3
EVENT_BINARY,BITS_LENGTH,DF__EVENT_BIN__BITS___01AABF2C
EVENT_DETECT,CREATE_DATE,DF__EVENT_DET__CREAT__029EE365
EVENT_LOG,CREATE_DATE,DF__EVENT_LOG__CREAT__0393079E
EVENT_TRIGGER,CREATE_DATE,DF__EVENT_TRI__CREAT__04872BD7
FIN_DIST_DETAIL,CURRENCY_ID,DF__FIN_DIST___CURRE__057B5010
FINANCIAL_CALENDAR,PERIOD_TYPE,DF__FINANCIAL__PERIO__79A05467
FINANCIAL_CALENDAR,PERIODS_PER_YEAR,DF__FINANCIAL__PERIO__7A9478A0
FOB_POINT_SYNC,CREATE_DATE,DF__FOB_POINT__CREAT__066F7449
FOB_POINT_SYNC,SUBSCRIPTIONS,DF__FOB_POINT__SUBSC__07639882
GAGE,SERIALNUM_REQD,DF__GAGE__SERIALNUM___0857BCBB
GJ,TOTAL_DR_AMOUNT,DF__GJ__TOTAL_DR_AMO__094BE0F4
GJ,TOTAL_CR_AMOUNT,DF__GJ__TOTAL_CR_AMO__0A40052D
GJ,SELL_RATE,DF__GJ__SELL_RATE__0B342966
GJ,BUY_RATE,DF__GJ__BUY_RATE__0C284D9F
GJ,CREATE_DATE,DF__GJ__CREATE_DATE__0D1C71D8
GJ,POST_ALL_TRACKING,DF__GJ__POST_ALL_TRA__0E109611
GJ,POST_AS_NATIVE,DF__GJ__POST_AS_NATI__0F04BA4A
GJ,USER_EXCH_RATE,DF__GJ__USER_EXCH_RA__0FF8DE83
GJ,POSTING_CANDIDATE,DF__GJ__POSTING_CAND__10ED02BC
GJ_CURR,AMOUNT,DF__GJ_CURR__AMOUNT__11E126F5
GJ_CURR,SELL_RATE,DF__GJ_CURR__SELL_RA__12D54B2E
GJ_CURR,BUY_RATE,DF__GJ_CURR__BUY_RAT__13C96F67
GJ_DIST,CREATE_DATE,DF__GJ_DIST__CREATE___14BD93A0
GJ_DIST,CURRENCY_ID,DF__GJ_DIST__CURRENC__15B1B7D9
GJ_LINE_CURR,AMOUNT,DF__GJ_LINE_C__AMOUN__16A5DC12
GJ_LINE_CURR,SELL_RATE,DF__GJ_LINE_C__SELL___179A004B
GJ_LINE_CURR,BUY_RATE,DF__GJ_LINE_C__BUY_R__188E2484
GROUP_USER,CREATE_DATE,DF__GROUP_USE__CREAT__198248BD
GROUPS,CREATE_DATE,DF__GROUPS__CREATE_D__1A766CF6
HARMONIZED_TARIFF,DUTY_PERCENT,DF__HARMONIZE__DUTY___1B6A912F
HTS_DUTY_PERCENT,DUTY_PERCENT,DF__HTS_DUTY___DUTY___1C5EB568
IBT,ORDER_DATE,DF__IBT__ORDER_DATE__1D52D9A1
IBT,STATUS,DF__IBT__STATUS__1E46FDDA
IBT,MARKED_FOR_PURGE,DF__IBT__MARKED_FOR___1F3B2213
IBT,CONSIGNED_XFR_TYPE,DF__IBT__CONSIGNED_X__202F464C
IBT,STATUS_EFF_DATE,DF__IBT__STATUS_EFF___21236A85
IBT_LINE,LINE_STATUS,DF__IBT_LINE__LINE_S__22178EBE
IBT_LINE,DEM_ALLOCATED_QTY,DF__IBT_LINE__DEM_AL__230BB2F7
IBT_LINE,DEM_FULFILLED_QTY,DF__IBT_LINE__DEM_FU__23FFD730
IBT_LINE,SUP_ALLOCATED_QTY,DF__IBT_LINE__SUP_AL__24F3FB69
IBT_LINE,SUP_FULFILLED_QTY,DF__IBT_LINE__SUP_FU__25E81FA2
IBT_LINE,STATUS_EFF_DATE,DF__IBT_LINE__STATUS__26DC43DB
IBT_RECEIVER,CREATE_DATE,DF__IBT_RECEI__CREAT__27D06814
IBT_RECEIVER,MARKED_FOR_PURGE,DF__IBT_RECEI__MARKE__28C48C4D
IBT_RECEIVER_LINE,ACT_FREIGHT,DF__IBT_RECEI__ACT_F__29B8B086
IBT_SHIPPER,CREATE_DATE,DF__IBT_SHIPP__CREAT__2AACD4BF
IBT_SHIPPER,MARKED_FOR_PURGE,DF__IBT_SHIPP__MARKE__2BA0F8F8
IBT_SHIPPER_LINE,ACT_FREIGHT,DF__IBT_SHIPP__ACT_F__2C951D31
IBT_SYNC,CREATE_DATE,DF__IBT_SYNC__CREATE__2D89416A
IBT_SYNC,SUBSCRIPTIONS,DF__IBT_SYNC__SUBSCR__2E7D65A3
INBOX_ERROR,C_CREATE_DATE,DF__INBOX_ERR__C_CRE__2F7189DC
INDIRECT_DETAIL,CURRENCY_ID,DF__INDIRECT___CURRE__3065AE15
INDIRECT_DIST,CREATE_DATE,DF__INDIRECT___CREAT__3159D24E
INDIRECT_DIST,CURRENCY_ID,DF__INDIRECT___CURRE__324DF687
INDIVIDUAL_PRV_HISTORY,CREATE_DATE,DF__INDIVIDUA__CREAT__19C30B36
INSPECTION_ORDER,STATUS,DF__INSPECTIO__STATU__33421AC0
INSPECTION_ORDER,STATUS_EFF_DATE,DF__INSPECTIO__STATU__34363EF9
INSPECTION_ORDER,QTY_RECEIVED_BASE,DF__INSPECTIO__QTY_R__352A6332
INSPECTION_ORDER,QTY_ACCEPTED_BASE,DF__INSPECTIO__QTY_A__361E876B
INSPECTION_ORDER,QTY_REJECTED_BASE,DF__INSPECTIO__QTY_R__3712ABA4
INSPECTION_ORDER,QTY_HOLD_BASE,DF__INSPECTIO__QTY_H__3806CFDD
INSPECTION_ORDER,QTY_RECEIVED,DF__INSPECTIO__QTY_R__38FAF416
INSPECTION_ORDER,QTY_ACCEPTED,DF__INSPECTIO__QTY_A__39EF184F
INSPECTION_ORDER,QTY_REJECTED,DF__INSPECTIO__QTY_R__3AE33C88
INSPECTION_ORDER,QTY_HOLD,DF__INSPECTIO__QTY_H__3BD760C1
INSPECTION_ORDER,LAST_MOD_DATE,DF__INSPECTIO__LAST___3CCB84FA
INSPECTION_ORDER,CREATE_DATE,DF__INSPECTIO__CREAT__3DBFA933
INSTALLMENT,PERIOD_TYPE,DF__INSTALLME__PERIO__3EB3CD6C
INSTALLMENT_LINE,INST_PERCENT,DF__INSTALLME__INST___3FA7F1A5
INV_PIECES,QTY,DF__INV_PIECES__QTY__409C15DE
INV_RECEIPT_DIST,QTY,DF__INV_RECEIPT__QTY__41903A17
INV_TRANS_CURR,ACT_MATERIAL_COST,DF__INV_TRANS__ACT_M__42845E50
INV_TRANS_CURR,ACT_LABOR_COST,DF__INV_TRANS__ACT_L__43788289
INV_TRANS_CURR,ACT_BURDEN_COST,DF__INV_TRANS__ACT_B__446CA6C2
INV_TRANS_CURR,ACT_SERVICE_COST,DF__INV_TRANS__ACT_S__4560CAFB
INV_TRANS_CURR,SELL_RATE,DF__INV_TRANS__SELL___4654EF34
INV_TRANS_CURR,BUY_RATE,DF__INV_TRANS__BUY_R__4749136D
INV_TRANS_DIST_TRC,ACT_MATERIAL_COST,DF__INV_TRANS__ACT_M__483D37A6
INV_TRANS_DIST_TRC,ACT_LABOR_COST,DF__INV_TRANS__ACT_L__49315BDF
INV_TRANS_DIST_TRC,ACT_BURDEN_COST,DF__INV_TRANS__ACT_B__4A258018
INV_TRANS_DIST_TRC,ACT_SERVICE_COST,DF__INV_TRANS__ACT_S__4B19A451
INVENTORY_BALANCE,CURRENCY_ID,DF__INVENTORY__CURRE__4C0DC88A
INVENTORY_TRANS,COSTED_QTY,DF__INVENTORY__COSTE__4D01ECC3
INVENTORY_TRANS,POSTING_CANDIDATE,DF__INVENTORY__POSTI__4DF610FC
INVENTORY_TRANS,ACT_MATERIAL_COST,DF__INVENTORY__ACT_M__4EEA3535
INVENTORY_TRANS,ACT_LABOR_COST,DF__INVENTORY__ACT_L__4FDE596E
INVENTORY_TRANS,ACT_BURDEN_COST,DF__INVENTORY__ACT_B__50D27DA7
INVENTORY_TRANS,ACT_SERVICE_COST,DF__INVENTORY__ACT_S__51C6A1E0
INVENTORY_TRANS,CREATE_DATE,DF__INVENTORY__CREAT__52BAC619
INVENTORY_TRANS,COUNT_SEQUENCE,DF__INVENTORY__COUNT__53AEEA52
JOURNAL,CREATE_DATE,DF__JOURNAL__CREATE___54A30E8B
JOURNAL,CURRENCY_ID,DF__JOURNAL__CURRENC__559732C4
JOURNAL_BATCH,TYPE,DF__JOURNAL_BA__TYPE__568B56FD
JOURNAL_BATCH,CREATE_DATE,DF__JOURNAL_B__CREAT__577F7B36
JOURNAL_BATCH,LOCKED,DF__JOURNAL_B__LOCKE__58739F6F
JOURNAL_BATCH,DEBIT_AMOUNT,DF__JOURNAL_B__DEBIT__5967C3A8
JOURNAL_BATCH,CREDIT_AMOUNT,DF__JOURNAL_B__CREDI__5A5BE7E1
JOURNAL_DIM,POSTING_DATE,DF__JOURNAL_D__POSTI__5B500C1A
JOURNAL_DIM_FILTER,IS_DEFAULT,DF__JOURNAL_D__IS_DE__5C443053
LABOR_TICKET,TYPE,DF__LABOR_TICK__TYPE__5D38548C
LABOR_TICKET,SETUP_COMPLETED,DF__LABOR_TIC__SETUP__5E2C78C5
LABOR_TICKET,BAD_QTY,DF__LABOR_TIC__BAD_Q__5F209CFE
LABOR_TICKET,POSTING_CANDIDATE,DF__LABOR_TIC__POSTI__6014C137
LABOR_TICKET,INDIRECT_CODE,DF__LABOR_TIC__INDIR__6108E570
LABOR_TICKET,ACT_LABOR_COST,DF__LABOR_TIC__ACT_L__61FD09A9
LABOR_TICKET,ACT_BURDEN_COST,DF__LABOR_TIC__ACT_B__62F12DE2
LABOR_TICKET,CREATE_DATE,DF__LABOR_TIC__CREAT__63E5521B
LABOR_TICKET,MT_SPE_NCM_QTY,DF__LABOR_TIC__MT_SP__64D97654
LABOR_TICKET,MT_OS_NCM_QTY,DF__LABOR_TIC__MT_OS__65CD9A8D
LABOR_TICKET,MT_OVER_COMPLETE,DF__LABOR_TIC__MT_OV__66C1BEC6
LABOR_TICKET,MT_FAILED_INSPECT,DF__LABOR_TIC__MT_FA__67B5E2FF
LABOR_TICKET_CURR,ACT_LABOR_COST,DF__LABOR_TIC__ACT_L__68AA0738
LABOR_TICKET_CURR,ACT_BURDEN_COST,DF__LABOR_TIC__ACT_B__699E2B71
LABOR_TICKET_CURR,ACT_MATERIAL_COST,DF__LABOR_TIC__ACT_M__6A924FAA
LABOR_TICKET_CURR,ACT_SERVICE_COST,DF__LABOR_TIC__ACT_S__6B8673E3
LABOR_TICKET_CURR,SELL_RATE,DF__LABOR_TIC__SELL___6C7A981C
LABOR_TICKET_CURR,BUY_RATE,DF__LABOR_TIC__BUY_R__6D6EBC55
LANG_TRANSLATIONS,ACTIVE,DF__LANG_TRAN__ACTIV__1E52B629
LANG_TRANSLATIONS,GATHER_MODE,DF__LANG_TRAN__GATHE__1F46DA62
LANG_TRANSLATIONS,BITS_LENGTH,DF__LANG_TRAN__BITS___203AFE9B
LANG_TRANSLATIONS,BITS,DF__LANG_TRANS__BITS__212F22D4
LANG_TRANSLATIONS,TYPE,DF__LANG_TRANS__TYPE__61D3B7CE
LOGINS,LOGIN_TIME,DF__LOGINS__LOGIN_TI__6E62E08E
LOGINS,LAST_ACTIVITY,DF__LOGINS__LAST_ACT__6F5704C7
MASTER_SCHEDULE,MASTER_SCHEDULE_ID,DF__MASTER_SC__MASTE__704B2900
MASTER_SCHEDULE,FIRMED,DF__MASTER_SC__FIRME__713F4D39
NMFC_CODE,HAZARDOUS,DF__NMFC_CODE__HAZAR__72337172
NMFC_CODE_SYNC,CREATE_DATE,DF__NMFC_CODE__CREAT__732795AB
NMFC_CODE_SYNC,SUBSCRIPTIONS,DF__NMFC_CODE__SUBSC__741BB9E4
NOTIFICATION_DATA,CREATE_DATE,DF__NOTIFICAT__CREAT__796B4A3D
NOTIFICATION_EMPLOYEE_DOC,NOTIFY_ME_TYPE,DF__NOTIFICAT__NOTIF__73B270E7
NOTIFICATION_TOKEN,SELECTED_TOKEN,DF__NOTIFICAT__SELEC__419BF266
NOTIFICATION_TOKEN,DATA_FORMAT_TYPE,DF__NOTIFICAT__DATA___4290169F
NOTIFICATION_TOKEN,MIN_DECIMAL_POSITIONS,DF__NOTIFICAT__MIN_D__43843AD8
NOTIFICATION_TOKEN,CALCULATED_VALUE,DF__NOTIFICAT__CALCU__44785F11
OPER_TYPE_RESOURCE,JUSTIFICATION,DF__OPER_TYPE__JUSTI__750FDE1D
OPER_TYPE_SYNC,CREATE_DATE,DF__OPER_TYPE__CREAT__76040256
OPER_TYPE_SYNC,SUBSCRIPTIONS,DF__OPER_TYPE__SUBSC__76F8268F
OPERATION,SCRAP_YIELD_TYPE,DF__OPERATION__SCRAP__77EC4AC8
OPERATION,FIXED_SCRAP_UNITS,DF__OPERATION__FIXED__78E06F01
OPERATION,COMPLETED_QTY,DF__OPERATION__COMPL__79D4933A
OPERATION,DEVIATED_QTY,DF__OPERATION__DEVIA__7AC8B773
OPERATION,ACT_SETUP_HRS,DF__OPERATION__ACT_S__7BBCDBAC
OPERATION,ACT_RUN_HRS,DF__OPERATION__ACT_R__7CB0FFE5
OPERATION,STATUS,DF__OPERATION__STATU__7DA5241E
OPERATION,SETUP_COMPLETED,DF__OPERATION__SETUP__7E994857
OPERATION,OVERRIDE_QTYS,DF__OPERATION__OVERR__7F8D6C90
OPERATION,BEGIN_TRACEABILITY,DF__OPERATION__BEGIN__008190C9
OPERATION,ISDETERMINANT,DF__OPERATION__ISDET__0175B502
OPERATION,SETUP_COST_PER_HR,DF__OPERATION__SETUP__0269D93B
OPERATION,RUN_COST_PER_HR,DF__OPERATION__RUN_C__035DFD74
OPERATION,RUN_COST_PER_UNIT,DF__OPERATION__RUN_C__045221AD
OPERATION,BUR_PER_HR_SETUP,DF__OPERATION__BUR_P__054645E6
OPERATION,BUR_PER_HR_RUN,DF__OPERATION__BUR_P__063A6A1F
OPERATION,BUR_PER_UNIT_RUN,DF__OPERATION__BUR_P__072E8E58
OPERATION,SERVICE_BASE_CHG,DF__OPERATION__SERVI__0822B291
OPERATION,BUR_PERCENT_SETUP,DF__OPERATION__BUR_P__0916D6CA
OPERATION,BUR_PERCENT_RUN,DF__OPERATION__BUR_P__0A0AFB03
OPERATION,BUR_PER_OPERATION,DF__OPERATION__BUR_P__0AFF1F3C
OPERATION,EST_ATL_LAB_COST,DF__OPERATION__EST_A__0BF34375
OPERATION,EST_ATL_BUR_COST,DF__OPERATION__EST_A__0CE767AE
OPERATION,EST_ATL_SER_COST,DF__OPERATION__EST_A__0DDB8BE7
OPERATION,REM_ATL_LAB_COST,DF__OPERATION__REM_A__0ECFB020
OPERATION,REM_ATL_BUR_COST,DF__OPERATION__REM_A__0FC3D459
OPERATION,REM_ATL_SER_COST,DF__OPERATION__REM_A__10B7F892
OPERATION,ACT_ATL_LAB_COST,DF__OPERATION__ACT_A__11AC1CCB
OPERATION,ACT_ATL_BUR_COST,DF__OPERATION__ACT_A__12A04104
OPERATION,ACT_ATL_SER_COST,DF__OPERATION__ACT_A__1394653D
OPERATION,EST_TTL_MAT_COST,DF__OPERATION__EST_T__14888976
OPERATION,EST_TTL_LAB_COST,DF__OPERATION__EST_T__157CADAF
OPERATION,EST_TTL_BUR_COST,DF__OPERATION__EST_T__1670D1E8
OPERATION,EST_TTL_SER_COST,DF__OPERATION__EST_T__1764F621
OPERATION,REM_TTL_MAT_COST,DF__OPERATION__REM_T__18591A5A
OPERATION,REM_TTL_LAB_COST,DF__OPERATION__REM_T__194D3E93
OPERATION,REM_TTL_BUR_COST,DF__OPERATION__REM_T__1A4162CC
OPERATION,REM_TTL_SER_COST,DF__OPERATION__REM_T__1B358705
OPERATION,ACT_TTL_MAT_COST,DF__OPERATION__ACT_T__1C29AB3E
OPERATION,ACT_TTL_LAB_COST,DF__OPERATION__ACT_T__1D1DCF77
OPERATION,ACT_TTL_BUR_COST,DF__OPERATION__ACT_T__1E11F3B0
OPERATION,ACT_TTL_SER_COST,DF__OPERATION__ACT_T__1F0617E9
OPERATION,SPLIT_ADJUSTMENT,DF__OPERATION__SPLIT__1FFA3C22
OPERATION,PROTECT_COST,DF__OPERATION__PROTE__20EE605B
OPERATION,DISPATCHED_QTY,DF__OPERATION__DISPA__21E28494
OPERATION,SERVICE_MIN_CHG,DF__OPERATION__SERVI__22D6A8CD
OPERATION,ALLOCATED_QTY,DF__OPERATION__ALLOC__23CACD06
OPERATION,FULFILLED_QTY,DF__OPERATION__FULFI__24BEF13F
OPERATION,STATUS_EFF_DATE,DF__OPERATION__STATU__25B31578
OPERATION,OVERLAP_SETUP,DF__OPERATION__OVERL__2E692261
OPERATION,PERCENT_COMPL,DF__OPERATION__PERCE__2CA0D580
OPERATION,QTY_COMPL_BY_HRS,DF__OPERATION__QTY_C__2D94F9B9
OPERATION,MAX_QTY_COMPLETE,DF__OPERATION__MAX_Q__2E891DF2
OPERATION,DISPATCH_SEQUENCE,DF__OPERATION__DISPA__2F7D422B
OPERATION_AUDIT,DIRECTION,DF__OPERATION__DIREC__26A739B1
OPERATION_AUDIT,RESULT,DF__OPERATION__RESUL__279B5DEA
OPERATION_RESOURCE,JUSTIFICATION,DF__OPERATION__JUSTI__288F8223
OPERATION_SCHED,ISDETERMINANT,DF__OPERATION__ISDET__05D12122
OPERATION_SCHED,DIRECTION,DF__OPERATION__DIREC__06C5455B
OPERATION_SUMMARY,EST_ATL_LAB_COST,DF__OPERATION__EST_A__2B6BEECE
OPERATION_SUMMARY,EST_ATL_BUR_COST,DF__OPERATION__EST_A__2C601307
OPERATION_SUMMARY,EST_ATL_SER_COST,DF__OPERATION__EST_A__2D543740
OPERATION_SUMMARY,REM_ATL_LAB_COST,DF__OPERATION__REM_A__2E485B79
OPERATION_SUMMARY,REM_ATL_BUR_COST,DF__OPERATION__REM_A__2F3C7FB2
OPERATION_SUMMARY,REM_ATL_SER_COST,DF__OPERATION__REM_A__3030A3EB
PACKAGE_TYPE_SYNC,CREATE_DATE,DF__PACKAGE_T__CREAT__3124C824
PACKAGE_TYPE_SYNC,SUBSCRIPTIONS,DF__PACKAGE_T__SUBSC__3218EC5D
PART,PLANNING_LEADTIME,DF__PART__PLANNING_L__330D1096
PART,ORDER_POLICY,DF__PART__ORDER_POLI__340134CF
PART,FABRICATED,DF__PART__FABRICATED__34F55908
PART,PURCHASED,DF__PART__PURCHASED__35E97D41
PART,STOCKED,DF__PART__STOCKED__36DDA17A
PART,DETAIL_ONLY,DF__PART__DETAIL_ONL__37D1C5B3
PART,DEMAND_HISTORY,DF__PART__DEMAND_HIS__38C5E9EC
PART,TOOL_OR_FIXTURE,DF__PART__TOOL_OR_FI__39BA0E25
PART,INSPECTION_REQD,DF__PART__INSPECTION__3AAE325E
PART,INVENTORY_LOCKED,DF__PART__INVENTORY___3BA25697
PART,QTY_ON_HAND,DF__PART__QTY_ON_HAN__3C967AD0
PART,QTY_AVAILABLE_ISS,DF__PART__QTY_AVAILA__3D8A9F09
PART,QTY_AVAILABLE_MRP,DF__PART__QTY_AVAILA__3E7EC342
PART,QTY_ON_ORDER,DF__PART__QTY_ON_ORD__3F72E77B
PART,QTY_IN_DEMAND,DF__PART__QTY_IN_DEM__40670BB4
PART,ADD_FORECAST,DF__PART__ADD_FORECA__415B2FED
PART,PIECE_TRACKED,DF__PART__PIECE_TRAC__424F5426
PART,LENGTH_REQD,DF__PART__LENGTH_REQ__4343785F
PART,WIDTH_REQD,DF__PART__WIDTH_REQD__44379C98
PART,HEIGHT_REQD,DF__PART__HEIGHT_REQ__452BC0D1
PART,QTY_COMMITTED,DF__PART__QTY_COMMIT__461FE50A
PART,intrastat_exempt,DF__PART__intrastat___47140943
PART,IS_KIT,DF__PART__IS_KIT__48082D7C
PART,STATUS_EFF_DATE,DF__PART__STATUS_EFF__48FC51B5
PART,CONTROLLED_BY_ICS,DF__PART__CONTROLLED__49F075EE
PART,CREATE_DATE,DF__PART__CREATE_DAT__196E057B
PART_LOCATION,QTY,DF__PART_LOCATI__QTY__4AE49A27
PART_LOCATION,LOCKED,DF__PART_LOCA__LOCKE__4BD8BE60
PART_LOCATION,TRANSIT,DF__PART_LOCA__TRANS__4CCCE299
PART_LOCATION,COMMITTED_QTY,DF__PART_LOCA__COMMI__4DC106D2
PART_LOCATION,DEF_BACKFLUSH_LOC,DF__PART_LOCA__DEF_B__4EB52B0B
PART_LOCATION,AUTO_ISSUE_LOC,DF__PART_LOCA__AUTO___4FA94F44
PART_LOCATION,DEF_INSPECT_LOC,DF__PART_LOCA__DEF_I__509D737D
PART_LOCATION,STATUS_EFF_DATE,DF__PART_LOCA__STATU__519197B6
PART_SITE,UNIT_MATERIAL_COST,DF__PART_SITE__UNIT___5285BBEF
PART_SITE,UNIT_LABOR_COST,DF__PART_SITE__UNIT___5379E028
PART_SITE,BURDEN_PERCENT,DF__PART_SITE__BURDE__546E0461
PART_SITE,BURDEN_PER_UNIT,DF__PART_SITE__BURDE__5562289A
PART_SITE,PURC_BUR_PERCENT,DF__PART_SITE__PURC___56564CD3
PART_SITE,UNIT_BURDEN_COST,DF__PART_SITE__UNIT___574A710C
PART_SITE,FIXED_COST,DF__PART_SITE__FIXED__583E9545
PART_SITE,UNIT_SERVICE_COST,DF__PART_SITE__UNIT___5932B97E
PART_SITE,NEW_MATERIAL_COST,DF__PART_SITE__NEW_M__5A26DDB7
PART_SITE,NEW_LABOR_COST,DF__PART_SITE__NEW_L__5B1B01F0
PART_SITE,NEW_BURDEN_COST,DF__PART_SITE__NEW_B__5C0F2629
PART_SITE,NEW_SERVICE_COST,DF__PART_SITE__NEW_S__5D034A62
PART_SITE,NEW_BURDEN_PERCENT,DF__PART_SITE__NEW_B__5DF76E9B
PART_SITE,NEW_BURDEN_PERUNIT,DF__PART_SITE__NEW_B__5EEB92D4
PART_SITE,PURC_BUR_PER_UNIT,DF__PART_SITE__PURC___5FDFB70D
PART_SITE,NEW_FIXED_COST,DF__PART_SITE__NEW_F__60D3DB46
PART_SITE,QTY_ON_HAND,DF__PART_SITE__QTY_O__61C7FF7F
PART_SITE,QTY_AVAILABLE_ISS,DF__PART_SITE__QTY_A__62BC23B8
PART_SITE,QTY_AVAILABLE_MRP,DF__PART_SITE__QTY_A__63B047F1
PART_SITE,QTY_ON_ORDER,DF__PART_SITE__QTY_O__64A46C2A
PART_SITE,QTY_IN_DEMAND,DF__PART_SITE__QTY_I__65989063
PART_SITE,QTY_COMMITTED,DF__PART_SITE__QTY_C__668CB49C
PART_SITE,INTRASTAT_EXEMPT,DF__PART_SITE__INTRA__6780D8D5
PART_SITE,CREATE_DATE,DF__PART_SITE__CREAT__1A6229B4
PART_SITE,IS_RATE_BASED,DF__PART_SITE__IS_RA__2D74FE28
PART_SYNC,CREATE_DATE,DF__PART_SYNC__CREAT__6874FD0E
PART_SYNC,SUBSCRIPTIONS,DF__PART_SYNC__SUBSC__69692147
PART_TRACE_LOCATION,QTY,DF__PART_TRACE___QTY__6A5D4580
PART_WAREHOUSE,MIN_INV_QTY,DF__PART_WARE__MIN_I__6B5169B9
PART_WAREHOUSE,COMMITTED_CO,DF__PART_WARE__COMMI__6C458DF2
PART_WAREHOUSE,COMMITTED_REQ,DF__PART_WARE__COMMI__6D39B22B
PART_WAREHOUSE,COMMITTED_PLREQ,DF__PART_WARE__COMMI__6E2DD664
PART_WAREHOUSE,COMMITTED_IBT,DF__PART_WARE__COMMI__6F21FA9D
PART_WAREHOUSE,AVAILABLE_QTY,DF__PART_WARE__AVAIL__70161ED6
PART_WAREHOUSE,EXPECTED_PO,DF__PART_WARE__EXPEC__710A430F
PART_WAREHOUSE,EXPECTED_WO,DF__PART_WARE__EXPEC__71FE6748
PART_WAREHOUSE,EXPECTED_PL,DF__PART_WARE__EXPEC__72F28B81
PART_WAREHOUSE,EXPECTED_IBT,DF__PART_WARE__EXPEC__73E6AFBA
PART_WAREHOUSE,EXPECT_COMMIT_CO,DF__PART_WARE__EXPEC__74DAD3F3
PART_WAREHOUSE,EXPECT_COMMIT_REQ,DF__PART_WARE__EXPEC__75CEF82C
PART_WAREHOUSE,EXPECT_COMMIT_PLR,DF__PART_WARE__EXPEC__76C31C65
PART_WAREHOUSE,EXPECT_COMMIT_IBT,DF__PART_WARE__EXPEC__77B7409E
PART_WAREHOUSE,UNALLOC_DEMAND_QTY,DF__PART_WARE__UNALL__78AB64D7
PART_WAREHOUSE,OUTBOUND_QTY,DF__PART_WARE__OUTBO__799F8910
PART_WAREHOUSE,ON_HOLD_QTY,DF__PART_WARE__ON_HO__7A93AD49
PART_WAREHOUSE,LOCKED_QTY,DF__PART_WARE__LOCKE__7B87D182
PART_WAREHOUSE,UNAVAILABLE_QTY,DF__PART_WARE__UNAVA__7C7BF5BB
PART_WAREHOUSE,PLANNING_LEADTIME,DF__PART_WARE__PLANN__7D7019F4
PART_WAREHOUSE,ORDER_POLICY,DF__PART_WARE__ORDER__7E643E2D
PART_WAREHOUSE,COUNT_SEQUENCE,DF__PART_WARE__COUNT__7F586266
PAYABLE,CREATE_DATE,DF__PAYABLE__CREATE___004C869F
PAYABLE,PAY_STATUS,DF__PAYABLE__PAY_STA__0140AAD8
PAYABLE,PAID_AMOUNT,DF__PAYABLE__PAID_AM__0234CF11
PAYABLE,DISCOUNT_TAKEN,DF__PAYABLE__DISCOUN__0328F34A
PAYABLE,TERMS_NET_TYPE,DF__PAYABLE__TERMS_N__041D1783
PAYABLE,TERMS_DISC_TYPE,DF__PAYABLE__TERMS_D__05113BBC
PAYABLE,MARKED_FOR_PURGE,DF__PAYABLE__MARKED___06055FF5
PAYABLE,WITHHELD_AMOUNT,DF__PAYABLE__WITHHEL__06F9842E
PAYABLE,WH_ALLOWED_AMOUNT,DF__PAYABLE__WH_ALLO__07EDA867
PAYABLE,CURRENCY_ID,DF__PAYABLE__CURRENC__08E1CCA0
PAYABLE,USER_EXCH_RATE,DF__PAYABLE__USER_EX__09D5F0D9
PAYABLE,POSTING_CANDIDATE,DF__PAYABLE__POSTING__0ACA1512
PAYABLE,STATUS_EFF_DATE,DF__PAYABLE__STATUS___0BBE394B
PAYABLE_CURR,AMOUNT,DF__PAYABLE_C__AMOUN__0CB25D84
PAYABLE_CURR,SELL_RATE,DF__PAYABLE_C__SELL___0DA681BD
PAYABLE_CURR,BUY_RATE,DF__PAYABLE_C__BUY_R__0E9AA5F6
PAYABLE_DIST,CREATE_DATE,DF__PAYABLE_D__CREAT__0F8ECA2F
PAYABLE_DIST,CURRENCY_ID,DF__PAYABLE_D__CURRE__1082EE68
PAYABLE_INST,PAY_STATUS,DF__PAYABLE_I__PAY_S__117712A1
PAYABLE_LINE,FIXED_CHARGE,DF__PAYABLE_L__FIXED__126B36DA
PAYABLE_LINE,DISC_ALLOWED,DF__PAYABLE_L__DISC___135F5B13
PAYABLE_LINE,COST_CATEGORY,DF__PAYABLE_L__COST___14537F4C
PAYB_LINE_CURR,AMOUNT,DF__PAYB_LINE__AMOUN__1547A385
PAYB_LINE_CURR,SELL_RATE,DF__PAYB_LINE__SELL___163BC7BE
PAYB_LINE_CURR,BUY_RATE,DF__PAYB_LINE__BUY_R__172FEBF7
PERIOD,USE_TRANS_RATES,DF__PERIOD__USE_TRAN__18241030
PERSON,IS_APPROVER,DF__PERSON__IS_APPRO__19183469
PERSON,IS_BUYER,DF__PERSON__IS_BUYER__1A0C58A2
PERSON,IS_PLANNER,DF__PERSON__IS_PLANN__1B007CDB
PERSON,IS_REQUESTER,DF__PERSON__IS_REQUE__1BF4A114
PHYS_COUNT_LOC_ADJ,LOCATION_QTY,DF__PHYS_COUN__LOCAT__1CE8C54D
PHYS_COUNT_LOC_ADJ,ADJUST_QTY,DF__PHYS_COUN__ADJUS__1DDCE986
PHYS_COUNT_LOC_ADJ,CREATE_DATE,DF__PHYS_COUN__CREAT__1ED10DBF
PHYS_COUNT_TAG,STATUS_EFF_DATE,DF__PHYS_COUN__STATU__1FC531F8
PHYS_INV_PIECES,STATUS,DF__PHYS_INV___STATU__20B95631
PHYSICAL_COUNT,START_DATE,DF__PHYSICAL___START__21AD7A6A
PHYSICAL_COUNT,STATUS,DF__PHYSICAL___STATU__22A19EA3
PHYSICAL_COUNT,LOCK_INVENTORY,DF__PHYSICAL___LOCK___2395C2DC
PHYSICAL_COUNT,STATUS_EFF_DATE,DF__PHYSICAL___STATU__2489E715
PREFERENCES,IS_GLOBAL,DF__PREFERENC__IS_GL__2CEAEE43
PREFERENCES,IS_ACTIVE,DF__PREFERENC__IS_AC__2DDF127C
PROCESS_ACTIVITY,STANDARD_DAYS,DF__PROCESS_A__STAND__637C091E
PROCESS_ACTIVITY,ACTUAL_DAYS,DF__PROCESS_A__ACTUA__64702D57
PROCESS_ACTIVITY,STANDARD_COST,DF__PROCESS_A__STAND__65645190
PROCESS_ACTIVITY,ACTUAL_COST,DF__PROCESS_A__ACTUA__665875C9
PROCESS_ACTIVITY,PERCENT_COMPLETE,DF__PROCESS_A__PERCE__674C9A02
PROCESS_ACTIVITY,CREATE_DATE,DF__PROCESS_A__CREAT__6840BE3B
PROCESS_TYPE,CREATE_DATE,DF__PROCESS_T__CREAT__5CCF0B8F
PROCESS_TYPE_LINE,STANDARD_DAYS,DF__PROCESS_T__STAND__5FAB783A
PROCESS_TYPE_LINE,CREATE_DATE,DF__PROCESS_T__CREAT__609F9C73
PRODUCT,ACTIVE_FLAG,DF__PRODUCT__ACTIVE___1879E142
PRODUCT_SYNC,CREATE_DATE,DF__PRODUCT_S__CREAT__257E0B4E
PRODUCT_SYNC,SUBSCRIPTIONS,DF__PRODUCT_S__SUBSC__26722F87
PROFILES,CREATE_DATE,DF__PROFILES__CREATE__276653C0
PROJ_DIST_DETAIL,SOURCE_TRANS_ID,DF__PROJ_DIST__SOURC__285A77F9
PROJ_DIST_DETAIL,SOURCE_LINE_NO,DF__PROJ_DIST__SOURC__294E9C32
PROJ_DIST_DETAIL,CURRENCY_ID,DF__PROJ_DIST__CURRE__2A42C06B
PROJECT_DIST,CREATE_DATE,DF__PROJECT_D__CREAT__2B36E4A4
PROJECT_DIST,CURRENCY_ID,DF__PROJECT_D__CURRE__2C2B08DD
PROJECT_EAC_POC,CREATE_DATE,DF__PROJECT_E__CREAT__2D1F2D16
PURC_GROUP_USER,CREATE_DATE,DF__PURC_GROU__CREAT__2E13514F
PURC_LINE_DEL,USER_ORDER_QTY,DF__PURC_LINE__USER___2F077588
PURC_LINE_DEL,ORDER_QTY,DF__PURC_LINE__ORDER__2FFB99C1
PURC_LINE_DEL,RECEIVED_QTY,DF__PURC_LINE__RECEI__30EFBDFA
PURC_LINE_DEL,USER_RECEIVED_QTY,DF__PURC_LINE__USER___31E3E233
PURC_LINE_DEL,ALLOCATED_QTY,DF__PURC_LINE__ALLOC__32D8066C
PURC_LINE_DEL,FULFILLED_QTY,DF__PURC_LINE__FULFI__33CC2AA5
PURC_MATL_DETAIL,CURRENCY_ID,DF__PURC_MATL__CURRE__34C04EDE
PURC_ORDER_CURR,AMOUNT,DF__PURC_ORDE__AMOUN__35B47317
PURC_ORDER_CURR,SELL_RATE,DF__PURC_ORDE__SELL___36A89750
PURC_ORDER_CURR,BUY_RATE,DF__PURC_ORDE__BUY_R__379CBB89
PURC_ORDER_LINE,TRADE_DISC_PERCENT,DF__PURC_ORDE__TRADE__3890DFC2
PURC_ORDER_LINE,EST_FREIGHT,DF__PURC_ORDE__EST_F__398503FB
PURC_ORDER_LINE,LINE_STATUS,DF__PURC_ORDE__LINE___3A792834
PURC_ORDER_LINE,TOTAL_ACT_FREIGHT,DF__PURC_ORDE__TOTAL__3B6D4C6D
PURC_ORDER_LINE,TOTAL_USR_RECD_QTY,DF__PURC_ORDE__TOTAL__3C6170A6
PURC_ORDER_LINE,TOTAL_RECEIVED_QTY,DF__PURC_ORDE__TOTAL__3D5594DF
PURC_ORDER_LINE,TOTAL_AMT_RECVD,DF__PURC_ORDE__TOTAL__3E49B918
PURC_ORDER_LINE,TOTAL_AMT_ORDERED,DF__PURC_ORDE__TOTAL__3F3DDD51
PURC_ORDER_LINE,TOTAL_DISPATCH_QTY,DF__PURC_ORDE__TOTAL__4032018A
PURC_ORDER_LINE,TOTAL_USR_DISP_QTY,DF__PURC_ORDE__TOTAL__412625C3
PURC_ORDER_LINE,ALLOCATED_QTY,DF__PURC_ORDE__ALLOC__421A49FC
PURC_ORDER_LINE,FULFILLED_QTY,DF__PURC_ORDE__FULFI__430E6E35
PURC_ORDER_LINE,STATUS_EFF_DATE,DF__PURC_ORDE__STATU__4402926E
PURC_ORDER_LINE,POSTING_CANDIDATE,DF__PURC_ORDE__POSTI__44F6B6A7
PURC_ORDER_LINE,EMAIL_NOTIFICATION,DF__PURC_ORDE__EMAIL__2549CC7B
PURC_ORDER_SYNC,CREATE_DATE,DF__PURC_ORDE__CREAT__45EADAE0
PURC_ORDER_SYNC,SUBSCRIPTIONS,DF__PURC_ORDE__SUBSC__46DEFF19
PURC_REQ_CURR,AMOUNT,DF__PURC_REQ___AMOUN__47D32352
PURC_REQ_CURR,SELL_RATE,DF__PURC_REQ___SELL___48C7478B
PURC_REQ_CURR,BUY_RATE,DF__PURC_REQ___BUY_R__49BB6BC4
PURC_REQ_LINE,UNIT_PRICE,DF_UNIT_PRICE
PURC_REQ_LINE,TRADE_DISC_PERCENT,DF__PURC_REQ___TRADE__4AAF8FFD
PURC_REQ_LINE,EST_FREIGHT,DF__PURC_REQ___EST_F__4BA3B436
PURC_REQ_LINE,LINE_STATUS,DF__PURC_REQ___LINE___4C97D86F
PURC_REQ_LINE,TOTAL_AMT_RECVD,DF__PURC_REQ___TOTAL__4D8BFCA8
PURC_REQ_LINE,TOTAL_AMT_ORDERED,DF__PURC_REQ___TOTAL__4E8020E1
PURC_REQ_LINE,ALLOCATED_QTY,DF__PURC_REQ___ALLOC__4F74451A
PURC_REQ_LINE,FULFILLED_QTY,DF__PURC_REQ___FULFI__50686953
PURC_REQ_LINE,STATUS_EFF_DATE,DF__PURC_REQ___STATU__515C8D8C
PURC_REQUISITION,REQUISITION_DATE,DF__PURC_REQU__REQUI__5250B1C5
PURC_REQUISITION,STATUS,DF__PURC_REQU__STATU__5344D5FE
PURC_REQUISITION,TOTAL_AMT_ORDERED,DF__PURC_REQU__TOTAL__5438FA37
PURC_REQUISITION,MARKED_FOR_PURGE,DF__PURC_REQU__MARKE__552D1E70
PURC_REQUISITION,EXCH_RATE_FIXED,DF__PURC_REQU__EXCH___562142A9
PURC_REQUISITION,TERMS_NET_TYPE,DF__PURC_REQU__TERMS__571566E2
PURC_REQUISITION,TERMS_DISC_TYPE,DF__PURC_REQU__TERMS__58098B1B
PURC_REQUISITION,STATUS_EFF_DATE,DF__PURC_REQU__STATU__58FDAF54
PURC_SERV_DETAIL,CURRENCY_ID,DF__PURC_SERV__CURRE__59F1D38D
PURCHASE_CONTRACT,STATUS_EFF_DATE,DF__PURCHASE___STATU__5AE5F7C6
PURCHASE_CONTRACT,CREATE_DATE,DF__PURCHASE___CREAT__5BDA1BFF
PURCHASE_DIST,CREATE_DATE,DF__PURCHASE___CREAT__5CCE4038
PURCHASE_DIST,CURRENCY_ID,DF__PURCHASE___CURRE__5DC26471
PURCHASE_ORDER,ORDER_DATE,DF__PURCHASE___ORDER__5EB688AA
PURCHASE_ORDER,STATUS,DF__PURCHASE___STATU__5FAAACE3
PURCHASE_ORDER,BACK_ORDER,DF__PURCHASE___BACK___609ED11C
PURCHASE_ORDER,POSTING_CANDIDATE,DF__PURCHASE___POSTI__6192F555
PURCHASE_ORDER,TOTAL_AMT_ORDERED,DF__PURCHASE___TOTAL__6287198E
PURCHASE_ORDER,TOTAL_AMT_RECVD,DF__PURCHASE___TOTAL__637B3DC7
PURCHASE_ORDER,MARKED_FOR_PURGE,DF__PURCHASE___MARKE__646F6200
PURCHASE_ORDER,EXCH_RATE_FIXED,DF__PURCHASE___EXCH___65638639
PURCHASE_ORDER,CREATE_DATE,DF__PURCHASE___CREAT__6657AA72
PURCHASE_ORDER,CONSIGNMENT,DF__PURCHASE___CONSI__674BCEAB
PURCHASE_ORDER,STATUS_EFF_DATE,DF__PURCHASE___STATU__683FF2E4
PURCHASE_ORDER,EMAIL_NOTIFICATION,DF__PURCHASE___EMAIL__2455A842
PURCHASE_ORDER,EMAIL_VEND_ON_NEW_ORDER,DF__PURCHASE___EMAIL__263DF0B4
PURCHASE_ORDER,EMAIL_VEND_ON_CHG_ORDER,DF__PURCHASE___EMAIL__273214ED
PURCHASE_ORDER,EMAIL_VEND_ON_PO_RECEIPT,DF__PURCHASE___EMAIL__28263926
PURCHASE_ORDER,EMAIL_EMPL_ON_NEW_ORDER,DF__PURCHASE___EMAIL__291A5D5F
PURCHASE_ORDER,EMAIL_EMPL_ON_CHG_ORDER,DF__PURCHASE___EMAIL__2A0E8198
PURCHASE_ORDER,EMAIL_EMPL_ON_PO_RECEIPT,DF__PURCHASE___EMAIL__2B02A5D1
PURCHASE_ORDER,EMAIL_EMPL_ON_INV_PAID,DF__PURCHASE___EMAIL__2BF6CA0A
QUERY,CREATE_DATE,DF__QUERY__CREATE_DA__6C5B67E2
QUERY,AUTO_JOIN,DF__QUERY__AUTO_JOIN__385CA0EF
QUOTE,STATUS,DF__QUOTE__STATUS__6934171D
QUOTE,TERMS_NET_TYPE,DF__QUOTE__TERMS_NET__6A283B56
QUOTE,TERMS_DISC_TYPE,DF__QUOTE__TERMS_DIS__6B1C5F8F
QUOTE,FREIGHT_TERMS,DF__QUOTE__FREIGHT_T__6C1083C8
QUOTE,CREATE_DATE,DF__QUOTE__CREATE_DA__6D04A801
QUOTE,STATUS_EFF_DATE,DF__QUOTE__STATUS_EF__6DF8CC3A
QUOTE_LINE,CREATE_DATE,DF__QUOTE_LIN__CREAT__6EECF073
QUOTE_LINE_BILLING,CREATE_DATE,DF__QUOTE_LIN__CREAT__6FE114AC
QUOTE_OPT_BINARY,BITS_LENGTH,DF__QUOTE_OPT__BITS___70D538E5
QUOTE_ORDER,CREATE_DATE,DF__QUOTE_ORD__CREAT__71C95D1E
QUOTE_ORDER_LINE,CREATE_DATE,DF__QUOTE_ORD__CREAT__697EFB37
QUOTE_PRICE,IN_PROFORMA,DF__QUOTE_PRI__IN_PR__72BD8157
QUOTE_PRICE,CREATE_DATE,DF__QUOTE_PRI__CREAT__73B1A590
QUOTE_PRICE,IN_TOTAL,DF__QUOTE_PRI__IN_TO__74A5C9C9
RCR_GJ,CREATE_DATE,DF__RCR_GJ__CREATE_D__7599EE02
RCR_PAYABLE,CREATE_DATE,DF__RCR_PAYAB__CREAT__768E123B
RCR_PAYABLE,TERMS_NET_TYPE,DF__RCR_PAYAB__TERMS__77823674
RCR_PAYABLE,TERMS_DISC_TYPE,DF__RCR_PAYAB__TERMS__78765AAD
RCR_PAYABLE,TRIGGER_FREQ,DF__RCR_PAYAB__TRIGG__796A7EE6
RCR_RECEIVABLE,CREATE_DATE,DF__RCR_RECEI__CREAT__7A5EA31F
RCR_RECEIVABLE,TERMS_NET_TYPE,DF__RCR_RECEI__TERMS__7B52C758
RCR_RECEIVABLE,TERMS_DISC_TYPE,DF__RCR_RECEI__TERMS__7C46EB91
RCR_RECEIVABLE,TRIGGER_FREQ,DF__RCR_RECEI__TRIGG__7D3B0FCA
RCR_RECEIVABLE,CURRENCY_ID,DF__RCR_RECEI__CURRE__7E2F3403
RECEIVABLE,TYPE,DF__RECEIVABLE__TYPE__7F23583C
RECEIVABLE,PAID_AMOUNT,DF__RECEIVABL__PAID___00177C75
RECEIVABLE,DISCOUNT_GIVEN,DF__RECEIVABL__DISCO__010BA0AE
RECEIVABLE,TERMS_NET_TYPE,DF__RECEIVABL__TERMS__01FFC4E7
RECEIVABLE,TERMS_DISC_TYPE,DF__RECEIVABL__TERMS__02F3E920
RECEIVABLE,FREIGHT_TERMS,DF__RECEIVABL__FREIG__03E80D59
RECEIVABLE,CREATE_DATE,DF__RECEIVABL__CREAT__04DC3192
RECEIVABLE,STATUS,DF__RECEIVABL__STATU__05D055CB
RECEIVABLE,MARKED_FOR_PURGE,DF__RECEIVABL__MARKE__06C47A04
RECEIVABLE,USER_EXCH_RATE,DF__RECEIVABL__USER___07B89E3D
RECEIVABLE,COMM_PAID_AMOUNT,DF__RECEIVABL__COMM___08ACC276
RECEIVABLE_CURR,AMOUNT,DF__RECEIVABL__AMOUN__09A0E6AF
RECEIVABLE_CURR,SELL_RATE,DF__RECEIVABL__SELL___0A950AE8
RECEIVABLE_CURR,BUY_RATE,DF__RECEIVABL__BUY_R__0B892F21
RECEIVABLE_DIST,POSTING_STATUS,DF__RECEIVABL__POSTI__0C7D535A
RECEIVABLE_DIST,CREATE_DATE,DF__RECEIVABL__CREAT__0D717793
RECEIVABLE_DIST,CURRENCY_ID,DF__RECEIVABL__CURRE__0E659BCC
RECEIVABLE_SCHED,AMOUNT,DF__RECEIVABL__AMOUN__0F59C005
RECEIVER,CREATE_DATE,DF__RECEIVER__CREATE__104DE43E
RECEIVER,MARKED_FOR_PURGE,DF__RECEIVER__MARKED__11420877
RECEIVER_LINE,USER_RECEIVED_QTY,DF__RECEIVER_LINE__VM__00000001
RECEIVER_LINE,RECEIVED_QTY,DF__RECEIVER_LINE__VM__00000002
RECEIVER_LINE_DEL,USER_RECEIVED_QTY,DF__RECEIVER___USER___12362CB0
RECEIVER_LINE_DEL,RECEIVED_QTY,DF__RECEIVER___RECEI__132A50E9
REPORT_LINE,SECTION_BREAK,DF__REPORT_LI__SECTI__141E7522
REPORT_LINE,SHOW_TRANSACTIONS,DF__REPORT_LI__SHOW___1512995B
REQUEST_FOR_QUOTE,STATUS,DF__REQUEST_F__STATU__1606BD94
REQUEST_FOR_QUOTE,CREATE_DATE,DF__REQUEST_F__CREAT__16FAE1CD
REQUEST_FOR_QUOTE,STATUS_EFF_DATE,DF__REQUEST_F__STATU__17EF0606
REQUIREMENT,FIXED_QTY,DF__REQUIREME__FIXED__18E32A3F
REQUIREMENT,SCRAP_PERCENT,DF__REQUIREME__SCRAP__19D74E78
REQUIREMENT,ISSUED_QTY,DF__REQUIREME__ISSUE__1ACB72B1
REQUIREMENT,UNIT_MATERIAL_COST,DF__REQUIREME__UNIT___1BBF96EA
REQUIREMENT,UNIT_LABOR_COST,DF__REQUIREME__UNIT___1CB3BB23
REQUIREMENT,UNIT_BURDEN_COST,DF__REQUIREME__UNIT___1DA7DF5C
REQUIREMENT,UNIT_SERVICE_COST,DF__REQUIREME__UNIT___1E9C0395
REQUIREMENT,BURDEN_PERCENT,DF__REQUIREME__BURDE__1F9027CE
REQUIREMENT,BURDEN_PER_UNIT,DF__REQUIREME__BURDE__20844C07
REQUIREMENT,EST_MATERIAL_COST,DF__REQUIREME__EST_M__21787040
REQUIREMENT,EST_LABOR_COST,DF__REQUIREME__EST_L__226C9479
REQUIREMENT,EST_BURDEN_COST,DF__REQUIREME__EST_B__2360B8B2
REQUIREMENT,EST_SERVICE_COST,DF__REQUIREME__EST_S__2454DCEB
REQUIREMENT,REM_MATERIAL_COST,DF__REQUIREME__REM_M__25490124
REQUIREMENT,REM_LABOR_COST,DF__REQUIREME__REM_L__263D255D
REQUIREMENT,REM_BURDEN_COST,DF__REQUIREME__REM_B__27314996
REQUIREMENT,REM_SERVICE_COST,DF__REQUIREME__REM_S__28256DCF
REQUIREMENT,ACT_MATERIAL_COST,DF__REQUIREME__ACT_M__29199208
REQUIREMENT,ACT_LABOR_COST,DF__REQUIREME__ACT_L__2A0DB641
REQUIREMENT,ACT_BURDEN_COST,DF__REQUIREME__ACT_B__2B01DA7A
REQUIREMENT,ACT_SERVICE_COST,DF__REQUIREME__ACT_S__2BF5FEB3
REQUIREMENT,PROTECT_COST,DF__REQUIREME__PROTE__2CEA22EC
REQUIREMENT,ALLOCATED_QTY,DF__REQUIREME__ALLOC__2DDE4725
REQUIREMENT,FULFILLED_QTY,DF__REQUIREME__FULFI__2ED26B5E
REQUIREMENT,STATUS_EFF_DATE,DF__REQUIREME__STATU__2FC68F97
REQUIREMENT_SUM,EST_MATERIAL_COST,DF__REQUIREME__EST_M__30BAB3D0
REQUIREMENT_SUM,EST_LABOR_COST,DF__REQUIREME__EST_L__31AED809
REQUIREMENT_SUM,EST_BURDEN_COST,DF__REQUIREME__EST_B__32A2FC42
REQUIREMENT_SUM,EST_SERVICE_COST,DF__REQUIREME__EST_S__3397207B
REQUIREMENT_SUM,REM_MATERIAL_COST,DF__REQUIREME__REM_M__348B44B4
REQUIREMENT_SUM,REM_LABOR_COST,DF__REQUIREME__REM_L__357F68ED
REQUIREMENT_SUM,REM_BURDEN_COST,DF__REQUIREME__REM_B__36738D26
REQUIREMENT_SUM,REM_SERVICE_COST,DF__REQUIREME__REM_S__3767B15F
REVALUE,CREATE_DATE,DF__REVALUE__CREATE___385BD598
REVALUE_CURR,SELL_RATE,DF__REVALUE_C__SELL___394FF9D1
REVALUE_CURR,BUY_RATE,DF__REVALUE_C__BUY_R__3A441E0A
REVALUE_CURR,AVG_SELL_RATE,DF__REVALUE_C__AVG_S__3B384243
REVALUE_CURR,AVG_BUY_RATE,DF__REVALUE_C__AVG_B__3C2C667C
REVALUE_DIST,POSTING_STATUS,DF__REVALUE_D__POSTI__3D208AB5
REVALUE_DIST,CREATE_DATE,DF__REVALUE_D__CREAT__3E14AEEE
REVENUE_DETAIL,CURRENCY_ID,DF__REVENUE_D__CURRE__3F08D327
REVENUE_DETAIL,TRANSACTION_DATE,DF__REVENUE_D__TRANS__3FFCF760
REVENUE_DETAIL,TARGET_REVENUE,DF__REVENUE_D__TARGE__40F11B99
REVENUE_DIST,CREATE_DATE,DF__REVENUE_D__CREAT__41E53FD2
REVENUE_DIST,TRANSACTION_DATE,DF__REVENUE_D__TRANS__42D9640B
REVENUE_DIST,CURRENCY_ID,DF__REVENUE_D__CURRE__43CD8844
REVISION_HISTORY,CREATE_DATE,DF__REVISION___CREAT__44C1AC7D
RFQ_LINE,CREATE_DATE,DF__RFQ_LINE__CREATE__45B5D0B6
RFQ_VENDOR_QUOTE,DEFAULT_UNIT_PRICE,DF__RFQ_VENDO__DEFAU__46A9F4EF
RFQ_VENDOR_QUOTE,STATUS,DF__RFQ_VENDO__STATU__479E1928
RFQ_VENDOR_QUOTE,DEF_UNIT_PRICE_CURR,DF__RFQ_VENDO__DEF_U__48923D61
RFQ_VENDOR_QUOTE,STATUS_EFF_DATE,DF__RFQ_VENDO__STATU__4986619A
RMA,CREATE_DATE,DF__RMA__CREATE_DATE__4A7A85D3
RMA,STATUS_EFF_DATE,DF__RMA__STATUS_EFF___4B6EAA0C
RMA_LINE,QTY,DF__RMA_LINE__QTY__4C62CE45
RMA_LINE,RECEIVED_QTY,DF__RMA_LINE__RECEIV__4D56F27E
RMA_LINE,SHIPPED_QTY,DF__RMA_LINE__SHIPPE__4E4B16B7
RMA_LINE,LINE_STATUS,DF__RMA_LINE__LINE_S__4F3F3AF0
RMA_SYNC,CREATE_DATE,DF__RMA_SYNC__CREATE__50335F29
RMA_SYNC,SUBSCRIPTIONS,DF__RMA_SYNC__SUBSCR__51278362
SALES_REP,PAY_METHOD,DF__SALES_REP__PAY_M__521BA79B
SCHEDULE,INFINITE_CAPACITY,DF__SCHEDULE__INFINI__530FCBD4
SCHEDULE,MATERIALS_CHECKED,DF__SCHEDULE__MATERI__5403F00D
SCHEDULE,ACTIVE,DF__SCHEDULE__ACTIVE__54F81446
SCHEDULE,SERVICES_CHECKED,DF__SCHEDULE__SERVIC__55EC387F
SCHEDULE,IN_PROCESS,DF__SCHEDULE__IN_PRO__3397EBD2
SCHEDULER_RUN_LOG,COUNT,DF__SCHEDULER__COUNT__56E05CB8
SCHEDULER_RUN_LOG,WORK_ORDERS,DF__SCHEDULER__WORK___57D480F1
SCHEDULER_RUN_LOG,OPERATIONS,DF__SCHEDULER__OPERA__58C8A52A
SCHEDULER_RUN_LOG,REQUIREMENTS,DF__SCHEDULER__REQUI__59BCC963
SCHEDULER_RUN_LOG,ERROR_COUNT,DF__SCHEDULER__ERROR__5AB0ED9C
SCHEDULER_RUN_LOG,CREATE_DATE,DF__SCHEDULER__CREAT__5BA511D5
SEMAPHORE,EVENT_NO,DF__SEMAPHORE__EVENT__5C99360E
SERVICE,STATUS_EFF_DATE,DF__SERVICE__STATUS___5D8D5A47
SERVICE_DISP_LINE,RECEIVED_QTY,DF__SERVICE_D__RECEI__5E817E80
SERVICE_DISP_LINE,ACT_FREIGHT,DF__SERVICE_D__ACT_F__5F75A2B9
SERVICE_DISPATCH,CREATE_DATE,DF__SERVICE_D__CREAT__6069C6F2
SERVICE_DISPATCHED,CREATE_DATE,DF__SERVICE_D__CREAT__615DEB2B
SERVICE_RCPT_CURR,ACT_MATERIAL_COST,DF__SERVICE_R__ACT_M__62520F64
SERVICE_RCPT_CURR,ACT_LABOR_COST,DF__SERVICE_R__ACT_L__6346339D
SERVICE_RCPT_CURR,ACT_BURDEN_COST,DF__SERVICE_R__ACT_B__643A57D6
SERVICE_RCPT_CURR,ACT_SERVICE_COST,DF__SERVICE_R__ACT_S__652E7C0F
SERVICE_RCPT_CURR,SELL_RATE,DF__SERVICE_R__SELL___6622A048
SERVICE_RCPT_CURR,BUY_RATE,DF__SERVICE_R__BUY_R__6716C481
SERVICE_RECEIPT,FIXED_COST,DF__SERVICE_R__FIXED__680AE8BA
SERVICE_RECEIPT,BAD_QTY,DF__SERVICE_R__BAD_Q__68FF0CF3
SERVICE_RECEIPT,ACT_SERVICE_COST,DF__SERVICE_R__ACT_S__69F3312C
SERVICE_RECEIPT,CREATE_DATE,DF__SERVICE_R__CREAT__6AE75565
SERVICE_RECEIPT,ACT_BURDEN_COST,DF__SERVICE_R__ACT_B__6BDB799E
SERVICE_SITE,EST_MIN_CHARGE,DF__SERVICE_S__EST_M__6CCF9DD7
SERVICE_SITE,EST_BASE_CHARGE,DF__SERVICE_S__EST_B__6DC3C210
SERVICE_SITE,EST_COST_PER_UNIT,DF__SERVICE_S__EST_C__6EB7E649
SERVICE_SITE,STATUS_EFF_DATE,DF__SERVICE_S__STATU__6FAC0A82
SHIFT_DAY,MEAL_TYPE,DF__SHIFT_DAY__MEAL___70A02EBB
SHIFT_DAY,MEAL_MANUAL,DF__SHIFT_DAY__MEAL___719452F4
SHIFT_DAY,BREAK1_TYPE,DF__SHIFT_DAY__BREAK__7288772D
SHIFT_DAY,BREAK1_MANUAL,DF__SHIFT_DAY__BREAK__737C9B66
SHIFT_DAY,BREAK2_TYPE,DF__SHIFT_DAY__BREAK__7470BF9F
SHIFT_DAY,BREAK2_MANUAL,DF__SHIFT_DAY__BREAK__7564E3D8
SHIFT_DAY,BREAK3_TYPE,DF__SHIFT_DAY__BREAK__76590811
SHIFT_DAY,BREAK3_MANUAL,DF__SHIFT_DAY__BREAK__774D2C4A
SHIP_VIA_SYNC,CREATE_DATE,DF__SHIP_VIA___CREAT__78415083
SHIP_VIA_SYNC,SUBSCRIPTIONS,DF__SHIP_VIA___SUBSC__793574BC
SHIPMENT_DETAIL,CURRENCY_ID,DF__SHIPMENT___CURRE__7A2998F5
SHIPMENT_DIST,CREATE_DATE,DF__SHIPMENT___CREAT__7B1DBD2E
SHIPMENT_DIST,CURRENCY_ID,DF__SHIPMENT___CURRE__7C11E167
SHIPPER,CREATE_DATE,DF__SHIPPER__CREATE___7D0605A0
SHIPPER,MARKED_FOR_PURGE,DF__SHIPPER__MARKED___7DFA29D9
SHIPPER,STATUS,DF__SHIPPER__STATUS__7EEE4E12
SHIPPER,STATUS_EFF_DATE,DF__SHIPPER__STATUS___7FE2724B
SHIPPER_INVOICE,INVOICE_CANDIDATE,DF__SHIPPER_I__INVOI__60DF9395
SHIPPER_LINE_DEL,USER_SHIPPED_QTY,DF__SHIPPER_L__USER___00D69684
SHIPPER_LINE_DEL,SHIPPED_QTY,DF__SHIPPER_L__SHIPP__01CABABD
SHIPTO_ALT_WAREHS,RANK,DF__SHIPTO_ALT__RANK__02BEDEF6
SHOP_RESOURCE,SCHEDULE_NORMALLY,DF__SHOP_RESO__SCHED__03B3032F
SHOP_RESOURCE,AUTO_REPORTING,DF__SHOP_RESO__AUTO___04A72768
SHOP_RESOURCE,TYPE,DF__SHOP_RESOU__TYPE__059B4BA1
SHOP_RESOURCE,EXCLUSIVITY,DF__SHOP_RESO__EXCLU__068F6FDA
SHOP_RESOURCE,SHIFT_1_CAPACITY,DF__SHOP_RESO__SHIFT__07839413
SHOP_RESOURCE,SHIFT_2_CAPACITY,DF__SHOP_RESO__SHIFT__0877B84C
SHOP_RESOURCE,SHIFT_3_CAPACITY,DF__SHOP_RESO__SHIFT__096BDC85
SHOP_RESOURCE,STATUS_RANK,DF__SHOP_RESO__STATU__0A6000BE
SHOP_RESOURCE_SITE,SETUP_COST_PER_HR,DF__SHOP_RESO__SETUP__0B5424F7
SHOP_RESOURCE_SITE,RUN_COST_PER_HR,DF__SHOP_RESO__RUN_C__0C484930
SHOP_RESOURCE_SITE,BUR_PER_HR_SETUP,DF__SHOP_RESO__BUR_P__0D3C6D69
SHOP_RESOURCE_SITE,BUR_PER_HR_RUN,DF__SHOP_RESO__BUR_P__0E3091A2
SHOP_RESOURCE_SITE,RUN_COST_PER_UNIT,DF__SHOP_RESO__RUN_C__0F24B5DB
SHOP_RESOURCE_SITE,BUR_PERCENT_SETUP,DF__SHOP_RESO__BUR_P__1018DA14
SHOP_RESOURCE_SITE,BUR_PERCENT_RUN,DF__SHOP_RESO__BUR_P__110CFE4D
SHOP_RESOURCE_SITE,BUR_PER_OPERATION,DF__SHOP_RESO__BUR_P__12012286
SHOP_RESOURCE_SITE,BUR_PER_UNIT_RUN,DF__SHOP_RESO__BUR_P__12F546BF
SIC_SYNC,CREATE_DATE,DF__SIC_SYNC__CREATE__13E96AF8
SIC_SYNC,SUBSCRIPTIONS,DF__SIC_SYNC__SUBSCR__14DD8F31
SITE,DEF_SHIPPER_STATUS,DF__SITE__DEF_SHIPPE__15D1B36A
SITE,ADD_LOC_ON_FLY,DF__SITE__ADD_LOC_ON__16C5D7A3
SITE,ALLOC_TO_LATER_DEM,DF__SITE__ALLOC_TO_L__17B9FBDC
SITE,FREE_WO_SHIP_BUF,DF__SITE__FREE_WO_SH__7B889CD9
SITE,PERIODS_PER_YEAR,DF__SITE__PERIODS_PE__7D70E54B
SITE,PERIOD_TYPE,DF__SITE__PERIOD_TYP__7C7CC112
SITE,VENDOR_EXCLUSION,DF__SITE__VENDOR_EXC__18AE2015
SITE,PLM_ENABLED,DF__SITE__PLM_ENABLE__015684C8
SITE,MRP_IN_PROCESS,DF__SITE__MRP_IN_PRO__348C100B
SITE,PERCENT_COMPL,DF__SITE__PERCENT_CO__26E7FC2A
SITE,QTY_COMPL_BY_HRS,DF__SITE__QTY_COMPL___27DC2063
SITE,MAX_QTY_COMPLETE,DF__SITE__MAX_QTY_CO__28D0449C
SITE,AUTO_ISSUE_METHOD,DF__SITE__AUTO_ISSUE__7115FB5E
SIZING,MODIFY_DATE,DF__SIZING__MODIFY_D__2C80D9EF
SOA_CODE_LIST,CREATE_DATE,DF__SOA_CODE___CREAT__19A2444E
SOA_DIMENSION,CREATE_DATE,DF__SOA_DIMEN__CREAT__1A966887
SOA_DOC_SYNC,CREATE_DATE,DF__SOA_DOC_S__CREAT__7D85F3E4
SOA_ID_MAP,CREATE_DATE,DF__SOA_ID_MA__CREAT__1B8A8CC0
SOA_NOUN,USE_GEN_SERVICE,DF__SOA_NOUN__USE_GE__1C7EB0F9
SPLIT_TRANS,CREATE_DATE,DF__SPLIT_TRA__CREAT__1D72D532
SPLIT_TRANS,EST_MATERIAL_COST,DF__SPLIT_TRA__EST_M__1E66F96B
SPLIT_TRANS,EST_LABOR_COST,DF__SPLIT_TRA__EST_L__1F5B1DA4
SPLIT_TRANS,EST_BURDEN_COST,DF__SPLIT_TRA__EST_B__204F41DD
SPLIT_TRANS,EST_SERVICE_COST,DF__SPLIT_TRA__EST_S__21436616
SPLIT_TRANS,ACT_MATERIAL_COST,DF__SPLIT_TRA__ACT_M__22378A4F
SPLIT_TRANS,ACT_LABOR_COST,DF__SPLIT_TRA__ACT_L__232BAE88
SPLIT_TRANS,ACT_BURDEN_COST,DF__SPLIT_TRA__ACT_B__241FD2C1
SPLIT_TRANS,ACT_SERVICE_COST,DF__SPLIT_TRA__ACT_S__2513F6FA
SPLIT_TRANS,REM_MATERIAL_COST,DF__SPLIT_TRA__REM_M__26081B33
SPLIT_TRANS,REM_LABOR_COST,DF__SPLIT_TRA__REM_L__26FC3F6C
SPLIT_TRANS,REM_BURDEN_COST,DF__SPLIT_TRA__REM_B__27F063A5
SPLIT_TRANS,REM_SERVICE_COST,DF__SPLIT_TRA__REM_S__28E487DE
SPLIT_TRANS_CURR,ACT_MATERIAL_COST,DF__SPLIT_TRA__ACT_M__29D8AC17
SPLIT_TRANS_CURR,ACT_LABOR_COST,DF__SPLIT_TRA__ACT_L__2ACCD050
SPLIT_TRANS_CURR,ACT_BURDEN_COST,DF__SPLIT_TRA__ACT_B__2BC0F489
SPLIT_TRANS_CURR,ACT_SERVICE_COST,DF__SPLIT_TRA__ACT_S__2CB518C2
SPLIT_TRANS_CURR,SELL_RATE,DF__SPLIT_TRA__SELL___2DA93CFB
SPLIT_TRANS_CURR,BUY_RATE,DF__SPLIT_TRA__BUY_R__2E9D6134
SUMMARY_TABLE,TOTAL_AMOUNT,DF__SUMMARY_T__TOTAL__2F91856D
SUPPLIER_PREFERENCES,NCM_QTY,DF__SUPPLIER___NCM_Q__62D1FDA8
SUPPLIER_PREFERENCES,QTY_PERCENT,DF__SUPPLIER___QTY_P__63C621E1
SUPPLIER_PREFERENCES,OLDEST_PO_DATE,DF__SUPPLIER___OLDES__64BA461A
SUPPLIER_PREFERENCES,LAST_MOD_DATE,DF__SUPPLIER___LAST___65AE6A53
SUPPLIER_PREFERENCES,CREATE_DATE,DF__SUPPLIER___CREAT__66A28E8C
TABLE_LIST,LAST_MOD_DATE,DF__TABLE_LIS__LAST___3085A9A6
TABLE_LIST,CREATE_DATE,DF__TABLE_LIS__CREAT__3179CDDF
TASK,CREATE_DATE,DF__TASK__CREATE_DAT__326DF218
TASK,STATUS_EFF_DATE,DF__TASK__STATUS_EFF__33621651
TASK_REJ_CODES,CREATE_DATE,DF__TASK_REJ___CREAT__34563A8A
TERMS,NET_TYPE,DF__TERMS__NET_TYPE__354A5EC3
TERMS,DISC_TYPE,DF__TERMS__DISC_TYPE__363E82FC
TERMS,FREIGHT_TERMS,DF__TERMS__FREIGHT__TERMS
TERMS_INST,INST_PERCENT,DF__TERMS_INS__INST___3732A735
TERRITORY_SYNC,CREATE_DATE,DF__TERRITORY__CREAT__3826CB6E
TERRITORY_SYNC,SUBSCRIPTIONS,DF__TERRITORY__SUBSC__391AEFA7
TEST,QTY_REPORTED,DF__TEST__QTY_REPORT__3A0F13E0
TEST,HOURS_REPORTED,DF__TEST__HOURS_REPO__3B033819
TEST_RESULT,STATUS,DF__TEST_RESU__STATU__3BF75C52
TEST_STEP,DECISION_ID,DF__TEST_STEP__DECIS__3CEB808B
TEST_STEP,GAGE_ID,DF__TEST_STEP__GAGE___3DDFA4C4
TEST_STEP,SOLO_DIMENSION,DF__TEST_STEP__SOLO___3ED3C8FD
TRACE,REPORTED_QTY,DF__TRACE__REPORTED___3FC7ED36
TRACE,ASSIGNED_QTY,DF__TRACE__ASSIGNED___40BC116F
TRACE,CREATE_DATE,DF__TRACE__CREATE_DA__41B035A8
TRACE,DISP_IN_QTY,DF__TRACE__DISP_IN_Q__42A459E1
TRACE,DISP_OUT_QTY,DF__TRACE__DISP_OUT___43987E1A
TRACE,UNAVAILABLE_QTY,DF__TRACE__UNAVAILAB__448CA253
TRACE_HISTORY,CREATE_DATE,DF__TRACE_HIS__CREAT__4580C68C
TRACE_INV_TRANS,CREATE_DATE,DF__TRACE_INV__CREAT__4674EAC5
TRACE_INV_TRANS,COSTED_QTY,DF__TRACE_INV__COSTE__47690EFE
TRACE_LABOR_TRANS,CREATE_DATE,DF__TRACE_LAB__CREAT__485D3337
TRACE_PROFILE,APPLY_TO_REC,DF__TRACE_PRO__APPLY__49515770
TRACE_PROFILE,APPLY_TO_ISSUE,DF__TRACE_PRO__APPLY__4A457BA9
TRACE_PROFILE,APPLY_TO_LABOR,DF__TRACE_PRO__APPLY__4B399FE2
TRACE_PROFILE,PRE_ASSIGN,DF__TRACE_PRO__PRE_A__4C2DC41B
TRACE_PROFILE,ASSIGN_METHOD,DF__TRACE_PRO__ASSIG__4D21E854
TRACE_PROFILE,APROPERTY_1_REQD,DF__TRACE_PRO__APROP__4E160C8D
TRACE_PROFILE,APROPERTY_2_REQD,DF__TRACE_PRO__APROP__4F0A30C6
TRACE_PROFILE,APROPERTY_3_REQD,DF__TRACE_PRO__APROP__4FFE54FF
TRACE_PROFILE,APROPERTY_4_REQD,DF__TRACE_PRO__APROP__50F27938
TRACE_PROFILE,APROPERTY_5_REQD,DF__TRACE_PRO__APROP__51E69D71
TRACE_PROFILE,NPROPERTY_1_REQD,DF__TRACE_PRO__NPROP__52DAC1AA
TRACE_PROFILE,NPROPERTY_2_REQD,DF__TRACE_PRO__NPROP__53CEE5E3
TRACE_PROFILE,NPROPERTY_3_REQD,DF__TRACE_PRO__NPROP__54C30A1C
TRACE_PROFILE,NPROPERTY_4_REQD,DF__TRACE_PRO__NPROP__55B72E55
TRACE_PROFILE,NPROPERTY_5_REQD,DF__TRACE_PRO__NPROP__56AB528E
TRACE_PROFILE,APROPERTY_1_EDIT,DF__TRACE_PRO__APROP__579F76C7
TRACE_PROFILE,APROPERTY_2_EDIT,DF__TRACE_PRO__APROP__58939B00
TRACE_PROFILE,APROPERTY_3_EDIT,DF__TRACE_PRO__APROP__5987BF39
TRACE_PROFILE,APROPERTY_4_EDIT,DF__TRACE_PRO__APROP__5A7BE372
TRACE_PROFILE,APROPERTY_5_EDIT,DF__TRACE_PRO__APROP__5B7007AB
TRACE_PROFILE,NPROPERTY_1_EDIT,DF__TRACE_PRO__NPROP__5C642BE4
TRACE_PROFILE,NPROPERTY_2_EDIT,DF__TRACE_PRO__NPROP__5D58501D
TRACE_PROFILE,NPROPERTY_3_EDIT,DF__TRACE_PRO__NPROP__5E4C7456
TRACE_PROFILE,NPROPERTY_4_EDIT,DF__TRACE_PRO__NPROP__5F40988F
TRACE_PROFILE,NPROPERTY_5_EDIT,DF__TRACE_PRO__NPROP__6034BCC8
TRACE_PROFILE,APROPERTY_1_VIS,DF__TRACE_PRO__APROP__6128E101
TRACE_PROFILE,APROPERTY_2_VIS,DF__TRACE_PRO__APROP__621D053A
TRACE_PROFILE,APROPERTY_3_VIS,DF__TRACE_PRO__APROP__63112973
TRACE_PROFILE,APROPERTY_4_VIS,DF__TRACE_PRO__APROP__64054DAC
TRACE_PROFILE,APROPERTY_5_VIS,DF__TRACE_PRO__APROP__64F971E5
TRACE_PROFILE,NPROPERTY_1_VIS,DF__TRACE_PRO__NPROP__65ED961E
TRACE_PROFILE,NPROPERTY_2_VIS,DF__TRACE_PRO__NPROP__66E1BA57
TRACE_PROFILE,NPROPERTY_3_VIS,DF__TRACE_PRO__NPROP__67D5DE90
TRACE_PROFILE,NPROPERTY_4_VIS,DF__TRACE_PRO__NPROP__68CA02C9
TRACE_PROFILE,NPROPERTY_5_VIS,DF__TRACE_PRO__NPROP__69BE2702
TRACE_PROFILE,EDIT_EXP_DATE,DF__TRACE_PRO__EDIT___6AB24B3B
TRACE_PROFILE,APPLY_TO_SERVDISP,DF__TRACE_PRO__APPLY__6BA66F74
TRACE_PROFILE,APPLY_TO_SERVREC,DF__TRACE_PRO__APPLY__6C9A93AD
TRACE_PROFILE,OWNERSHIP,DF__TRACE_PRO__OWNER__6D8EB7E6
TRACE_PROFILE,LOT,DF__TRACE_PROFI__LOT__6E82DC1F
TRACE_PROFILE,SERIAL,DF__TRACE_PRO__SERIA__6F770058
TRACE_PROFILE,COLOCATE_OWNERS,DF__TRACE_PRO__COLOC__706B2491
TRACE_PROFILE,COLOCATE_LOTS,DF__TRACE_PRO__COLOC__715F48CA
TRACE_PROFILE,EXPIRATION,DF__TRACE_PRO__EXPIR__72536D03
TRACE_PROFILE,COLOCATE_ALPHAS,DF__TRACE_PRO__COLOC__7347913C
TRACE_PROFILE,COLOCATE_NUMERICS,DF__TRACE_PRO__COLOC__743BB575
TRACE_PROFILE,ACCEPT_EXPIRED_RCV,DF__TRACE_PRO__ACCEP__752FD9AE
TRACE_PROFILE,OWNERSHIP_KNOWN,DF__TRACE_PRO__OWNER__7623FDE7
TRACE_PROFILE,LOT_KNOWN,DF__TRACE_PRO__LOT_K__77182220
TRACE_PROFILE,SERIAL_KNOWN,DF__TRACE_PRO__SERIA__780C4659
TRACE_PROFILE,EXPIRATION_KNOWN,DF__TRACE_PRO__EXPIR__79006A92
TRACE_PROFILE,APROPERTY_1_KNOWN,DF__TRACE_PRO__APROP__79F48ECB
TRACE_PROFILE,APROPERTY_2_KNOWN,DF__TRACE_PRO__APROP__7AE8B304
TRACE_PROFILE,APROPERTY_3_KNOWN,DF__TRACE_PRO__APROP__7BDCD73D
TRACE_PROFILE,APROPERTY_4_KNOWN,DF__TRACE_PRO__APROP__7CD0FB76
TRACE_PROFILE,APROPERTY_5_KNOWN,DF__TRACE_PRO__APROP__7DC51FAF
TRACE_PROFILE,NPROPERTY_1_KNOWN,DF__TRACE_PRO__NPROP__7EB943E8
TRACE_PROFILE,NPROPERTY_2_KNOWN,DF__TRACE_PRO__NPROP__7FAD6821
TRACE_PROFILE,NPROPERTY_3_KNOWN,DF__TRACE_PRO__NPROP__00A18C5A
TRACE_PROFILE,NPROPERTY_4_KNOWN,DF__TRACE_PRO__NPROP__0195B093
TRACE_PROFILE,NPROPERTY_5_KNOWN,DF__TRACE_PRO__NPROP__0289D4CC
TRACE_PROFILE,COUNT_DETAIL,DF__TRACE_PRO__COUNT__037DF905
TRACE_PROFILE,PRODUCTION,DF__TRACE_PRO__PRODU__04721D3E
TRACE_PROFILE,PRODUCTION_KNOWN,DF__TRACE_PRO__PRODU__05664177
TRACE_PROFILE,COLOCATE_PROD,DF__TRACE_PRO__COLOC__065A65B0
TRACE_PROFILE,RECEIVE_BY,DF__TRACE_PRO__RECEI__074E89E9
TRACE_PROFILE,RECEIVE_BY_KNOWN,DF__TRACE_PRO__RECEI__0842AE22
TRACE_PROFILE,COLOCATE_REC_BY,DF__TRACE_PRO__COLOC__0936D25B
TRACE_PROFILE,AVAILABLE,DF__TRACE_PRO__AVAIL__0A2AF694
TRACE_PROFILE,AVAILABLE_KNOWN,DF__TRACE_PRO__AVAIL__0B1F1ACD
TRACE_PROFILE,COLOCATE_AVAILABLE,DF__TRACE_PRO__COLOC__0C133F06
TRACE_PROFILE,SHIP_BY,DF__TRACE_PRO__SHIP___0D07633F
TRACE_PROFILE,SHIP_BY_KNOWN,DF__TRACE_PRO__SHIP___0DFB8778
TRACE_PROFILE,COLOCATE_SHIP_BY,DF__TRACE_PRO__COLOC__0EEFABB1
TRACE_SERV_DISP,CREATE_DATE,DF__TRACE_SER__CREAT__0FE3CFEA
TRACE_SERV_TRANS,CREATE_DATE,DF__TRACE_SER__CREAT__10D7F423
TRANSIT_TIME,DAYS,DF__TRANSIT_TI__DAYS__11CC185C
USER_DIM_MAPPING,EFFECTIVE_DATE,DF__USER_DIM___EFFEC__12C03C95
USER_DIMENSION,IS_SUMMARY,DF__USER_DIME__IS_SU__13B460CE
USER_DIMENSION,IS_RESERVED,DF__USER_DIME__IS_RE__14A88507
USER_FLD_AUTHORITY,PERMISSION,DF__USER_FLD___PERMI__159CA940
USER_PGM_AUTHORITY,PERMISSION,DF__USER_PGM___PERMI__1690CD79
V_ACCOUNT,ACCEPT_EARLY,DF__V_ACCOUNT__ACCEP__1784F1B2
V_ACCOUNT,BACKORDER,DF__V_ACCOUNT__BACKO__187915EB
V_ACCOUNT,CURRENCY_ID,DF__V_ACCOUNT__CURRE__1B558296
V_ACCOUNT,DUNNING_LETTERS,DF__V_ACCOUNT__DUNNI__1C49A6CF
V_ACCOUNT,FOLLOW_UP,DF__V_ACCOUNT__FOLLO__1D3DCB08
V_ACCOUNT,OPEN_DATE,DF__V_ACCOUNT__OPEN___1E31EF41
V_ACCOUNT,RMA_REQUIRED,DF__V_ACCOUNT__RMA_R__22F6A45E
V_ACCOUNT,TAX_EXEMPT,DF__V_ACCOUNT__TAX_E__23EAC897
V_ACCOUNT,TAX_ON_WHOLESALE,DF__V_ACCOUNT__TAX_O__24DEECD0
V_ACCOUNT,ACCT_CATEGORY,DF__V_ACCOUNT__ACCT___27BB597B
V_ACCT_BINARY,BITS_LENGTH,DF__V_ACCT_BI__BITS___28AF7DB4
V_ACCT_BINARY,TYPE,DF__V_ACCT_BIN__TYPE__29A3A1ED
V_ACCT_CONTACT,CREATE_DATE,DF__V_ACCT_CO__CREAT__38479256
V_ACCT_ENTITY,CREDIT_STATUS,DF__V_ACCT_EN__CREDI__28112A8D
V_ACCT_ENTITY,CREDIT_LIMIT_CTL,DF__V_ACCT_EN__CREDI__29054EC6
V_ACCT_ENTITY,TOTAL_OPEN_ORDERS,DF__V_ACCT_EN__TOTAL__29F972FF
V_ACCT_ENTITY,TOTAL_OPEN_RECV,DF__V_ACCT_EN__TOTAL__2AED9738
V_ACCT_ENTITY,OPEN_ORDER_COUNT,DF__V_ACCT_EN__OPEN___2BE1BB71
V_ACCT_ENTITY,OPEN_RECV_COUNT,DF__V_ACCT_EN__OPEN___2CD5DFAA
V_ACCT_ENTITY,CREATE_DATE,DF__V_ACCT_EN__CREAT__2DCA03E3
V_ACCT_SITE,ORDER_FILL_RATE,DF__V_ACCT_SI__ORDER__328EB900
V_ACCT_SITE,CREATE_DATE,DF__V_ACCT_SI__CREAT__3382DD39
V_ADDRESS,TAX_EXEMPT,DF__V_ADDRESS__TAX_E__2A97C626
V_CALL_BINARY,TYPE,DF__V_CALL_BIN__TYPE__2B8BEA5F
V_CALL_BINARY,BITS_LENGTH,DF__V_CALL_BI__BITS___2C800E98
V_CALL_ISS_BINARY,TYPE,DF__V_CALL_ISS__TYPE__2D7432D1
V_CALL_ISS_BINARY,BITS_LENGTH,DF__V_CALL_IS__BITS___2E68570A
V_CALL_ISSUE,PRIORITY_ID,DF__V_CALL_IS__PRIOR__2F5C7B43
V_CALL_RES_BINARY,TYPE,DF__V_CALL_RES__TYPE__30509F7C
V_CALL_RES_BINARY,BITS_LENGTH,DF__V_CALL_RE__BITS___3144C3B5
V_CALL_RESOLUTION,BILL,DF__V_CALL_RES__BILL__3238E7EE
V_CALL_RESOLUTION,BILLING_RATE,DF__V_CALL_RE__BILLI__332D0C27
V_CALL_RESOLUTION,HRS_WORKED,DF__V_CALL_RE__HRS_W__34213060
V_COMMIS_SHARE,SHARE_PCT,DF__V_COMMIS___SHARE__35155499
V_CONTACT,CREATE_DATE,DF__V_CONTACT__CREAT__360978D2
V_CONTACT,FOLLOW_UP,DF__V_CONTACT__FOLLO__36FD9D0B
V_CONTACT,SEMINAR_INVITE,DF__V_CONTACT__SEMIN__37F1C144
V_CONTACT,SEND_NEWS,DF__V_CONTACT__SEND___38E5E57D
V_CONTACT,SEND_PROMO,DF__V_CONTACT__SEND___39DA09B6
V_CONTACT_BINARY,BITS_LENGTH,DF__V_CONTACT__BITS___3ACE2DEF
V_CONTACT_BINARY,TYPE,DF__V_CONTACT___TYPE__3BC25228
V_CONTR_BINARY,TYPE,DF__V_CONTR_BI__TYPE__3CB67661
V_CONTR_BINARY,BITS_LENGTH,DF__V_CONTR_B__BITS___3DAA9A9A
V_CONTR_ITEM,AUTO_GENERATE,DF__V_CONTR_I__AUTO___3E9EBED3
V_CONTR_ITEM,EXCLUDED,DF__V_CONTR_I__EXCLU__3F92E30C
V_CONTR_ITEM,QTY,DF__V_CONTR_ITE__QTY__40870745
V_CONTR_ITEM_BIN,TYPE,DF__V_CONTR_IT__TYPE__417B2B7E
V_CONTR_ITEM_BIN,BITS_LENGTH,DF__V_CONTR_I__BITS___426F4FB7
V_CONTR_TYPE,EXP_MKUP_PERCENT,DF__V_CONTR_T__EXP_M__436373F0
V_CONTR_TYPE,MTL_MKUP_PERCENT,DF__V_CONTR_T__MTL_M__44579829
V_CONTR_TYPE,DEPOSIT_AMOUNT,DF__V_CONTR_T__DEPOS__454BBC62
V_CONTR_TYPE,PMT_AMOUNT,DF__V_CONTR_T__PMT_A__463FE09B
V_CONTR_TYPE,PMT_FREQ,DF__V_CONTR_T__PMT_F__473404D4
V_CONTR_TYPE,STATUS,DF__V_CONTR_T__STATU__4828290D
V_CONTRACT,EXP_MKUP_PERCENT,DF__V_CONTRAC__EXP_M__491C4D46
V_CONTRACT,MTL_MKUP_PERCENT,DF__V_CONTRAC__MTL_M__4A10717F
V_EMP_MATRIX,RATING,DF__V_EMP_MAT__RATIN__4B0495B8
V_EMP_MATRIX,BILLING_RATE,DF__V_EMP_MAT__BILLI__4BF8B9F1
V_FILTER,DEFAULT_FILTER,DF__V_FILTER__DEFAUL__4CECDE2A
V_FILTER,BITS_LENGTH,DF__V_FILTER__BITS_L__4DE10263
V_GRID_LAYOUT,FIELD_NAME,DF__V_GRID_LA__FIELD__4ED5269C
V_GRID_LAYOUT,HIDE,DF__V_GRID_LAY__HIDE__4FC94AD5
V_GRID_LAYOUT,LOCKED,DF__V_GRID_LA__LOCKE__50BD6F0E
V_GRID_LAYOUT,FIELD_POSITION,DF__V_GRID_LA__FIELD__51B19347
V_GRID_LAYOUT,REQUIRED,DF__V_GRID_LA__REQUI__52A5B780
V_GRID_LAYOUT,UDF_ENABLE,DF__V_GRID_LA__UDF_E__5399DBB9
V_GRID_LAYOUT,USER_REQUIRED,DF__V_GRID_LA__USER___548DFFF2
V_HISTORY,REL_TYPE,DF__V_HISTORY__REL_T__5582242B
V_HISTORY,AUTO_NOTE,DF__V_HISTORY__AUTO___56764864
V_INST,PERIOD_TYPE,DF__V_INST__PERIOD_T__576A6C9D
V_INST_LINE,INST_PERCENT,DF__V_INST_LI__INST___585E90D6
V_INV_BINARY,TYPE,DF__V_INV_BINA__TYPE__5952B50F
V_INV_BINARY,BITS_LENGTH,DF__V_INV_BIN__BITS___5A46D948
V_INV_LN_BINARY,TYPE,DF__V_INV_LN_B__TYPE__5B3AFD81
V_INV_LN_BINARY,BITS_LENGTH,DF__V_INV_LN___BITS___5C2F21BA
V_INVOICE,TERMS_NET_TYPE,DF__V_INVOICE__TERMS__5D2345F3
V_INVOICE,TERMS_DISC_TYPE,DF__V_INVOICE__TERMS__5E176A2C
V_MISC_FIELDS,IS_DELETED,DF__V_MISC_FI__IS_DE__5F0B8E65
V_MISC_FIELDS,EDIT_FROM_DETAIL,DF__V_MISC_FI__EDIT___5FFFB29E
V_MISC_FIELDS,BINARY_CHANGED,DF__V_MISC_FI__BINAR__60F3D6D7
V_MISC_FIELDS,IS_DIRTY,DF__V_MISC_FI__IS_DI__61E7FB10
V_OPPORTUNITY,FORECAST,DF__V_OPPORTU__FOREC__62DC1F49
V_OPPORTUNITY,FOLLOW_UP,DF__V_OPPORTU__FOLLO__63D04382
V_OPTY_BINARY,TYPE,DF__V_OPTY_BIN__TYPE__64C467BB
V_OPTY_BINARY,BITS_LENGTH,DF__V_OPTY_BI__BITS___65B88BF4
V_OPTY_CURR,AMOUNT,DF__V_OPTY_CU__AMOUN__66ACB02D
V_OPTY_CURR,BUY_RATE,DF__V_OPTY_CU__BUY_R__67A0D466
V_OPTY_CURR,SELL_RATE,DF__V_OPTY_CU__SELL___6894F89F
V_OPTY_CURR,CREATE_DATE,DF__V_OPTY_CU__CREAT__69891CD8
V_PAYABLE_DIST,POSTING_STATUS,DF__V_PAYABLE__POSTI__6A7D4111
V_PAYABLE_DIST,CREATE_DATE,DF__V_PAYABLE__CREAT__6B71654A
V_PAYABLE_DIST,CURRENCY_ID,DF__V_PAYABLE__CURRE__6C658983
V_QTE_LINE_BINARY,TYPE,DF__V_QTE_LINE__TYPE__6D59ADBC
V_QTE_LINE_BINARY,BITS_LENGTH,DF__V_QTE_LIN__BITS___6E4DD1F5
V_QUOTE,FOLLOW_UP,DF__V_QUOTE__FOLLOW___6F41F62E
V_QUOTE_BINARY,TYPE,DF__V_QUOTE_BI__TYPE__70361A67
V_QUOTE_BINARY,BITS_LENGTH,DF__V_QUOTE_B__BITS___712A3EA0
V_QUOTE_CURR,AMOUNT,DF__V_QUOTE_C__AMOUN__721E62D9
V_QUOTE_CURR,BUY_RATE,DF__V_QUOTE_C__BUY_R__73128712
V_QUOTE_CURR,SELL_RATE,DF__V_QUOTE_C__SELL___7406AB4B
V_QUOTE_CURR,CREATE_DATE,DF__V_QUOTE_C__CREAT__74FACF84
V_QUOTE_ESTIMATE,EST_LINE_NO,DF__V_QUOTE_E__EST_L__75EEF3BD
V_QUOTE_ESTIMATE,QUOTE_LINE_NO,DF__V_QUOTE_E__QUOTE__76E317F6
V_QUOTE_ORDER,ORDER_LINE_NO,DF__V_QUOTE_O__ORDER__77D73C2F
V_QUOTE_ORDER,QUOTE_LINE_NO,DF__V_QUOTE_O__QUOTE__78CB6068
V_QUOTE_PART,REQUIRED,DF__V_QUOTE_P__REQUI__79BF84A1
V_QUOTE_PART,HAS_SPECS,DF__V_QUOTE_P__HAS_S__7AB3A8DA
V_RECV_DIST,CREATE_DATE,DF__V_RECV_DI__CREAT__7BA7CD13
V_RECV_DIST,CURRENCY_ID,DF__V_RECV_DI__CURRE__7C9BF14C
V_RECV_DIST,NATIVE,DF__V_RECV_DI__NATIV__7D901585
V_RECV_DIST,POSTING_STATUS,DF__V_RECV_DI__POSTI__7E8439BE
V_RECV_DIST_LINE,CURRENCY_ID,DF__V_RECV_DI__CURRE__7F785DF7
V_RECV_DIST_LINE,POSTING_STATUS,DF__V_RECV_DI__POSTI__006C8230
V_RPT,HAS_CHILD,DF__V_RPT__HAS_CHILD__0160A669
V_SHOP_RESOURCE,ID,DF__V_SHOP_RESOU__ID__0254CAA2
V_SO_EXP_BINARY,TYPE,DF__V_SO_EXP_B__TYPE__0348EEDB
V_SO_EXP_BINARY,BITS_LENGTH,DF__V_SO_EXP___BITS___043D1314
V_SO_LBR_BINARY,TYPE,DF__V_SO_LBR_B__TYPE__0531374D
V_SO_LBR_BINARY,BITS_LENGTH,DF__V_SO_LBR___BITS___06255B86
V_SO_MTL_BINARY,TYPE,DF__V_SO_MTL_B__TYPE__07197FBF
V_SO_MTL_BINARY,BITS_LENGTH,DF__V_SO_MTL___BITS___080DA3F8
V_SO_OPR_BINARY,TYPE,DF__V_SO_OPR_B__TYPE__0901C831
V_SO_OPR_BINARY,BITS_LENGTH,DF__V_SO_OPR___BITS___09F5EC6A
V_SO_VND_BINARY,TYPE,DF__V_SO_VND_B__TYPE__0AEA10A3
V_SO_VND_BINARY,BITS_LENGTH,DF__V_SO_VND___BITS___0BDE34DC
V_SRVC_ORDER,EXP_MKUP_PERCENT,DF__V_SRVC_OR__EXP_M__0CD25915
V_SRVC_ORDER,MTL_MKUP_PERCENT,DF__V_SRVC_OR__MTL_M__0DC67D4E
V_SRVCORD_BINARY,TYPE,DF__V_SRVCORD___TYPE__0EBAA187
V_SRVCORD_BINARY,BITS_LENGTH,DF__V_SRVCORD__BITS___0FAEC5C0
V_SRVCORD_EXP,BILL,DF__V_SRVCORD___BILL__10A2E9F9
V_SRVCORD_EXP,FIXED_MKUP,DF__V_SRVCORD__FIXED__11970E32
V_SRVCORD_EXP,MKUP_PERCENT,DF__V_SRVCORD__MKUP___128B326B
V_SRVCORD_EXP,EST_QTY,DF__V_SRVCORD__EST_Q__137F56A4
V_SRVCORD_EXP,PAY,DF__V_SRVCORD_E__PAY__14737ADD
V_SRVCORD_EXP,UNIT_COST,DF__V_SRVCORD__UNIT___15679F16
V_SRVCORD_EXP,ACT_AMOUNT,DF__V_SRVCORD__ACT_A__165BC34F
V_SRVCORD_EXP,POSTING_CANDIDATE,DF__V_SRVCORD__POSTI__174FE788
V_SRVCORD_EXP,BUY_RATE,DF__V_SRVCORD__BUY_R__18440BC1
V_SRVCORD_EXP,SELL_RATE,DF__V_SRVCORD__SELL___19382FFA
V_SRVCORD_EXP,EXCH_RATE_FIXED,DF__V_SRVCORD__EXCH___1A2C5433
V_SRVCORD_EXP,DISCOUNT_PERCENT,DF__V_SRVCORD__DISCO__1B20786C
V_SRVCORD_LBR,ACT_LBR_HRS,DF__V_SRVCORD__ACT_L__1C149CA5
V_SRVCORD_LBR,LBR_RATE,DF__V_SRVCORD__LBR_R__1D08C0DE
V_SRVCORD_MTL,BILL,DF__V_SRVCORD___BILL__1DFCE517
V_SRVCORD_MTL,COMMISSION_PERCENT,DF__V_SRVCORD__COMMI__1EF10950
V_SRVCORD_MTL,DISCOUNT_PERCENT,DF__V_SRVCORD__DISCO__1FE52D89
V_SRVCORD_MTL,ACT_AMOUNT,DF__V_SRVCORD__ACT_A__20D951C2
V_SRVCORD_MTL,ACT_QTY,DF__V_SRVCORD__ACT_Q__21CD75FB
V_SRVCORD_MTL,POSTING_CANDIDATE,DF__V_SRVCORD__POSTI__22C19A34
V_SRVCORD_MTL,UNIT_PRICE,DF__V_SRVCORD__UNIT___23B5BE6D
V_SRVCORD_OPER,BILL,DF__V_SRVCORD___BILL__24A9E2A6
V_SRVCORD_OPER,COMMISSION_PERCENT,DF__V_SRVCORD__COMMI__259E06DF
V_SRVCORD_OPER,DISCOUNT_PERCENT,DF__V_SRVCORD__DISCO__26922B18
V_SRVCORD_VNDR,BILL,DF__V_SRVCORD___BILL__27864F51
V_SRVCORD_VNDR,COMMISSION_PERCENT,DF__V_SRVCORD__COMMI__287A738A
V_SRVCORD_VNDR,UNIT_COST,DF__V_SRVCORD__UNIT___296E97C3
V_SRVCORD_VNDR,DISCOUNT_PERCENT,DF__V_SRVCORD__DISCO__2A62BBFC
V_SRVCORD_VNDR,EST_AMOUNT,DF__V_SRVCORD__EST_A__2B56E035
V_SRVCORD_VNDR,FIXED_MKUP,DF__V_SRVCORD__FIXED__2C4B046E
V_SRVCORD_VNDR,MKUP_PERCENT,DF__V_SRVCORD__MKUP___2D3F28A7
V_SRVCORD_VNDR,ACT_AMOUNT,DF__V_SRVCORD__ACT_A__2E334CE0
V_SRVCORD_VNDR,BUY_RATE,DF__V_SRVCORD__BUY_R__2F277119
V_SRVCORD_VNDR,SELL_RATE,DF__V_SRVCORD__SELL___301B9552
V_SRVCORD_VNDR,POSTING_CANDIDATE,DF__V_SRVCORD__POSTI__310FB98B
V_SRVCORD_VNDR,RECV_QTY,DF__V_SRVCORD__RECV___3203DDC4
V_SRVCORD_VNDR,RECEIVED,DF__V_SRVCORD__RECEI__32F801FD
V_SYNC_USER,ACTIVE,DF__V_SYNC_US__ACTIV__33EC2636
V_TASK,USER_NOTE,DF__V_TASK__USER_NOT__34E04A6F
V_TASK,REL_NO,DF__V_TASK__REL_NO__35D46EA8
V_TASK_BINARY,TYPE,DF__V_TASK_BIN__TYPE__36C892E1
V_TASK_BINARY,BITS_LENGTH,DF__V_TASK_BI__BITS___37BCB71A
VAT,TYPE,DF__VAT__TYPE__32A3C799
VAT_BOOK,AR_INVOICES,DF__VAT_BOOK__AR_INV__38B0DB53
VAT_BOOK,AR_MEMOS,DF__VAT_BOOK__AR_MEM__39A4FF8C
VAT_BOOK,AP_INVOICES,DF__VAT_BOOK__AP_INV__3A9923C5
VAT_BOOK,AP_MEMOS,DF__VAT_BOOK__AP_MEM__3B8D47FE
VAT_BOOK,REPORT_TYPE,DF__VAT_BOOK__REPORT__3C816C37
VAT_BOOK,LEADING_ZEROS,DF__VAT_BOOK__LEADIN__3D759070
VEND_CONTACT,PRIMARY_CONTACT,DF__VEND_CONT__PRIMA__3E69B4A9
VENDOR,REPORT_1099_MISC,DF__VENDOR__REPORT_1__3F5DD8E2
VENDOR,TERMS_NET_TYPE,DF__VENDOR__TERMS_NE__4051FD1B
VENDOR,TERMS_DISC_TYPE,DF__VENDOR__TERMS_DI__41462154
VENDOR,CURRENCY_ID,DF__VENDOR__CURRENCY__423A458D
VENDOR,MATCH_TYPE,DF__VENDOR__MATCH_TY__432E69C6
VENDOR,PAYMENT_METHOD,DF__VENDOR__PAYMENT___44228DFF
VENDOR,vat_discounted,DF__VENDOR__vat_disc__4516B238
VENDOR,vat_always_disc,DF__VENDOR__vat_alwa__460AD671
VENDOR,vat_override_seq,DF__VENDOR__vat_over__46FEFAAA
VENDOR,STATUS_EFF_DATE,DF__VENDOR__STATUS_E__47F31EE3
VENDOR,EMAIL_VEND_ON_NEW_ORDER,DF__VENDOR__EMAIL_VE__1DA8AAB3
VENDOR,EMAIL_VEND_ON_CHG_ORDER,DF__VENDOR__EMAIL_VE__1E9CCEEC
VENDOR,EMAIL_VEND_ON_PO_RECEIPT,DF__VENDOR__EMAIL_VE__1F90F325
VENDOR,EMAIL_EMPL_ON_NEW_ORDER,DF__VENDOR__EMAIL_EM__2085175E
VENDOR,EMAIL_EMPL_ON_CHG_ORDER,DF__VENDOR__EMAIL_EM__21793B97
VENDOR,EMAIL_EMPL_ON_PO_RECEIPT,DF__VENDOR__EMAIL_EM__226D5FD0
VENDOR,EMAIL_EMPL_ON_INV_PAID,DF__VENDOR__EMAIL_EM__23618409
VENDOR_BANK,IS_DEFAULT,DF__VENDOR_BA__IS_DE__48E7431C
VENDOR_ENTITY,TOTAL_OPEN_ORDERS,DF__VENDOR_EN__TOTAL__49DB6755
VENDOR_ENTITY,TOTAL_OPEN_PAYB,DF__VENDOR_EN__TOTAL__4ACF8B8E
VENDOR_ENTITY,OPEN_ORDER_COUNT,DF__VENDOR_EN__OPEN___4BC3AFC7
VENDOR_ENTITY,OPEN_PAYB_COUNT,DF__VENDOR_EN__OPEN___4CB7D400
VENDOR_QUOTE,DEFAULT_UNIT_PRICE,DF__VENDOR_QU__DEFAU__4DABF839
VENDOR_QUOTE,DEF_UNIT_PRICE_CURR,DF__VENDOR_QU__DEF_U__4EA01C72
VENDOR_SERV_QUOTE,DEFAULT_UNIT_PRICE,DF__VENDOR_SE__DEFAU__4F9440AB
VENDOR_SERV_QUOTE,MINIMUM_CHARGE,DF__VENDOR_SE__MINIM__508864E4
VENDOR_SERV_QUOTE,BASE_CHARGE,DF__VENDOR_SE__BASE___517C891D
VENDOR_SERV_QUOTE,DEF_UNIT_PRICE_CURR,DF__VENDOR_SE__DEF_U__5270AD56
VENDOR_SERVICE,EST_COST_PER_UNIT,DF__VENDOR_SE__EST_C__5364D18F
VENDOR_SERVICE,EST_MIN_CHARGE,DF__VENDOR_SE__EST_M__5458F5C8
VENDOR_SERVICE,EST_BASE_CHARGE,DF__VENDOR_SE__EST_B__554D1A01
VENDOR_SYNC,CREATE_DATE,DF__VENDOR_SY__CREAT__56413E3A
VENDOR_SYNC,SUBSCRIPTIONS,DF__VENDOR_SY__SUBSC__57356273
VMDI_CSH_HDR,TRANSACTION_DATE,DF__VMDI_CSH___TRANS__582986AC
VMDI_CSH_LINE,TRANSACTION_DATE,DF__VMDI_CSH___TRANS__591DAAE5
VMDI_CSH_LINE,DISCOUNT_APPLIED,DF__VMDI_CSH___DISCO__5A11CF1E
VMDI_LAYOUT,CREATE_DATE,DF__VMDI_LAYO__CREAT__5B05F357
VMDI_LAYOUT,SAVE_DATA_FLOW,DF__VMDI_LAYO__SAVE___5BFA1790
VMQUERY_ITEM_AUTHORITY,PERMISSION,DF__VMQUERY_I__PERMI__010C6C05
VR_ANALYTIC_CONFIG,SCOPE_TYPE,DF__VR_ANALYT__SCOPE__22A269FA
VR_ANALYTIC_CONFIG,STATUS,DF__VR_ANALYT__STATU__23968E33
VR_ANALYTIC_CONFIG,VALUE_AGGR_TYPE,DF__VR_ANALYT__VALUE__248AB26C
VR_ANALYTIC_CONFIG,SHOW_X_AXIS_TITLE,DF__VR_ANALYT__SHOW___257ED6A5
VR_ANALYTIC_CONFIG,SHOW_Y_AXIS_TITLE,DF__VR_ANALYT__SHOW___2672FADE
VR_ANALYTIC_CONFIG,SHOW_LEGEND,DF__VR_ANALYT__SHOW___27671F17
VR_ANALYTIC_CONFIG,LEGEND_POSITION,DF__VR_ANALYT__LEGEN__285B4350
VR_ANALYTIC_CONFIG,LEGEND_ALIGNMENT,DF__VR_ANALYT__LEGEN__294F6789
VR_ANALYTIC_CONFIG,DEF_TOP_N,DF__VR_ANALYT__DEF_T__2A438BC2
VR_ANALYTIC_CONFIG,SHOW_SERIES_LABEL,DF__VR_ANALYT__SHOW___2B37AFFB
VR_ANALYTIC_CONFIG,SHOW_SERIES_TOOLTIP,DF__VR_ANALYT__SHOW___2C2BD434
VR_ANALYTIC_CONFIG,CREATE_DATE,DF__VR_ANALYT__CREAT__2D1FF86D
VR_DATA_SOURCE,SCOPE_TYPE,DF__VR_DATA_S__SCOPE__14544AA3
VR_DATA_SOURCE,USE_ANSI_92_JOIN,DF__VR_DATA_S__USE_A__15486EDC
VR_DATA_SOURCE,STATUS,DF__VR_DATA_S__STATU__163C9315
VR_DATA_SOURCE,CREATE_DATE,DF__VR_DATA_S__CREAT__1730B74E
VR_DATA_SOURCE_COLUMN,FILTER_TYPE,DF__VR_DATA_S__FILTE__1DDDB4DD
VR_DATA_SOURCE_COLUMN,IS_VISIBLE,DF__VR_DATA_S__IS_VI__1ED1D916
VR_DATA_SOURCE_TABLE,JOIN_TYPE,DF__VR_DATA_S__JOIN___1A0D23F9
VR_DATA_SRC_DRILLTO_PARAM,PARAMETER_TYPE,DF__VR_DATA_S__PARAM__430F398C
VR_GRID_CONFIG,SCOPE_TYPE,DF__VR_GRID_C__SCOPE__33CCF5FC
VR_GRID_CONFIG,STATUS,DF__VR_GRID_C__STATU__34C11A35
VR_GRID_CONFIG,GRID_TYPE,DF__VR_GRID_C__GRID___35B53E6E
VR_GRID_CONFIG,VALUE_AGGR_TYPE,DF__VR_GRID_C__VALUE__36A962A7
VR_GRID_CONFIG,DEF_TOP_N,DF__VR_GRID_C__DEF_T__379D86E0
VR_GRID_CONFIG,CREATE_DATE,DF__VR_GRID_C__CREAT__3891AB19
VR_GRID_CONFIG_COLUMN,IS_VISIBLE,DF__VR_GRID_C__IS_VI__3C623BFD
WAREHOUSE,INDEPENDENT,DF__WAREHOUSE__INDEP__5CEE3BC9
WAREHOUSE,MRP_EXEMPT,DF__WAREHOUSE__MRP_E__5DE26002
WAREHOUSE_WIP_VAS,UNIT_PRICE,DF__WAREHOUSE__UNIT___5ED6843B
WBS,STATUS_EFF_DATE,DF__WBS__STATUS_EFF___5FCAA874
WEB_SESSION,LAST_ACTIVITY,DF__WEB_SESSI__LAST___240B8F7F
WEB_SESSION,CREATE_DATE,DF__WEB_SESSI__CREAT__24FFB3B8
WIP_BALANCE,CURRENCY_ID,DF__WIP_BALAN__CURRE__60BECCAD
WIP_ISSUE_DETAIL,CURRENCY_ID,DF__WIP_ISSUE__CURRE__61B2F0E6
WIP_ISSUE_DIST,CREATE_DATE,DF__WIP_ISSUE__CREAT__62A7151F
WIP_ISSUE_DIST,CURRENCY_ID,DF__WIP_ISSUE__CURRE__639B3958
WIP_LABOR_DETAIL,CURRENCY_ID,DF__WIP_LABOR__CURRE__648F5D91
WIP_PAYB_DETAIL,CURRENCY_ID,DF__WIP_PAYB___CURRE__658381CA
WIP_RECEIPT_DETAIL,CURRENCY_ID,DF__WIP_RECEI__CURRE__6677A603
WIP_RECEIPT_DIST,CREATE_DATE,DF__WIP_RECEI__CREAT__676BCA3C
WIP_RECEIPT_DIST,CURRENCY_ID,DF__WIP_RECEI__CURRE__685FEE75
WIP_SERVICE_DETAIL,CURRENCY_ID,DF__WIP_SERVI__CURRE__695412AE
WIP_SPLIT_DETAIL,CURRENCY_ID,DF__WIP_SPLIT__CURRE__6A4836E7
WIP_VAS,UNIT_PRICE,DF__WIP_VAS__UNIT_PR__6B3C5B20
WIP_VAS_SYNC,CREATE_DATE,DF__WIP_VAS_S__CREAT__6C307F59
WIP_VAS_SYNC,SUBSCRIPTIONS,DF__WIP_VAS_S__SUBSC__6D24A392
WORK_ORDER,RECEIVED_QTY,DF__WORK_ORDE__RECEI__6E18C7CB
WORK_ORDER,CREATE_DATE,DF__WORK_ORDE__CREAT__6F0CEC04
WORK_ORDER,FORWARD_SCHEDULE,DF__WORK_ORDE__FORWA__7001103D
WORK_ORDER,POSTING_CANDIDATE,DF__WORK_ORDE__POSTI__70F53476
WORK_ORDER,EST_MATERIAL_COST,DF__WORK_ORDE__EST_M__71E958AF
WORK_ORDER,EST_LABOR_COST,DF__WORK_ORDE__EST_L__72DD7CE8
WORK_ORDER,EST_BURDEN_COST,DF__WORK_ORDE__EST_B__73D1A121
WORK_ORDER,EST_SERVICE_COST,DF__WORK_ORDE__EST_S__74C5C55A
WORK_ORDER,ACT_MATERIAL_COST,DF__WORK_ORDE__ACT_M__75B9E993
WORK_ORDER,ACT_LABOR_COST,DF__WORK_ORDE__ACT_L__76AE0DCC
WORK_ORDER,ACT_BURDEN_COST,DF__WORK_ORDE__ACT_B__77A23205
WORK_ORDER,ACT_SERVICE_COST,DF__WORK_ORDE__ACT_S__7896563E
WORK_ORDER,REM_MATERIAL_COST,DF__WORK_ORDE__REM_M__798A7A77
WORK_ORDER,REM_LABOR_COST,DF__WORK_ORDE__REM_L__7A7E9EB0
WORK_ORDER,REM_BURDEN_COST,DF__WORK_ORDE__REM_B__7B72C2E9
WORK_ORDER,REM_SERVICE_COST,DF__WORK_ORDE__REM_S__7C66E722
WORK_ORDER,MARKED_FOR_PURGE,DF__WORK_ORDE__MARKE__7D5B0B5B
WORK_ORDER,ALLOCATED_QTY,DF__WORK_ORDE__ALLOC__7E4F2F94
WORK_ORDER,FULFILLED_QTY,DF__WORK_ORDE__FULFI__7F4353CD
WORK_ORDER,STATUS_EFF_DATE,DF__WORK_ORDE__STATU__00377806
WORK_ORDER,ALLOW_UPD_FROM_MST,DF__WORK_ORDE__ALLOW__012B9C3F
WORK_ORDER,ALLOW_UPD_FROM_LEG,DF__WORK_ORDE__ALLOW__021FC078
WORK_ORDER,INACTIVE,DF__WORK_ORDE__INACT__7E650984
WORK_ORDER,PERCENT_COMPL,DF__WORK_ORDE__PERCE__29C468D5
WORK_ORDER,QTY_COMPL_BY_HRS,DF__WORK_ORDE__QTY_C__2AB88D0E
WORK_ORDER,MAX_QTY_COMPLETE,DF__WORK_ORDE__MAX_Q__2BACB147
WORK_ORDER,CUSTOMER_PRIORITY,DF__WORK_ORDE__CUSTO__30716664
WORK_ORDER_SYNC,CREATE_DATE,DF__WORK_ORDE__CREAT__0313E4B1
WORK_ORDER_SYNC,SUBSCRIPTIONS,DF__WORK_ORDE__SUBSC__040808EA
WORKFLOW,STATUS_EFF_DATE,DF__WORKFLOW__STATUS__04FC2D23
WORKFLOW_EVENT,CREATE_DATE,DF__WORKFLOW___CREAT__05F0515C
WORKORDER_AUDIT,PASS_DIRECTION,DF__WORKORDER__PASS___06E47595
WORKORDER_AUDIT,PASS_RESULT,DF__WORKORDER__PASS___07D899CE
WORKORDER_SUMMARY,EST_ATL_MAT_COST,DF__WORKORDER__EST_A__08CCBE07
WORKORDER_SUMMARY,EST_ATL_LAB_COST,DF__WORKORDER__EST_A__09C0E240
WORKORDER_SUMMARY,EST_ATL_BUR_COST,DF__WORKORDER__EST_A__0AB50679
WORKORDER_SUMMARY,EST_ATL_SER_COST,DF__WORKORDER__EST_A__0BA92AB2
WORKORDER_SUMMARY,REM_ATL_MAT_COST,DF__WORKORDER__REM_A__0C9D4EEB
WORKORDER_SUMMARY,REM_ATL_LAB_COST,DF__WORKORDER__REM_A__0D917324
WORKORDER_SUMMARY,REM_ATL_BUR_COST,DF__WORKORDER__REM_A__0E85975D
WORKORDER_SUMMARY,REM_ATL_SER_COST,DF__WORKORDER__REM_A__0F79BB96
WORKORDER_SUMMARY,ACT_ATL_MAT_COST,DF__WORKORDER__ACT_A__106DDFCF
WORKORDER_SUMMARY,ACT_ATL_LAB_COST,DF__WORKORDER__ACT_A__11620408
WORKORDER_SUMMARY,ACT_ATL_BUR_COST,DF__WORKORDER__ACT_A__12562841
WORKORDER_SUMMARY,ACT_ATL_SER_COST,DF__WORKORDER__ACT_A__134A4C7A