table_name,PrimaryKeyColumn
ACCOUNT,ID
ACCOUNT_AT_NATIVE,ACCOUNT_ID
ACCOUNT_AT_NATIVE,SITE_ID
ACCOUNT_AT_NATIVE,ACCT_YEAR
ACCOUNT_AT_NATIVE,ACCT_PERIOD
ACCOUNT_AT_NATIVE,CURRENCY_ID
ACCOUNT_BAL_DIM,ACCOUNT_ID
ACCOUNT_BAL_DIM,SITE_ID
ACCOUNT_BAL_DIM,ACCT_YEAR
ACCOUNT_BAL_DIM,ACCT_PERIOD
ACCOUNT_BAL_DIM,CURRENCY_ID
ACCOUNT_BAL_DIM,USER_DIMENSION_1
ACCOUNT_BAL_DIM,USER_DIMENSION_2
ACCOUNT_BAL_DIM,CUST_ORDER_ID
ACCOUNT_BAL_DIM,PRODUCT_CODE
ACCOUNT_BAL_SUM,SPID
ACCOUNT_BAL_SUM,ACCOUNT_ID
ACCOUNT_BAL_SUM,SITE_ID
ACCOUNT_BAL_SUM,ACCT_YEAR
ACCOUNT_BAL_SUM,ACCT_PERIOD
ACCOUNT_BAL_SUM,CURRENCY_ID
ACCOUNT_BALANCE,ACCOUNT_ID
ACCOUNT_BALANCE,SITE_ID
ACCOUNT_BALANCE,ACCT_YEAR
ACCOUNT_BALANCE,ACCT_PERIOD
ACCOUNT_BALANCE,CURRENCY_ID
ACCOUNT_BUDGET,account_id
ACCOUNT_BUDGET,SITE_ID
ACCOUNT_BUDGET,acct_year
ACCOUNT_BUDGET,acct_period
ACCOUNT_BUDGET,budget_type
ACCOUNT_BUDGET,budget_code
ACCOUNT_BUDGET,currency_id
ACCOUNT_BUDGET_SUM,SPID
ACCOUNT_BUDGET_SUM,ACCOUNT_ID
ACCOUNT_BUDGET_SUM,SITE_ID
ACCOUNT_BUDGET_SUM,ACCT_YEAR
ACCOUNT_BUDGET_SUM,ACCT_PERIOD
ACCOUNT_BUDGET_SUM,BUDGET_TYPE
ACCOUNT_BUDGET_SUM,BUDGET_CODE
ACCOUNT_BUDGET_SUM,CURRENCY_ID
ACCOUNT_CHG_LOG,TRANSACTION_ID
ACCOUNT_GROUP,GROUP_ID
ACCOUNT_GROUP,ACCOUNT_ID
ACCOUNT_PERIOD,SITE_ID
ACCOUNT_PERIOD,ACCT_YEAR
ACCOUNT_PERIOD,ACCT_PERIOD
ACCOUNT_PROFILE,account_type
ACCOUNT_PROFILE,profile_id
ACCOUNT_PROFILE,profile_type
ACCOUNT_PROFILE,account_id
ACCOUNT_SITE,ACCOUNT_ID
ACCOUNT_SITE,SITE_ID
ACCOUNTING_ENTITY,ID
ADDRESS_POS_SETUP,country
ADDRESS_POS_SETUP,field_no
ADDRESS_POS_SETUP,field_type
ADJ_REASON,ID
ADJ_REASON_SYNC,EVENT_ID
ADJUSTMENT_DETAIL,TRANSACTION_ID
ADJUSTMENT_DETAIL,DIST_NO
ADJUSTMENT_DETAIL,CURRENCY_ID
ADJUSTMENT_DIST,TRANSACTION_ID
ADJUSTMENT_DIST,DIST_NO
ADJUSTMENT_DIST,ENTRY_NO
ADJUSTMENT_DIST,CURRENCY_ID
ADV_SHIP_NOTICE,id
AIC,CODE
AIC_SYNC,EVENT_ID
ALLOCATION,ID
ALLOCATION_DETAIL,ALLOC_ID
ALLOCATION_DETAIL,LINE_NO
AMTS_PENDING_TRANS,PENDING_ID
APP_CONFIG,ID
APP_CONFIG_ITEM,ID
APP_CONFIG_USER,PROGRAM_ID
APP_CONFIG_USER,USER_ID
APPLICATION,PROGRAM_ID
APPLICATION,LANGUAGE_ID
APPLICATION_FIELDS,PROGRAM_ID
APPLICATION_FIELDS,FIELD_ID
APPLICATION_GROUP,GROUP_ID
APPLICATION_GROUP,LANGUAGE_ID
APPLICATION_LINK,GROUP_ID
APPLICATION_LINK,GROUP_SEQ_NO
APPLICATION_LINK,PROGRAM_ID
APPLICATION_LINK,LANGUAGE_ID
APPLICATION_USER,NAME
APS_DATA,LAYOUT_KEY
APS_DATA,SEGMENT_TYPE
APS_DATA,TABLE_NAME
APS_DATA,COLUMN_NAME
APS_LAYOUT,KEY
APS_TABLE,LAYOUT_KEY
APS_TABLE,SEGMENT_TYPE
APS_TABLE,TABLE_NAME
BANK_ACCOUNT,ID
BANK_ADJ_CURR,BANK_ACCOUNT_ID
BANK_ADJ_CURR,ADJUSTMENT_ID
BANK_ADJ_CURR,CURRENCY_ID
BANK_ADJ_DIST,BANK_ACCOUNT_ID
BANK_ADJ_DIST,ADJUSTMENT_ID
BANK_ADJ_DIST,DIST_NO
BANK_ADJ_DIST,ENTRY_NO
BANK_ADJ_DIST,CURRENCY_ID
BANK_ADJ_LINE,BANK_ACCOUNT_ID
BANK_ADJ_LINE,ADJUSTMENT_ID
BANK_ADJ_LINE,LINE_NO
BANK_ADJUSTMENT,BANK_ACCOUNT_ID
BANK_ADJUSTMENT,ADJUSTMENT_ID
BANK_DEPOSIT,BANK_ACCOUNT_ID
BANK_DEPOSIT,DEPOSIT_ID
BANK_STATEMENT,BANK_ACCOUNT_ID
BANK_STATEMENT,STATEMENT_DATE
BID_RATE_CATEGORY,ID
BID_RATE_GROUP,ID
BID_RATE_GROUP_CATEGORY,BID_RATE_GROUP_ID
BID_RATE_GROUP_CATEGORY,BID_RATE_CATEGORY_ID
BOL,ID
BUDGET_CODE,id
BUDGET_TYPE,id
BUFFER,ID
BUFFER_PROFILE,ID
BUFFER_STAT_MATL,BUFFER_STATUS_ID
BUFFER_STAT_MATL,SUPPLY_TYPE
BUFFER_STAT_MATL,SUPPLY_BASE_ID
BUFFER_STAT_MATL,SUPPLY_SEQ_NO
BUFFER_STAT_MATL,SUPPLY_NO
BUFFER_STAT_WO_LOC,BUFFER_STATUS_ID
BUFFER_STAT_WO_LOC,WORKORDER_TYPE
BUFFER_STAT_WO_LOC,WORKORDER_BASE_ID
BUFFER_STAT_WO_LOC,WORKORDER_LOT_ID
BUFFER_STAT_WO_LOC,WORKORDER_SPLIT_ID
BUFFER_STAT_WO_LOC,WORKORDER_SUB_ID
BUFFER_STAT_WO_LOC,OPERATION_SEQ_NO
BUFFER_STATUS,ID
BURD_DIST_DETAIL,BURDEN_ID
BURD_DIST_DETAIL,BURDEN_CATEGORY_ID
BURD_DIST_DETAIL,SOURCE_TYPE
BURD_DIST_DETAIL,SOURCE_TRANS_ID
BURD_DIST_DETAIL,SOURCE_ID
BURD_DIST_DETAIL,SOURCE_LINE_NO
BURD_DIST_DETAIL,DIST_NO
BURD_DIST_DETAIL,CURRENCY_ID
BURDEN_BATCH_RATES,SITE_ID
BURDEN_BATCH_RATES,BATCH_ID
BURDEN_DIST,BURDEN_ID
BURDEN_DIST,DIST_NO
BURDEN_DIST,ENTRY_NO
BURDEN_DIST,BURDEN_CATEGORY_ID
BURDEN_DIST,CURRENCY_ID
BURDEN_GROUP,ID
BURDEN_RULE,BURDEN_GROUP_ID
BURDEN_RULE,COST_CATEGORY_ID
BURDEN_TRANS,BURDEN_ID
BURDEN_TRANS,PROJECT_SUMMARY_ID
BURDEN_TRANS,BURDEN_CATEGORY_ID
CARRIER,ID
CARRIER_SYNC,EVENT_ID
CARTON,ID
CARTON_LINE,CARTON_ID
CARTON_LINE,LINE_NO
CASH_BOOK_SUMMARY,BANK_ACCOUNT_ID
CASH_BOOK_SUMMARY,ACCT_YEAR
CASH_BOOK_SUMMARY,ACCT_PERIOD
CASH_BOOK_SUMMARY,SITE_ID
CASH_DISBURSE_CURR,BANK_ACCOUNT_ID
CASH_DISBURSE_CURR,CONTROL_NO
CASH_DISBURSE_CURR,CURRENCY_ID
CASH_DISBURSE_DIST,BANK_ACCOUNT_ID
CASH_DISBURSE_DIST,CONTROL_NO
CASH_DISBURSE_DIST,DIST_NO
CASH_DISBURSE_DIST,ENTRY_NO
CASH_DISBURSE_DIST,CURRENCY_ID
CASH_DISBURSE_LINE,BANK_ACCOUNT_ID
CASH_DISBURSE_LINE,CONTROL_NO
CASH_DISBURSE_LINE,LINE_NO
CASH_DISBURSEMENT,BANK_ACCOUNT_ID
CASH_DISBURSEMENT,CONTROL_NO
CASH_PLAN,ID
CASH_PLAN_ACCOUNT,CASH_PLAN_ID
CASH_PLAN_ACCOUNT,CASH_PLAN_LINE_NO
CASH_PLAN_ACCOUNT,ACCOUNT_ID
CASH_PLAN_AMOUNT,CASH_PLAN_ID
CASH_PLAN_AMOUNT,CASH_PLAN_LINE_NO
CASH_PLAN_AMOUNT,YEAR
CASH_PLAN_AMOUNT,PERIOD
CASH_PLAN_AMOUNT,AMOUNT_TYPE
CASH_PLAN_LINE,CASH_PLAN_ID
CASH_PLAN_LINE,LINE_NO
CASH_PLAN_SITE,CASH_PLAN_ID
CASH_PLAN_SITE,SITE_ID
CASH_RECEIPT,CUSTOMER_ID
CASH_RECEIPT,CHECK_ID
CASH_RECEIPT_CURR,CUSTOMER_ID
CASH_RECEIPT_CURR,CHECK_ID
CASH_RECEIPT_CURR,CURRENCY_ID
CASH_RECEIPT_DIST,CUSTOMER_ID
CASH_RECEIPT_DIST,CHECK_ID
CASH_RECEIPT_DIST,DIST_NO
CASH_RECEIPT_DIST,ENTRY_NO
CASH_RECEIPT_DIST,CURRENCY_ID
CASH_RECEIPT_LINE,CUSTOMER_ID
CASH_RECEIPT_LINE,CHECK_ID
CASH_RECEIPT_LINE,LINE_NO
CHART_FACTORS,SUBGROUP_SIZE
CNSN_RCVR_LINE_DEL,RECEIVER_ID
CNSN_RCVR_LINE_DEL,RECEIVER_LINE_NO
CNSN_RCVR_LINE_DEL,LINE_NO
CO_PRODUCT,WORKORDER_TYPE
CO_PRODUCT,WORKORDER_BASE_ID
CO_PRODUCT,WORKORDER_LOT_ID
CO_PRODUCT,WORKORDER_SPLIT_ID
CO_PRODUCT,WORKORDER_SUB_ID
CO_PRODUCT,PART_ID
COMMODITY,CODE
COMMODITY_SYNC,EVENT_ID
CONSIGN_RCVR_LINE,RECEIVER_ID
CONSIGN_RCVR_LINE,LINE_NO
CONSIGN_RECEIVER,ID
CONSOLID_ACCOUNT,PARENT_ACCT_ID
CONSOLIDATION,ID
CONSOLIDATION_MAP,CONSOLIDATION_ID
CONSOLIDATION_MAP,LINE_NO
CONTACT,ID
CONTACT_BINARY,CONTACT_ID
CONTACT_BINARY,TYPE
CONTRACT_TYPE,CODE
CONTROL_LIMITS,TEST_ID
CONTROL_LIMITS,STEP_NO
CONTROL_LIMITS,LIMIT_ID
CONTROL_LIMITS,LIMIT_TYPE
COR_INBOX_ENTRY,C_ID
COR_INBOX_HEADERS,C_ID
COR_OUTBOX_ENTRY,C_ID
COR_OUTBOX_HEADERS,C_ID
COST_CATEGORY,ID
COST_GROUP,ID
COST_SIMULATION,SIMULATION_ID
COST_SIMULATION,PART_ID
COUNTRY,ID
CURR_PRICE_INDEX,FROM_CURRENCY_ID
CURR_PRICE_INDEX,TO_CURRENCY_ID
CURRENCY,ID
CURRENCY_ENTITY,ENTITY_ID
CURRENCY_ENTITY,CURRENCY_ID
CURRENCY_EXCHANGE,ENTITY_ID
CURRENCY_EXCHANGE,CURRENCY_ID
CURRENCY_EXCHANGE,EFFECTIVE_DATE
CUST_ADDRESS,CUSTOMER_ID
CUST_ADDRESS,ADDR_NO
CUST_BOOK_DEL,CUST_ORDER_ID
CUST_BOOK_DEL,CUST_ORDER_LINE_NO
CUST_BOOK_DEL,DEL_SCHED_LINE_NO
CUST_BOOK_DEL,BOOK_DATE
CUST_BOOK_LINE,CUST_ORDER_ID
CUST_BOOK_LINE,CUST_ORDER_LINE_NO
CUST_BOOK_LINE,BOOK_DATE
CUST_CONTACT,CUSTOMER_ID
CUST_CONTACT,CONTACT_ID
CUST_GROUP_RELATION,GROUP_ID
CUST_GROUP_RELATION,CUSTOMER_ID
CUST_LINE_BILLING,CUST_ORDER_ID
CUST_LINE_BILLING,CUST_ORDER_LINE_NO
CUST_LINE_BILLING,EVENT_SEQ_NO
CUST_LINE_BINARY,CUST_ORDER_ID
CUST_LINE_BINARY,CUST_ORDER_LINE_NO
CUST_LINE_BINARY,TYPE
CUST_LINE_DEL,CUST_ORDER_ID
CUST_LINE_DEL,CUST_ORDER_LINE_NO
CUST_LINE_DEL,DEL_SCHED_LINE_NO
CUST_LINE_TRC_CTL,CUST_ORDER_ID
CUST_LINE_TRC_CTL,CUST_ORDER_LINE_NO
CUST_ORD_PRICING_BIN,CUST_ORDER_ID
CUST_ORD_PRICING_BIN,TYPE
CUST_ORD_TYPE_SYNC,EVENT_ID
CUST_ORDER_BINARY,CUST_ORDER_ID
CUST_ORDER_BINARY,TYPE
CUST_ORDER_CURR,CUST_ORDER_ID
CUST_ORDER_CURR,CURRENCY_ID
CUST_ORDER_LINE,CUST_ORDER_ID
CUST_ORDER_LINE,LINE_NO
CUST_ORDER_SHARE,CUST_ORDER_ID
CUST_ORDER_SHARE,SHARE_SALESREP_ID
CUST_ORDER_SYNC,EVENT_ID
CUST_ORDER_TYPE,TYPE
CUST_ORDL_WIP_VAS,CUST_ORDER_ID
CUST_ORDL_WIP_VAS,CUST_ORDER_LINE_NO
CUST_ORDL_WIP_VAS,WIP_VAS_ID
CUST_PRICE_EFFECT,CUSTOMER_ID
CUST_PRICE_EFFECT,PART_ID
CUST_PRICE_EFFECT,SELLING_UM
CUST_PRICE_EFFECT,CREATE_DATE
CUST_PRICE_GROUP,CODE
CUST_PRIORITY,PRIORITY_CODE
CUST_SHIP_CHG_ACCT,CUSTOMER_ID
CUST_SHIP_CHG_ACCT,SHIP_VIA
CUST_WIP_VAS,CUSTOMER_ID
CUST_WIP_VAS,PART_ID
CUST_WIP_VAS,WIP_VAS_ID
CUSTOMER,ID
CUSTOMER_BANK,CUSTOMER_ID
CUSTOMER_BANK,BANK_ID
CUSTOMER_BINARY,CUSTOMER_ID
CUSTOMER_BINARY,TYPE
CUSTOMER_BOOKINGS,CUST_ORDER_ID
CUSTOMER_BOOKINGS,BOOK_DATE
CUSTOMER_CONTACT,CUSTOMER_ID
CUSTOMER_CONTACT,CONTACT_NO
CUSTOMER_DISCOUNT,DISCOUNT_CODE
CUSTOMER_ENTITY,ENTITY_ID
CUSTOMER_ENTITY,CUSTOMER_ID
CUSTOMER_GROUP,ID
CUSTOMER_ORDER,ID
CUSTOMER_PRICE,CUSTOMER_ID
CUSTOMER_PRICE,PART_ID
CUSTOMER_PRICE,SELLING_UM
CUSTOMER_RELATION,OWNER_CUST_ID
CUSTOMER_RELATION,SELL_TO_CUST_ID
CUSTOMER_SITE,SITE_ID
CUSTOMER_SITE,CUSTOMER_ID
CUSTOMER_SYNC,EVENT_ID
CUSTOMER_TYPE,TYPE
CYCLE_COUNT_PART,PART_ID
CYCLE_COUNT_PART,WAREHOUSE_ID
DASHBOARD_ITEM_AUTHORITY,USER_ID
DASHBOARD_ITEM_AUTHORITY,ITEM_TYPE
DASHBOARD_ITEM_AUTHORITY,ITEM_ID
DATA_EXPORT,ID
DATA_EXPORT,TYPE
DATA_EXPORT,CONTEXT
DATA_EXPORT,START_AT
DBR_EVENT_TRIGGER,SITE_ID
DBR_EVENT_TRIGGER,EVENT_CLASS
DBR_EVENT_TRIGGER,EVENT_ACTION
DBR_SETTINGS,SITE_ID
DBR_SETTINGS,CCR_ID
DECISION_PARAMS,PARAM_ID
DEF_SHIPPING_LBL,PART_ID
DEF_SHIPPING_LBL,CUSTOMER_ID
DEF_SHIPPING_LBL,SHIPTO_ADDR_NO
DEFAULT_DATA,SITE_ID
DEFAULT_DATA,USER_ID
DEFAULT_DATA,TABLE_NAME
DEFAULT_DATA,COLUMN_NAME
DEMAND_SUPPLY_LINK,ID
DEMSUP_SUMMARY,SPID
DEMSUP_SUMMARY,ID
DEPARTMENT,ID
DETAIL_TABLE,SUMMARY_TABLE_ID
DETAIL_TABLE,LINE_NO
DEVIATION,ID
DEVIATION_REASON,ID
DIMENSION_DESC,DIMENSION_DESC
DISCOUNT_PRICE,DISCOUNT_CODE
DISCOUNT_PRICE,SITE_ID
DISCOUNT_PRICE,PART_ID
DISCOUNT_PRICE,SELLING_UM
DISPATCH_PALLET,DISPATCH_ID
DISPATCH_PALLET,DISPATCH_LINE_NO
DISPATCH_PALLET,PALLET_ID
DISTRIBUTION,ID
DISTRIBUTION_LINE,DISTRIBUTION_ID
DISTRIBUTION_LINE,LINE_NO
DIVISION,CODE
DOC_CATEGORY,ID
DOCUMENT,ID
DOCUMENT_DEFLT_REF_TYPE,SITE_ID
DOCUMENT_DEFLT_REF_TYPE,DOCUMENT_SRC_TYPE
DOCUMENT_DEFLT_REF_TYPE,REFERENCE_TYPE
DOCUMENT_REF_EAC,PROJECT_ID
DOCUMENT_REF_EAC,EAC_VERSION
DOCUMENT_REF_EAC,DOCUMENT_ID
DOCUMENT_REF_PATH,SITE_ID
DOCUMENT_REF_PATH,ID
DOCUMENT_REF_WF,WORKFLOW_TYPE
DOCUMENT_REF_WF,APPLICATION_AREA
DOCUMENT_REF_WF,TEMPLATE_NAME
DOCUMENT_REF_WF,REFERENCE
DOCUMENT_REF_WF,WORKFLOW_BOX_LABEL
DOCUMENT_REF_WF,doc_num
DOCUMENT_REF_WO,WORKORDER_TYPE
DOCUMENT_REF_WO,WORKORDER_BASE_ID
DOCUMENT_REF_WO,WORKORDER_LOT_ID
DOCUMENT_REF_WO,WORKORDER_SPLIT_ID
DOCUMENT_REF_WO,WORKORDER_SUB_ID
DOCUMENT_REF_WO,SEQUENCE_NO
DOCUMENT_REF_WO,PIECE_NO
DOCUMENT_REF_WO,DOCUMENT_ID
DOCUMENT_REFERENCE,ID
DOCUMENT_REFERENCE,DOCUMENT_ID
DOCUMENT_REFERENCE,LINE_NO
DOCUMENT_REFERENCE,SOURCE_TYPE
DOCUMENT_SITE,SITE_ID
DOCUMENT_SITE,DOCUMENT_ID
DRILLBACK,ID
DRILLBACK,PROGRAM_ID
EARNING_CODE,ID
EC,ID
EC_GROUP_USER,EC_ID
EC_GROUP_USER,GROUP_TYPE
EC_GROUP_USER,USER_ID
EC_HISTORY,EC_ID
EC_HISTORY,TYPE
EC_LINE,EC_ID
EC_LINE,LINE_NO
EC_LINE_BINARY,EC_ID
EC_LINE_BINARY,LINE_NO
EC_LINE_BINARY,TYPE
EC_REASONS,CODE
EC_REQUEST,EC_ID
EC_REQUEST,TYPE
EC_RESPONSE,EC_ID
EC_RESPONSE,TYPE
EC_TYPES,CODE
ECN,ID
ECN_BINARY,ECN_ID
ECN_BINARY,TYPE
ECN_CO_PRODUCT,ECN_ID
ECN_CO_PRODUCT,LINE_NO
ECN_CO_PRODUCT,ECN_ENTRY_NO
ECN_CO_PRODUCT,WORKORDER_SUB_ID
ECN_CO_PRODUCT,PART_ID
ECN_DETAIL,ECN_ID
ECN_DETAIL,LINE_NO
ECN_DETAIL,ENTRY_NO
ECN_DISPOSITION,CODE
ECN_OPER_BINARY,ECN_ID
ECN_OPER_BINARY,LINE_NO
ECN_OPER_BINARY,ECN_ENTRY_NO
ECN_OPER_BINARY,WORKORDER_SUB_ID
ECN_OPER_BINARY,SEQUENCE_NO
ECN_OPER_BINARY,TYPE
ECN_OPER_RESOURCE,ECN_ID
ECN_OPER_RESOURCE,LINE_NO
ECN_OPER_RESOURCE,ECN_ENTRY_NO
ECN_OPER_RESOURCE,WORKORDER_SUB_ID
ECN_OPER_RESOURCE,SEQUENCE_NO
ECN_OPER_RESOURCE,RESOURCE_ID
ECN_OPERATION,ECN_ID
ECN_OPERATION,LINE_NO
ECN_OPERATION,ECN_ENTRY_NO
ECN_OPERATION,WORKORDER_SUB_ID
ECN_OPERATION,SEQUENCE_NO
ECN_REQ_BINARY,ECN_ID
ECN_REQ_BINARY,LINE_NO
ECN_REQ_BINARY,ECN_ENTRY_NO
ECN_REQ_BINARY,WORKORDER_SUB_ID
ECN_REQ_BINARY,OPERATION_SEQ_NO
ECN_REQ_BINARY,PIECE_NO
ECN_REQ_BINARY,TYPE
ECN_REQ_PART_ALT,ECN_ID
ECN_REQ_PART_ALT,LINE_NO
ECN_REQ_PART_ALT,ECN_ENTRY_NO
ECN_REQ_PART_ALT,WORKORDER_SUB_ID
ECN_REQ_PART_ALT,OPERATION_SEQ_NO
ECN_REQ_PART_ALT,PIECE_NO
ECN_REQ_PART_ALT,PART_ID
ECN_REQ_REF_DESIG,ECN_ID
ECN_REQ_REF_DESIG,LINE_NO
ECN_REQ_REF_DESIG,ECN_ENTRY_NO
ECN_REQ_REF_DESIG,WORKORDER_SUB_ID
ECN_REQ_REF_DESIG,OPERATION_SEQ_NO
ECN_REQ_REF_DESIG,PIECE_NO
ECN_REQ_REF_DESIG,ID
ECN_REQUIREMENT,ECN_ID
ECN_REQUIREMENT,LINE_NO
ECN_REQUIREMENT,ECN_ENTRY_NO
ECN_REQUIREMENT,WORKORDER_SUB_ID
ECN_REQUIREMENT,OPERATION_SEQ_NO
ECN_REQUIREMENT,PIECE_NO
ECN_WO_BINARY,ECN_ID
ECN_WO_BINARY,LINE_NO
ECN_WO_BINARY,ECN_ENTRY_NO
ECN_WO_BINARY,WORKORDER_SUB_ID
ECN_WO_BINARY,TYPE
ECN_WORKORDER,ECN_ID
ECN_WORKORDER,LINE_NO
ECN_WORKORDER,ECN_ENTRY_NO
ECN_WORKORDER,WORKORDER_SUB_ID
EIS_THRESHOLDS,GROUP_ID
EIS_THRESHOLDS,PERIOD_ID
EIS_THRESHOLDS,ACTIVITY_ID
EIS_THRESHOLDS,COL_NAME
EMPLOYEE,ID
EMPLOYEE_BINARY,EMPLOYEE_ID
EMPLOYEE_BINARY,TYPE
EMPLOYEE_SITE,SITE_ID
EMPLOYEE_SITE,EMPLOYEE_ID
EMPLOYEE_SYNC,EVENT_ID
ENTITY_SETTINGS,ENTITY_ID
ENTITY_SETTINGS,NAME
ENUM_CODES,TABLE_NAME
ENUM_CODES,COLUMN_NAME
ENUM_CODES,LANGUAGE_ID
ENUM_CODES,ENUM_VALUE
EQUIP_AREA,id
EQUIP_BINARY,EQUIP_ID
EQUIP_BINARY,TYPE
EQUIP_BRANCH,id
EQUIP_BRANCH,area_id
EQUIP_COVER_TIME,coverage_id
EQUIP_LABOR_PRICE,id
EQUIP_LABOR_PRICE,resource_id
EQUIP_MAINT_DISC,maint_id
EQUIP_MAINT_DISC,customer_id
EQUIP_MAINT_ENG,id
EQUIP_MAINT_TYPE,id
EQUIP_MODEL,type_id
EQUIP_MODEL,id
EQUIP_PART_PRICE,id
EQUIP_PART_PRICE,part_id
EQUIP_PM_PROFILE,profile_id
EQUIP_PM_SCHEDULE,job_id
EQUIP_PROFILE,profile_id
EQUIP_PROFILE,equip_id
EQUIP_RELEASE,equip_id
EQUIP_RELEASE,release_no
EQUIP_TYPE,id
EQUIPMENT,equip_id
ESB_INBOUND_DUPLICATE,C_ID
ESB_PREVIOUS_VERSION_MEDIATION,C_ID
ESB_VARIATION_ID_MEDIATION,C_ID
EVENT_BINARY,EVENT_ID
EVENT_BINARY,TYPE
EVENT_TRIGGER,ID
EXCEPTION,TYPE
EXCEPTION,OWNER_ID
EXCEPTION,EXCEPTION_ID
EXCEPTION,CREATE_DATE
EXPIRED_PWD,USER_ID
EXPIRED_PWD,CYCLE_NO
EXTRA_JOIN,PARENT
EXTRA_JOIN,CHILD
EXTRA_JOIN,NAME
FEEDING_OPERATIONS,BUFFER_ID
FEEDING_OPERATIONS,WORKORDER_TYPE
FEEDING_OPERATIONS,WORKORDER_BASE_ID
FEEDING_OPERATIONS,WORKORDER_LOT_ID
FEEDING_OPERATIONS,WORKORDER_SPLIT_ID
FEEDING_OPERATIONS,WORKORDER_SUB_ID
FEEDING_OPERATIONS,OPERATION_SEQ_NO
FIN_DIST_DETAIL,PROCESS_TYPE
FIN_DIST_DETAIL,SOURCE_ID
FIN_DIST_DETAIL,SOURCE_DIST_NO
FIN_DIST_DETAIL,SOURCE_ENTRY_NO
FIN_DIST_DETAIL,SOURCE_LINE_NO
FIN_DIST_DETAIL,AMOUNT_TYPE
FIN_DIST_DETAIL,GL_ACCOUNT_ID
FIN_DIST_DETAIL,CURRENCY_ID
FINANCIAL_CALENDAR,ID
FINANCIAL_PERIOD,CALENDAR_ID
FINANCIAL_PERIOD,ACCT_YEAR
FINANCIAL_PERIOD,ACCT_PERIOD
FOB_POINT,CODE
FOB_POINT_SYNC,EVENT_ID
GAGE,GAGE_ID
GJ,ID
GJ_CURR,GJ_ID
GJ_CURR,CURRENCY_ID
GJ_DIST,GJ_ID
GJ_DIST,DIST_NO
GJ_DIST,ENTRY_NO
GJ_DIST,CURRENCY_ID
GJ_LINE,GJ_ID
GJ_LINE,LINE_NO
GJ_LINE_CURR,GJ_ID
GJ_LINE_CURR,LINE_NO
GJ_LINE_CURR,CURRENCY_ID
GL_BURDEN_MAP,DEPARTMENT_ID
GL_BURDEN_MAP,PROJECT_TYPE
GL_BURDEN_MAP,COST_GROUP_ID
GL_INTERFACE,ID
GL_INTERFACE_ACCT,SITE_ID
GL_INTERFACE_ACCT,INTERFACE_ID
GOTO_TABLE_COLUMN,GOTO_VMPGM_PROGRAM_ID
GOTO_TABLE_COLUMN,GOTO_VMPGM_GOTO_ID
GOTO_TABLE_COLUMN,TABLE_NAME
GOTO_TABLE_COLUMN,COL_SEQ
GOTO_TABLE_COLUMN,COLUMN_NAME
GOTO_VMPGM,PROGRAM_ID
GOTO_VMPGM,GOTO_ID
GROUP_USER,GROUP_ID
GROUP_USER,USER_ID
GROUPS,ID
HARMONIZED_TARIFF,HTS_CODE
HISTORY_DEFINITION,TBL_NAME
HISTORY_DEFINITION,COL_NAME
HISTORY_SCHEMA,TBL_NAME
HISTORY_SCHEMA,COL_NAME
HOLD_REASON,ID
HONORIFIC,NAME
HTS_DUTY_PERCENT,HTS_CODE
HTS_DUTY_PERCENT,ORIG_COUNTRY_ID
IBT,ID
IBT_BINARY,IBT_ID
IBT_BINARY,TYPE
IBT_LINE,IBT_ID
IBT_LINE,LINE_NO
IBT_LINE_BINARY,IBT_ID
IBT_LINE_BINARY,IBT_LINE_NO
IBT_LINE_BINARY,TYPE
IBT_LINE_TRC_CTL,IBT_ID
IBT_LINE_TRC_CTL,IBT_LINE_NO
IBT_RECEIVER,ID
IBT_RECEIVER_LINE,RECEIVER_ID
IBT_RECEIVER_LINE,LINE_NO
IBT_SHIPPER,SHIPPER_ID
IBT_SHIPPER_LINE,SHIPPER_ID
IBT_SHIPPER_LINE,LINE_NO
IBT_SYNC,EVENT_ID
INBOX_ERROR,C_ID
INDIRECT,ID
INDIRECT_DETAIL,TRANSACTION_ID
INDIRECT_DETAIL,DIST_NO
INDIRECT_DETAIL,CURRENCY_ID
INDIRECT_DIST,TRANSACTION_ID
INDIRECT_DIST,DIST_NO
INDIRECT_DIST,ENTRY_NO
INDIRECT_DIST,CURRENCY_ID
INDIVIDUAL_PRV_HISTORY,ID
INSPECTION_ORDER,ID
INSPECTION_REASON,ID
INSTALLMENT,ID
INSTALLMENT,INST_TYPE
INSTALLMENT_LINE,INSTALLMENT_ID
INSTALLMENT_LINE,INST_TYPE
INSTALLMENT_LINE,INST_NO
INTRA_ARRIVAL_LINE,ID
INTRA_ARRIVAL_LINE,ARRIVAL_DATE
INTRA_CNSN_RCVR_LN,RECEIVER_ID
INTRA_CNSN_RCVR_LN,RECEIVER_LINE_NO
INTRA_DISPTCH_LINE,ID
INTRA_DISPTCH_LINE,DISPATCH_DATE
INTRA_RECEIVR_LINE,RECEIVER_ID
INTRA_RECEIVR_LINE,RECEIVER_LINE_NO
INTRA_SHIPPER_LINE,PACKLIST_ID
INTRA_SHIPPER_LINE,PACKLIST_LINE_NO
INV_PIECES,PART_ID
INV_PIECES,LENGTH
INV_PIECES,WIDTH
INV_PIECES,HEIGHT
INV_PIECES,WAREHOUSE_ID
INV_PIECES,LOCATION_ID
INV_PIECES,DIMENSIONS_UM
INV_RECEIPT_DIST,INV_TRANS_ID
INV_RECEIPT_DIST,DEMAND_SUPPLY_ID
INV_TRANS_AVE,TRANSACTION_ID
INV_TRANS_AVE,CURRENCY_ID
INV_TRANS_CURR,TRANSACTION_ID
INV_TRANS_CURR,CURRENCY_ID
INV_TRANS_DIST,IN_TRANS_ID
INV_TRANS_DIST,OUT_TRANS_ID
INV_TRANS_DIST_TRC,IN_TRANS_ID
INV_TRANS_DIST_TRC,OUT_TRANS_ID
INV_TRANS_DIST_TRC,TRACE_ID
INVENTORY_BALANCE,PART_ID
INVENTORY_BALANCE,POSTING_DATE
INVENTORY_BALANCE,TRANSACTION_ID
INVENTORY_BALANCE,CURRENCY_ID
INVENTORY_TRANS,TRANSACTION_ID
ISSUE_REASON,ID
JOURNAL,TRANSACTION_ID
JOURNAL_BATCH,SITE_ID
JOURNAL_BATCH,ID
JOURNAL_DIM,PROCESS_TYPE
JOURNAL_DIM,SOURCE_ID
JOURNAL_DIM,CURRENCY_ID
JOURNAL_DIM,ENTRY_NO
JOURNAL_DIM,SITE_ID
JOURNAL_DIM_FILTER,USER_ID
JOURNAL_DIM_FILTER,NAME
JOURNAL_DIM_FILTER,CRITERIA_TYPE
LABEL_FORMAT,ID
LABEL_FORMAT_FIELD,LABEL_FIELD
LABEL_FORMAT_FIELD,LABEL_FORMAT_ID
LABEL_GROUP,ID
LABEL_GROUP_LINE,LABEL_GROUP_ID
LABEL_GROUP_LINE,LABEL_FORMAT_ID
LABEL_TYPE,ID
LABEL_TYPE_VAR,ID
LABEL_TYPE_VAR,LABEL_TYPE_ID
LABEL_TYPE_VAR,ID_ALIAS
LABOR_TICKET,TRANSACTION_ID
LABOR_TICKET_BREAK,TRANSACTION_ID
LABOR_TICKET_BREAK,CLOCK_IN
LABOR_TICKET_CURR,TRANSACTION_ID
LABOR_TICKET_CURR,CURRENCY_ID
LANG_DESCRIPTION,part_id
LANG_DESCRIPTION,language_id
LANGUAGE,id
LOCATION,WAREHOUSE_ID
LOCATION,ID
MACRO,USER_ID
MACRO,PROGRAM_ID
MACRO,NAME
MACRO_PROFILE,PROGRAM_ID
MACRO_PROFILE,MACRO_NAME
MACRO_PROFILE,PROFILE_ID
MARKET,ID
MARKET_PRICE,MARKET_ID
MARKET_PRICE,PART_ID
MARKET_PRICE,CURRENCY_ID
MASTER_PROD_SCHED,ID
MENU_NAME,USER_ID
MENU_NAME,SEQ_NO
MENU_NAME,ID
MFG_WIN_EXCEPTION,NAME
MFG_WIN_EXCEPTION,OUTLINE_OBJ_TYPE
MFG_WIN_EXCEPTION,USER_ID
MODE_OF_TRANSPORT,CODE
MT_WIP_INVENTORY,PART_ID
MT_WIP_INVENTORY,WAREHOUSE
MT_WIP_INVENTORY,LOCATION
NATURE_OF_TRANS,CODE
NEXT_NUM_GEN_EAC,PROJECT_ID
NEXT_NUM_GEN_EAC,NEXT_NUMBER
NEXT_NUM_GEN_ETC,PROJECT_ID
NEXT_NUM_GEN_ETC,NEXT_NUMBER
NMFC_CODE,ID
NMFC_CODE_SYNC,EVENT_ID
NORMAL_DIST_AREA,Z
NOTATION,TYPE
NOTATION,OWNER_ID
NOTATION,CREATE_DATE
NOTIFICATION_EMPLOYEE,PROGRAM_ID
NOTIFICATION_EMPLOYEE,ID
NOTIFICATION_EMPLOYEE,EMPLOYEE_ID
NOTIFICATION_EMPLOYEE_DOC,PROGRAM_ID
NOTIFICATION_EMPLOYEE_DOC,DOC_ID
NOTIFICATION_EMPLOYEE_DOC,DOC_LINE_NO
NOTIFICATION_EMPLOYEE_DOC,EMPLOYEE_ID
NOTIFICATION_EMPLOYEE_DOC,NOTIFY_ME_TYPE
NOTIFICATION_TEMPLATE,PROGRAM_ID
NOTIFICATION_TEMPLATE,TYPE
NOTIFICATION_TOKEN,PROGRAM_ID
NOTIFICATION_TOKEN,TYPE
NOTIFICATION_TOKEN,TOKEN
OP_SETUP_ATTRIB,WORKORDER_TYPE
OP_SETUP_ATTRIB,WORKORDER_BASE_ID
OP_SETUP_ATTRIB,WORKORDER_LOT_ID
OP_SETUP_ATTRIB,WORKORDER_SPLIT_ID
OP_SETUP_ATTRIB,WORKORDER_SUB_ID
OP_SETUP_ATTRIB,OPERATION_SEQ_NO
OP_SETUP_ATTRIB,ATTRIBUTE_ID
OPER_SERVICE_COST,WORKORDER_TYPE
OPER_SERVICE_COST,WORKORDER_BASE_ID
OPER_SERVICE_COST,WORKORDER_LOT_ID
OPER_SERVICE_COST,WORKORDER_SPLIT_ID
OPER_SERVICE_COST,WORKORDER_SUB_ID
OPER_SERVICE_COST,OPERATION_SEQ_NO
OPER_SERVICE_COST,QTY
OPER_TYPE_BINARY,OPERATION_TYPE_ID
OPER_TYPE_BINARY,SITE_ID
OPER_TYPE_BINARY,TYPE
OPER_TYPE_RESOURCE,OPERATION_TYPE_ID
OPER_TYPE_RESOURCE,SITE_ID
OPER_TYPE_RESOURCE,RESOURCE_ID
OPER_TYPE_SYNC,EVENT_ID
OPERATION,WORKORDER_TYPE
OPERATION,WORKORDER_BASE_ID
OPERATION,WORKORDER_LOT_ID
OPERATION,WORKORDER_SPLIT_ID
OPERATION,WORKORDER_SUB_ID
OPERATION,SEQUENCE_NO
OPERATION_AUDIT,SCHEDULE_ID
OPERATION_AUDIT,ATTEMPT_NO
OPERATION_AUDIT,RESOURCE_ID
OPERATION_AUDIT,UNIT_NO
OPERATION_BINARY,WORKORDER_TYPE
OPERATION_BINARY,WORKORDER_BASE_ID
OPERATION_BINARY,WORKORDER_LOT_ID
OPERATION_BINARY,WORKORDER_SPLIT_ID
OPERATION_BINARY,WORKORDER_SUB_ID
OPERATION_BINARY,SEQUENCE_NO
OPERATION_BINARY,TYPE
OPERATION_RESOURCE,WORKORDER_TYPE
OPERATION_RESOURCE,WORKORDER_BASE_ID
OPERATION_RESOURCE,WORKORDER_LOT_ID
OPERATION_RESOURCE,WORKORDER_SPLIT_ID
OPERATION_RESOURCE,WORKORDER_SUB_ID
OPERATION_RESOURCE,SEQUENCE_NO
OPERATION_RESOURCE,RESOURCE_ID
OPERATION_SCHED,SCHEDULE_ID
OPERATION_SCHED,WORKORDER_TYPE
OPERATION_SCHED,WORKORDER_BASE_ID
OPERATION_SCHED,WORKORDER_LOT_ID
OPERATION_SCHED,WORKORDER_SPLIT_ID
OPERATION_SCHED,WORKORDER_SUB_ID
OPERATION_SCHED,SEQUENCE_NO
OPERATION_SCHED,RESOURCE_ID
OPERATION_SCHED,UNIT_ASSIGNED
OPERATION_SUMMARY,SPID
OPERATION_SUMMARY,WORKORDER_TYPE
OPERATION_SUMMARY,WORKORDER_BASE_ID
OPERATION_SUMMARY,WORKORDER_LOT_ID
OPERATION_SUMMARY,WORKORDER_SPLIT_ID
OPERATION_SUMMARY,WORKORDER_SUB_ID
OPERATION_SUMMARY,SEQUENCE_NO
OPERATION_TYPE,ID
OPERATION_TYPE,SITE_ID
PACKAGE_TYPE,CODE
PACKAGE_TYPE_SYNC,EVENT_ID
PALLET,ID
PALLET_DETAIL,PACKLIST_ID
PALLET_DETAIL,PACKLIST_LINE_NO
PALLET_DETAIL,PALLET_ID
PART,ID
PART_ALIAS,PART_ID
PART_ALIAS,ID
PART_ALIAS_TYPE,ID
PART_ALTERNATE,PART_ID
PART_ALTERNATE,ALTERNATE_PART_ID
PART_BINARY,PART_ID
PART_BINARY,TYPE
PART_CO_BINARY,PART_ID
PART_CO_BINARY,TYPE
PART_CROSS_SELLING,PART_ID
PART_CROSS_SELLING,CROSS_SELL_PART_ID
PART_LOCATION,PART_ID
PART_LOCATION,WAREHOUSE_ID
PART_LOCATION,LOCATION_ID
PART_MFG_BINARY,PART_ID
PART_MFG_BINARY,TYPE
PART_PO_BINARY,PART_ID
PART_PO_BINARY,TYPE
PART_PRICE_GROUP,CODE
PART_REPLENISHMENT,SITE_ID
PART_REPLENISHMENT,PART_ID
PART_REPLENISHMENT,BEGIN_DATE
PART_REPLENISHMENT,END_DATE
PART_SHIPPING,CUSTOMER_ID
PART_SHIPPING,SHIPTO_ID
PART_SHIPPING,PART_ID
PART_SHIPPING,CONTAINER_PART_ID
PART_SITE,SITE_ID
PART_SITE,PART_ID
PART_SUBSTITUTE,PART_ID
PART_SUBSTITUTE,SUBSTITUTE_PART_ID
PART_SYNC,EVENT_ID
PART_TRACE_LOCATION,PART_ID
PART_TRACE_LOCATION,WAREHOUSE_ID
PART_TRACE_LOCATION,LOCATION_ID
PART_TRACE_LOCATION,TRACE_ID
PART_UNITS_CONV,PART_ID
PART_UNITS_CONV,FROM_UM
PART_UNITS_CONV,TO_UM
PART_WAREHOUSE,WAREHOUSE_ID
PART_WAREHOUSE,PART_ID
PART_WHS_REPLENISH,PART_ID
PART_WHS_REPLENISH,WAREHOUSE_ID
PART_WHS_REPLENISH,BEGIN_DATE
PART_WHS_REPLENISH,END_DATE
PAYABLE,VOUCHER_ID
PAYABLE_BINARY,VOUCHER_ID
PAYABLE_BINARY,TYPE
PAYABLE_CURR,VOUCHER_ID
PAYABLE_CURR,CURRENCY_ID
PAYABLE_DIST,VOUCHER_ID
PAYABLE_DIST,DIST_NO
PAYABLE_DIST,ENTRY_NO
PAYABLE_DIST,CURRENCY_ID
PAYABLE_INST,VOUCHER_ID
PAYABLE_INST,INST_NO
PAYABLE_LINE,VOUCHER_ID
PAYABLE_LINE,LINE_NO
PAYB_LINE_CURR,VOUCHER_ID
PAYB_LINE_CURR,LINE_NO
PAYB_LINE_CURR,CURRENCY_ID
PERIOD,ID
PERIOD,SITE_ID
PERSON,ID
PHYS_COUNT_LOC,PHYS_COUNT_ID
PHYS_COUNT_LOC,WAREHOUSE_ID
PHYS_COUNT_LOC,LOCATION_ID
PHYS_COUNT_LOC_ADJ,PHYS_COUNT_ID
PHYS_COUNT_LOC_ADJ,WAREHOUSE_ID
PHYS_COUNT_LOC_ADJ,LOCATION_ID
PHYS_COUNT_LOC_ADJ,PART_ID
PHYS_COUNT_TAG,PHYS_COUNT_ID
PHYS_COUNT_TAG,TAG_NO
PHYS_TRACE_COUNT,PHYS_COUNT_ID
PHYS_TRACE_COUNT,TAG_NO
PHYS_TRACE_COUNT,SUB_TAG_NO
PHYSICAL_COUNT,ID
PLANNING_CALENDAR,CALENDAR_NO
PLANNING_PART,ID
PLANNING_PART,SITE_ID
PORT_OF_ARRIVAL,CODE
PORT_OF_TRANS,CODE
PREF_DESCRIPTION,SECTION
PREF_DESCRIPTION,ENTRY
PRIORITY,CODE
PROBLEM_CLASS,ID
PROCESS_ACTIVITY,TYPE
PROCESS_ACTIVITY,SITE_ID
PROCESS_ACTIVITY,ID
PROCESS_ACTIVITY,DOCUMENT_ID
PROCESS_ACTIVITY,DOCUMENT_LINE_NO
PROCESS_TYPE,SITE_ID
PROCESS_TYPE,ID
PROCESS_TYPE_LINE,SITE_ID
PROCESS_TYPE_LINE,PROCESS_TYPE_ID
PROCESS_TYPE_LINE,PROCESS
PRODUCT,CODE
PRODUCT_SYNC,EVENT_ID
PROFILES,ID
PROGRAM_NAME,USER_ID
PROGRAM_NAME,MENU_ID
PROGRAM_NAME,SEQ_NO
PROGRAM_NAME,PROGRAM_ID
PROJ_DIST_DETAIL,PROJECT_ID
PROJ_DIST_DETAIL,SOURCE_TYPE
PROJ_DIST_DETAIL,SOURCE_ID
PROJ_DIST_DETAIL,SOURCE_TRANS_ID
PROJ_DIST_DETAIL,SOURCE_LINE_NO
PROJ_DIST_DETAIL,DIST_NO
PROJ_DIST_DETAIL,PROJECT_SUMMARY_ID
PROJ_DIST_DETAIL,CURRENCY_ID
PROJ_INFO_BINARY,PROJECT_ID
PROJ_INFO_BINARY,TYPE
PROJ_SUMM_BURD_AMT,PROJECT_SUMMARY_ID
PROJ_SUMM_BURD_AMT,COST_CATEGORY_ID
PROJECT_BASELINE,WORKORDER_BASE_ID
PROJECT_BASELINE,WORKORDER_SPLIT_ID
PROJECT_BATCH_LINK,SITE_ID
PROJECT_BATCH_LINK,SOURCE_BATCH_ID
PROJECT_BUDGET,WORKORDER_TYPE
PROJECT_BUDGET,WORKORDER_BASE_ID
PROJECT_BUDGET,WORKORDER_LOT_ID
PROJECT_BUDGET,WORKORDER_SPLIT_ID
PROJECT_BUDGET,WORKORDER_SUB_ID
PROJECT_BUDGET,SEQUENCE_NO
PROJECT_BUDGET,DEPARTMENT_ID
PROJECT_BUDGET,COST_CATEGORY_ID
PROJECT_CEILING,PROJECT_ID
PROJECT_CEILING,TYPE
PROJECT_CEILING,COST_CATEGORY_ID
PROJECT_CEILING,BASE_CATEGORY_ID
PROJECT_CEILING,CLIN
PROJECT_DIST,PROJECT_ID
PROJECT_DIST,SOURCE_TYPE
PROJECT_DIST,SOURCE_ID
PROJECT_DIST,DIST_NO
PROJECT_DIST,ENTRY_NO
PROJECT_DIST,PROJECT_SUMMARY_ID
PROJECT_DIST,CURRENCY_ID
PROJECT_EAC_POC,ID
PROJECT_EAC_POC,PROJECT_ID
PROJECT_ETC,PROJECT_ID
PROJECT_ETC,ETC_VERSION_ID
PROJECT_GL_TRANS,USER_ID
PROJECT_GL_TRANS,ID
PROJECT_INFO,ID
PROJECT_STATUS,CODE
PROJECT_SUMMARY,ID
PROJECT_TYPE,CODE
PRORATED_LABOR_TX,PRORATE_ID
PRORATED_LABOR_TX,TRANSACTION_ID
PURC_CATEGORY_TYPE,CODE
PURC_GROUP_USER,PURC_REQ_ID
PURC_GROUP_USER,GROUP_TYPE
PURC_GROUP_USER,USER_ID
PURC_HISTORY,PURC_REQ_ID
PURC_HISTORY,TYPE
PURC_LINE_BINARY,PURC_ORDER_ID
PURC_LINE_BINARY,PURC_ORDER_LINE_NO
PURC_LINE_BINARY,TYPE
PURC_LINE_DEL,PURC_ORDER_ID
PURC_LINE_DEL,PURC_ORDER_LINE_NO
PURC_LINE_DEL,DEL_SCHED_LINE_NO
PURC_LINE_TRC_CTL,PURC_ORDER_ID
PURC_LINE_TRC_CTL,PURC_ORDER_LINE_NO
PURC_MATL_DETAIL,PURC_ORDER_ID
PURC_MATL_DETAIL,DIST_NO
PURC_MATL_DETAIL,TRANSACTION_ID
PURC_MATL_DETAIL,CURRENCY_ID
PURC_ORDER_BINARY,PURC_ORDER_ID
PURC_ORDER_BINARY,TYPE
PURC_ORDER_CURR,PURC_ORDER_ID
PURC_ORDER_CURR,CURRENCY_ID
PURC_ORDER_LINE,PURC_ORDER_ID
PURC_ORDER_LINE,LINE_NO
PURC_ORDER_REQ,PURC_ORD_ID
PURC_ORDER_REQ,PURC_ORD_LINE_NO
PURC_ORDER_REQ,PURC_REQ_ID
PURC_ORDER_REQ,PURC_REQ_LINE_NO
PURC_ORDER_RFQ,PURC_ORD_ID
PURC_ORDER_RFQ,PURC_ORD_LINE_NO
PURC_ORDER_RFQ,PURC_RFQ_ID
PURC_ORDER_RFQ,PURC_RFQ_LINE_NO
PURC_ORDER_SYNC,EVENT_ID
PURC_REQ_BINARY,PURC_REQ_ID
PURC_REQ_BINARY,TYPE
PURC_REQ_CURR,PURC_REQ_ID
PURC_REQ_CURR,CURRENCY_ID
PURC_REQ_LINE,PURC_REQ_ID
PURC_REQ_LINE,LINE_NO
PURC_REQ_LINE_DEL,PURC_REQ_ID
PURC_REQ_LINE_DEL,PURC_REQ_LINE_NO
PURC_REQ_LINE_DEL,DEL_SCHED_LINE_NO
PURC_REQ_LN_BINARY,PURC_REQ_ID
PURC_REQ_LN_BINARY,PURC_REQ_LINE_NO
PURC_REQ_LN_BINARY,TYPE
PURC_REQUISITION,ID
PURC_RFQ_REQ,RFQ_ID
PURC_RFQ_REQ,RFQ_LINE_NO
PURC_RFQ_REQ,PURC_REQ_ID
PURC_RFQ_REQ,PURC_REQ_LINE_NO
PURC_SERV_DETAIL,PURC_ORDER_ID
PURC_SERV_DETAIL,DIST_NO
PURC_SERV_DETAIL,TRANSACTION_ID
PURC_SERV_DETAIL,CURRENCY_ID
PURCHASE_CONTRACT,ID
PURCHASE_DIST,PURC_ORDER_ID
PURCHASE_DIST,DIST_NO
PURCHASE_DIST,ENTRY_NO
PURCHASE_DIST,CURRENCY_ID
PURCHASE_ORDER,ID
QRP_CONTROL,STD_QRP_NAME
QRP_CONTROL,CONTEXT_TYPE
QRP_CONTROL,CONTEXT_ID
QUERY,USER_ID
QUERY,NAME
QUOTE,ID
QUOTE_BINARY,QUOTE_ID
QUOTE_BINARY,TYPE
QUOTE_LINE,QUOTE_ID
QUOTE_LINE,LINE_NO
QUOTE_LINE_BILLING,QUOTE_ID
QUOTE_LINE_BILLING,QUOTE_LINE_NO
QUOTE_LINE_BILLING,EVENT_SEQ_NO
QUOTE_LINE_BINARY,QUOTE_ID
QUOTE_LINE_BINARY,QUOTE_LINE_NO
QUOTE_LINE_BINARY,TYPE
QUOTE_OPT_BINARY,QUOTE_ID
QUOTE_OPT_BINARY,QUOTE_LINE_NO
QUOTE_OPT_BINARY,TYPE
QUOTE_OPT_BINARY,SEQ_NO
QUOTE_ORDER,QUOTE_ID
QUOTE_ORDER,CUST_ORDER_ID
QUOTE_ORDER_LINE,QUOTE_ID
QUOTE_ORDER_LINE,QUOTE_LINE_NO
QUOTE_ORDER_LINE,CUST_ORDER_ID
QUOTE_ORDER_LINE,CUST_ORDER_LINE_NO
QUOTE_PRICE,QUOTE_ID
QUOTE_PRICE,QUOTE_LINE_NO
QUOTE_PRICE,QTY
QUOTE_PRICING_BIN,QUOTE_ID
QUOTE_PRICING_BIN,TYPE
QUOTED_OPTIONS,QUOTE_ID
QUOTED_OPTIONS,QUOTE_LINE_NO
QUOTED_OPTIONS,SEQ_NO
RATE,ID
RATE_DETAIL,RATE_ID
RATE_DETAIL,SITE_ID
RATE_DETAIL,PERIOD_ID
RATE_DETAIL,COST_CATEGORY_ID
RCR_GJ,ID
RCR_GJ_LINE,RCR_ID
RCR_GJ_LINE,LINE_NO
RCR_PAYABLE,ID
RCR_PAYABLE_LINE,RCR_PAYABLE_ID
RCR_PAYABLE_LINE,LINE_NO
RCR_RECEIVABLE,ID
RCR_RECV_LINE,RCR_RECEIVABLE_ID
RCR_RECV_LINE,LINE_NO
RCR_RECV_SHARE,RCR_RECV_ID
RCR_RECV_SHARE,SHARE_SALESREP_ID
REASON,TYPE
REASON,CODE
RECEIVABLE,INVOICE_ID
RECEIVABLE_BINARY,INVOICE_ID
RECEIVABLE_BINARY,TYPE
RECEIVABLE_CURR,INVOICE_ID
RECEIVABLE_CURR,CURRENCY_ID
RECEIVABLE_DIST,INVOICE_ID
RECEIVABLE_DIST,DIST_NO
RECEIVABLE_DIST,ENTRY_NO
RECEIVABLE_DIST,CURRENCY_ID
RECEIVABLE_INST,INVOICE_ID
RECEIVABLE_INST,INST_NO
RECEIVABLE_LINE,INVOICE_ID
RECEIVABLE_LINE,LINE_NO
RECEIVABLE_SCHED,INVOICE_ID
RECEIVABLE_SCHED,PROMISE_DATE
RECEIVABLE_SHARE,INVOICE_ID
RECEIVABLE_SHARE,SHARE_SALESREP_ID
RECEIVER,ID
RECEIVER_BINARY,RECEIVER_ID
RECEIVER_BINARY,TYPE
RECEIVER_LINE,RECEIVER_ID
RECEIVER_LINE,LINE_NO
RECEIVER_LINE_DEL,RECEIVER_ID
RECEIVER_LINE_DEL,RECEIVER_LINE_NO
RECEIVER_LINE_DEL,LINE_NO
RECV_LINE_BINARY,INVOICE_ID
RECV_LINE_BINARY,RECV_LINE_NO
RECV_LINE_BINARY,TYPE
RECVR_LINE_BINARY,RECEIVER_ID
RECVR_LINE_BINARY,RECEIVER_LINE_NO
REFERENCE_DESIGNATOR,WORKORDER_TYPE
REFERENCE_DESIGNATOR,WORKORDER_BASE_ID
REFERENCE_DESIGNATOR,WORKORDER_LOT_ID
REFERENCE_DESIGNATOR,WORKORDER_SPLIT_ID
REFERENCE_DESIGNATOR,WORKORDER_SUB_ID
REFERENCE_DESIGNATOR,OPERATION_SEQ_NO
REFERENCE_DESIGNATOR,PIECE_NO
REFERENCE_DESIGNATOR,ID
REGION,ID
REPORT,ID
REPORT_CAL_MAP,RPT_CAL_ID
REPORT_CAL_MAP,FIN_CAL_ID
REPORT_CALENDAR,ID
REPORT_LINE,REPORT_ID
REPORT_LINE,LINE_NO
REQ_PART_ALTERNATE,WORKORDER_TYPE
REQ_PART_ALTERNATE,WORKORDER_BASE_ID
REQ_PART_ALTERNATE,WORKORDER_LOT_ID
REQ_PART_ALTERNATE,WORKORDER_SPLIT_ID
REQ_PART_ALTERNATE,WORKORDER_SUB_ID
REQ_PART_ALTERNATE,OPERATION_SEQ_NO
REQ_PART_ALTERNATE,PIECE_NO
REQ_PART_ALTERNATE,PART_ID
REQ_TRC_CTL,WORKORDER_TYPE
REQ_TRC_CTL,WORKORDER_BASE_ID
REQ_TRC_CTL,WORKORDER_LOT_ID
REQ_TRC_CTL,WORKORDER_SPLIT_ID
REQ_TRC_CTL,WORKORDER_SUB_ID
REQ_TRC_CTL,OPERATION_SEQ_NO
REQ_TRC_CTL,PIECE_NO
REQUEST_FOR_QUOTE,ID
REQUIREMENT,WORKORDER_TYPE
REQUIREMENT,WORKORDER_BASE_ID
REQUIREMENT,WORKORDER_LOT_ID
REQUIREMENT,WORKORDER_SPLIT_ID
REQUIREMENT,WORKORDER_SUB_ID
REQUIREMENT,OPERATION_SEQ_NO
REQUIREMENT,PIECE_NO
REQUIREMENT_BINARY,WORKORDER_TYPE
REQUIREMENT_BINARY,WORKORDER_BASE_ID
REQUIREMENT_BINARY,WORKORDER_LOT_ID
REQUIREMENT_BINARY,WORKORDER_SPLIT_ID
REQUIREMENT_BINARY,WORKORDER_SUB_ID
REQUIREMENT_BINARY,OPERATION_SEQ_NO
REQUIREMENT_BINARY,PIECE_NO
REQUIREMENT_BINARY,TYPE
REQUIREMENT_COST,WORKORDER_TYPE
REQUIREMENT_COST,WORKORDER_BASE_ID
REQUIREMENT_COST,WORKORDER_LOT_ID
REQUIREMENT_COST,WORKORDER_SPLIT_ID
REQUIREMENT_COST,WORKORDER_SUB_ID
REQUIREMENT_COST,OPERATION_SEQ_NO
REQUIREMENT_COST,REQ_PIECE_NO
REQUIREMENT_COST,QTY
REQUIREMENT_SCHED,SCHEDULE_ID
REQUIREMENT_SCHED,WORKORDER_TYPE
REQUIREMENT_SCHED,WORKORDER_BASE_ID
REQUIREMENT_SCHED,WORKORDER_LOT_ID
REQUIREMENT_SCHED,WORKORDER_SPLIT_ID
REQUIREMENT_SCHED,WORKORDER_SUB_ID
REQUIREMENT_SCHED,SEQUENCE_NO
REQUIREMENT_SCHED,PIECE_NO
REQUIREMENT_SUM,SPID
REQUIREMENT_SUM,WORKORDER_TYPE
REQUIREMENT_SUM,WORKORDER_BASE_ID
REQUIREMENT_SUM,WORKORDER_LOT_ID
REQUIREMENT_SUM,WORKORDER_SPLIT_ID
REQUIREMENT_SUM,WORKORDER_SUB_ID
REQUIREMENT_SUM,OPERATION_SEQ_NO
REQUIREMENT_SUM,PIECE_NO
RES_SIMULATION,SIMULATION_ID
RES_SIMULATION,RESOURCE_ID
RESOURCE_SCHED,SCHEDULE_ID
RESOURCE_SCHED,RESOURCE_ID
RESOURCE_SETUP,RESOURCE_ID
RESOURCE_SETUP,SETUP_ID
REVALUE,ID
REVALUE_CURR,REVALUE_ID
REVALUE_CURR,CURRENCY_ID
REVALUE_DIST,REVALUE_ID
REVALUE_DIST,DIST_NO
REVALUE_DIST,ENTRY_NO
REVALUE_DIST,CURRENCY_ID
REVALUE_LINE,REVALUE_ID
REVALUE_LINE,LINE_NO
REVENUE_DETAIL,REV_DIST_ID
REVENUE_DETAIL,PROJECT_ID
REVENUE_DETAIL,CURRENCY_ID
REVENUE_DIST,ID
REVENUE_DIST,LINE_NO
REVENUE_DIST,PROJECT_ID
REVENUE_DIST,ENTRY_NO
REVENUE_DIST,CURRENCY_ID
REVISION_HISTORY,REVISION_ID
REVISION_HISTORY,TYPE
REVISION_HISTORY,HISTORY_ID
REVISION_NUMBERING,STAGE_ID
REVISION_NUMBERING,LINE_NO
RFQ_BINARY,RFQ_ID
RFQ_BINARY,TYPE
RFQ_LINE,RFQ_ID
RFQ_LINE,LINE_NO
RFQ_LINE_BINARY,RFQ_ID
RFQ_LINE_BINARY,RFQ_LINE_NO
RFQ_LINE_BINARY,TYPE
RFQ_VENDOR,RFQ_ID
RFQ_VENDOR,VENDOR_ID
RFQ_VENDOR_QUOTE,RFQ_ID
RFQ_VENDOR_QUOTE,VENDOR_ID
RFQ_VENDOR_QUOTE,RFQ_LINE_NO
RFQ_VND_QT_BINARY,RFQ_ID
RFQ_VND_QT_BINARY,VENDOR_ID
RFQ_VND_QT_BINARY,RFQ_LINE_NO
RFQ_VND_QT_BINARY,TYPE
RMA,ID
RMA_BINARY,RMA_ID
RMA_BINARY,TYPE
RMA_LINE,RMA_ID
RMA_LINE,LINE_NO
RMA_LINE_BINARY,RMA_ID
RMA_LINE_BINARY,RMA_LINE_NO
RMA_LINE_BINARY,TYPE
RMA_LINE_DSL,RMA_ID
RMA_LINE_DSL,RMA_LINE_NO
RMA_LINE_DSL,DSL_ID
RMA_SYNC,EVENT_ID
SALES_CODE_ENG,SERIES_ID
SALES_CODE_ENG,MODEL_ID
SALES_CODE_ENG,SALES_CODE
SALES_CODE_ENG,SITE_ID
SALES_REP,ID
SALES_REP_SHARE,SALESREP_ID
SALES_REP_SHARE,SHARE_SALESREP_ID
SALES_TAX,ID
SALES_TAX_GROUP,ID
SALES_TAX_PCT,SALES_TAX_ID
SALES_TAX_PCT,EFFECTIVE_DATE
SCHEDULE,ID
SCHEDULE_GROUP,ID
SCHEDULER_RUN_LOG,SCHEDULE_ID
SCHEDULER_RUN_LOG,COUNT
SECURITY_CLASS,CODE
SEGMENT,CODE
SELECT_OPT_BINARY,CUST_ORDER_ID
SELECT_OPT_BINARY,CUST_ORDER_LINE_NO
SELECT_OPT_BINARY,TYPE
SELECT_OPT_BINARY,SEQ_NO
SELECTED_OPTIONS,CUST_ORDER_ID
SELECTED_OPTIONS,CUST_ORDER_LINE_NO
SELECTED_OPTIONS,SEQ_NO
SER_SIMULATION,SIMULATION_ID
SER_SIMULATION,SERVICE_ID
SERIES_MODEL_PART,SERIES_ID
SERIES_MODEL_PART,MODEL_ID
SERIES_MODEL_PART,SITE_ID
SERV_CHARGE_BINARY,SERVICE_CHARGE_ID
SERV_CHARGE_BINARY,TYPE
SERV_DISP_BINARY,DISPATCH_ID
SERV_DISP_BINARY,TYPE
SERVICE,ID
SERVICE_BINARY,SERVICE_ID
SERVICE_BINARY,TYPE
SERVICE_CHARGE,ID
SERVICE_DISP_LINE,DISPATCH_ID
SERVICE_DISP_LINE,LINE_NO
SERVICE_DISPATCH,ID
SERVICE_DISPATCHED,TRANSACTION_ID
SERVICE_RCPT_CURR,TRANSACTION_ID
SERVICE_RCPT_CURR,CURRENCY_ID
SERVICE_RCVR_DISP,RECEIVER_ID
SERVICE_RCVR_DISP,RECEIVER_LINE_NO
SERVICE_RCVR_DISP,DISPATCH_ID
SERVICE_RCVR_DISP,DISPATCH_LINE_NO
SERVICE_RECEIPT,TRANSACTION_ID
SERVICE_SHIPPING,VENDOR_ID
SERVICE_SHIPPING,DISPATCH_ADDR_ID
SERVICE_SHIPPING,SERVICE_ID
SERVICE_SHIPPING,SERVICE_PART_ID
SERVICE_SHIPPING,CONTAINER_PART_ID
SERVICE_SITE,SITE_ID
SERVICE_SITE,SERVICE_ID
SERVICE_UNIT_CONV,SERVICE_ID
SERVICE_UNIT_CONV,FROM_UM
SERVICE_UNIT_CONV,TO_UM
SETTINGS,NAME
SETUP_ATTRIBUTE,ID
SETUP_TYPE,ID
SETUP_TYPE_ATTRIB,SETUP_ID
SETUP_TYPE_ATTRIB,ATTRIBUTE_ID
SHIFT,ID
SHIFT_DAY,SHIFT_ID
SHIFT_DAY,SHIFT_CODE
SHIP_REASON,TYPE
SHIP_REASON,CODE
SHIP_VIA,CODE
SHIP_VIA_SYNC,EVENT_ID
SHIPMENT_DETAIL,CUST_ORDER_ID
SHIPMENT_DETAIL,DIST_NO
SHIPMENT_DETAIL,TRANSACTION_ID
SHIPMENT_DETAIL,CURRENCY_ID
SHIPMENT_DIST,CUST_ORDER_ID
SHIPMENT_DIST,DIST_NO
SHIPMENT_DIST,ENTRY_NO
SHIPMENT_DIST,CURRENCY_ID
SHIPPER,PACKLIST_ID
SHIPPER_INVOICE,PACKLIST_ID
SHIPPER_INVOICE,SITE_ID
SHIPPER_LINE,PACKLIST_ID
SHIPPER_LINE,LINE_NO
SHIPPER_LINE_DEL,PACKLIST_ID
SHIPPER_LINE_DEL,PACKLIST_LINE_NO
SHIPPER_LINE_DEL,LINE_NO
SHIPTO_ADDRESS,ADDR_NO
SHIPTO_ALT_WAREHS,CUSTOMER_ID
SHIPTO_ALT_WAREHS,SHIPTO_ID
SHIPTO_ALT_WAREHS,WAREHOUSE_ID
SHIPTO_PRICE_GROUP,CODE
SHOP_GROUP,GROUP_RESOURCE_ID
SHOP_GROUP,SEQ_NO
SHOP_GROUP,SUB_RESOURCE_ID
SHOP_RESOURCE,ID
SHOP_RESOURCE_SITE,SITE_ID
SHOP_RESOURCE_SITE,RESOURCE_ID
SHOP_VIEW,VIEW_ID
SHOP_VIEW,SEQ_NO
SHOP_VIEW,RESOURCE_ID
SIC,CODE
SIC_SYNC,EVENT_ID
SIMULATION,ID
SITE,ID
SITE_SETTINGS,SITE_ID
SITE_SETTINGS,NAME
SIZING,USER_ID
SIZING,PROGRAM_ID
SIZING,SECTION
SIZING,ENTRY
SLS_TAX_GRP_TAX,SALES_TAX_GROUP_ID
SLS_TAX_GRP_TAX,SALES_TAX_ID
SOA_CODE_LIST,LIST_ID
SOA_CODE_LIST,AGENCY_ID
SOA_CODE_LIST,CODE
SOA_DIMENSION,ID
SOA_DIMENSION,AGENCY_ID
SOA_DOC_SYNC,EVENT_ID
SOA_ID_MAP,NOUN_ID
SOA_ID_MAP,SYS_KEY_ID
SOA_ID_MAP,SYS_ENTITY_ID
SOA_ID_MAP,SYS_AGENCY_ID
SOA_NOUN,ID
SOA_NOUN,NAME
SPLIT_TRANS,TRANSACTION_ID
SPLIT_TRANS_CURR,TRANSACTION_ID
SPLIT_TRANS_CURR,CURRENCY_ID
SPREAD_PROFILE,id
SPREAD_PROFILE,acct_period
STAGE,ID
STATE_PROVINCE,CODE
SUMMARY_CODE,CODE
SUMMARY_TABLE,ID
SUPPLIER_PREFERENCES,ID
T_NORMAL_DIST,T
T_SEC_APPROX_K1,T
TABLE_LIST,TABLE_NAME
TARE,ID
TARIFF,CODE
TASK,TYPE
TASK,TASK_NO
TASK,SEQ_NO
TASK_BINARY,TASK_TYPE
TASK_BINARY,TASK_NO
TASK_BINARY,SEQ_NO
TASK_REJ_CODES,CODE
TC_MASTER,ID
TC_PROJECT,TC_ID
TC_PROJECT,PROJECT_ID
TERMS,ID
TERMS_INST,TERMS_ID
TERMS_INST,INST_NO
TERRITORY,CODE
TERRITORY_SYNC,EVENT_ID
TEST,ID
TEST_BINARY,TEST_ID
TEST_BINARY,TYPE
TEST_RESULT,TEST_ID
TEST_RESULT,STEP_NO
TEST_RESULT,SUBGROUP_NO
TEST_RESULT,COUNT_NO
TEST_STEP,TEST_ID
TEST_STEP,STEP_NO
TEST_STEP_BINARY,TEST_ID
TEST_STEP_BINARY,STEP_NO
TEST_STEP_BINARY,TYPE
TOOLBAR,USER_ID
TOOLBAR,PROGRAM_ID
TOOLBAR,ID
TRACE,PART_ID
TRACE,ID
TRACE_DATE,PART_ID
TRACE_DATE,DATE_NAME
TRACE_DOCUMENTS,TRACE_ID
TRACE_DOCUMENTS,REFERENCE
TRACE_HISTORY,PART_ID
TRACE_HISTORY,TRACE_ID
TRACE_HISTORY,CREATE_DATE
TRACE_INV_TRANS,PART_ID
TRACE_INV_TRANS,TRACE_ID
TRACE_INV_TRANS,TRANSACTION_ID
TRACE_LABOR_TRANS,PART_ID
TRACE_LABOR_TRANS,TRACE_ID
TRACE_LABOR_TRANS,TRANSACTION_ID
TRACE_NUMBERING,ID
TRACE_PROFILE,SITE_ID
TRACE_PROFILE,PART_ID
TRACE_SERV_DISP,PART_ID
TRACE_SERV_DISP,TRACE_ID
TRACE_SERV_DISP,DISPATCH_ID
TRACE_SERV_DISP,DISP_LINE_NO
TRACE_SERV_TRANS,PART_ID
TRACE_SERV_TRANS,TRACE_ID
TRACE_SERV_TRANS,TRANSACTION_ID
TRANS_CATEGORY,ID
TRANSIT_TIME,FROM_WAREHOUSE_ID
TRANSIT_TIME,TO_WAREHOUSE_ID
UDF_LAYOUT,ID
UNITS,UNIT_OF_MEASURE
UNITS_CONVERSION,FROM_UM
UNITS_CONVERSION,TO_UM
UNP_MNT_BINARY,CALL_ID
UNP_MNT_BINARY,TYPE
UNP_MNT_CALLS,call_id
UNP_MNT_ENGINEER,resource_id
UNP_MNT_ENGINEER,key1_id
UNP_MNT_ENGINEER,key2_id
UNP_MNT_ENGINEER,key_type
UNP_MNT_ESCALATION,id
UNP_MNT_FAULT_CODE,id
UNP_MNT_FAULT_CODE,type_id
UNP_MNT_FAULT_TYPE,id
UNP_MNT_REM_CODE,id
UNP_MNT_REM_CODE,type_id
UNP_MNT_REM_TYPE,id
UNP_MNT_STD_REPAIR,equipment_type
UNP_MNT_STD_REPAIR,equipment_model
UNP_MNT_STD_REPAIR,fault_type
UNP_MNT_STD_REPAIR,fault_code
UNP_MNT_STD_REPAIR,part_id
UNP_MNT_STD_REPAIR,engineer_master
UNP_MNT_URGENCY,id
UOM_CATEGORY,CODE
USER_DIM_MAPPING,OWNER_TABLE
USER_DIM_MAPPING,OWNER_ID
USER_DIM_MAPPING,DIMENSION
USER_DIM_MAPPING,PROCESS_TYPE
USER_DIM_MAPPING,EFFECTIVE_DATE
USER_DIM_PROC_PRI,DIMENSION
USER_DIM_PROC_PRI,PROCESS_TYPE
USER_DIM_PROC_PRI,SOURCE_TYPE
USER_DIMENSION,DIMENSION
USER_DIMENSION,ID
USER_DIMENSION_SETUP,DIMENSION
USER_FLD_AUTHORITY,USER_ID
USER_FLD_AUTHORITY,PROGRAM_ID
USER_FLD_AUTHORITY,PROGRAM_FIELD
USER_MNU_AUTHORITY,USER_ID
USER_MNU_AUTHORITY,GROUP_ID
USER_MNU_AUTHORITY,LANGUAGE_ID
USER_PGM_AUTHORITY,USER_ID
USER_PGM_AUTHORITY,PROGRAM_ID
USER_PGM_AUTHORITY,PROGRAM_COMPONENT
USER_PROFILE,USER_ID
USER_PROFILE,PROFILE_ID
USER_SITE,SITE_ID
USER_SITE,USER_ID
V_ACCOUNT,ID
V_ACCT_BINARY,ACCT_ID
V_ACCT_BINARY,TYPE
V_ACCT_CONTACT,ACCT_ID
V_ACCT_CONTACT,CONT_ID
V_ACCT_ENTITY,ENTITY_ID
V_ACCT_ENTITY,ACCT_ID
V_ACCT_SALESREP,ACCT_ID
V_ACCT_SALESREP,SALESREP_ID
V_ACCT_SITE,SITE_ID
V_ACCT_SITE,ACCT_ID
V_ACCT_TYPE,ID
V_ADDRESS,ID
V_ADMIN,ID
V_ANNUAL_SALES,ID
V_AREA,ID
V_BRANCH,ID
V_BUSINESS_UNIT,ID
V_CAL_BINARY,CAL_ID
V_CAL_BINARY,TYPE
V_CAL_CONTACT,CAL_ID
V_CAL_CONTACT,CONTACT_ID
V_CALENDAR,ID
V_CALL,ID
V_CALL_BILL_RATE,ID
V_CALL_BINARY,CALL_ID
V_CALL_BINARY,TYPE
V_CALL_ISS_BINARY,CALL_ID
V_CALL_ISS_BINARY,ISSUE_NO
V_CALL_ISS_BINARY,TYPE
V_CALL_ISS_KEY,CALL_ID
V_CALL_ISS_KEY,ISSUE_NO
V_CALL_ISS_KEY,KEY_NO
V_CALL_ISSUE,CALL_ID
V_CALL_ISSUE,LINE_NO
V_CALL_RES_BINARY,CALL_ID
V_CALL_RES_BINARY,ISSUE_NO
V_CALL_RES_BINARY,RESOLUTION_NO
V_CALL_RES_BINARY,TYPE
V_CALL_RES_KEYS,CALL_ID
V_CALL_RES_KEYS,ISSUE_NO
V_CALL_RES_KEYS,RESOLUTION_NO
V_CALL_RES_KEYS,KEY_NO
V_CALL_RESOLUTION,CALL_ID
V_CALL_RESOLUTION,ISSUE_NO
V_CALL_RESOLUTION,LINE_NO
V_CATEGORY,ID
V_CATEGORY,KEYWORD_ID
V_COMMIS_SHARE,ID
V_COMMIS_SHARE,SALESREP_ID
V_COMMIS_SHARE,TYPE
V_COMMIS_SHARE,TYPE_ID
V_CONTACT,ID
V_CONTACT_BINARY,CONTACT_ID
V_CONTACT_BINARY,TYPE
V_CONTACT_PREF,ID
V_CONTR_ADDR,ADDR_ID
V_CONTR_ADDR,CONTR_ID
V_CONTR_BILLING,CONTR_ID
V_CONTR_BILLING,EVENT_SEQ_NO
V_CONTR_BINARY,CONTR_ID
V_CONTR_BINARY,TYPE
V_CONTR_CHARGE,ID
V_CONTR_CONT,CONTR_ID
V_CONTR_CONT,CONTACT_ID
V_CONTR_ITEM,CONTR_ID
V_CONTR_ITEM,ITEM_NO
V_CONTR_ITEM_BIN,CONTR_ID
V_CONTR_ITEM_BIN,ITEM_TYPE
V_CONTR_ITEM_BIN,LINE_NO
V_CONTR_ITEM_BIN,TYPE
V_CONTR_PMT,CONTR_ID
V_CONTR_PMT,ID
V_CONTR_TYPE,ID
V_CONTRACT,ID
V_COUNTY_CODE,COUNTY_NAME
V_COUNTY_CODE,STATE
V_CRM_SYNCH,CUSTOMER_ID
V_CRM_SYNCH,TRX_TYPE
V_CRM_SYNCH,TABLE_NAME
V_CUSTOM,ID
V_CUSTOM,BUS_TYPE
V_CUSTOM_BINARY,BUS_TYPE
V_CUSTOM_BINARY,CUSTOM_ID
V_CUSTOM_BINARY,TYPE
V_CUSTOM_DEF,BUS_TYPE
V_CUSTOM_JUNC,ID_1
V_CUSTOM_JUNC,BUS_TYPE_1
V_CUSTOM_JUNC,ID_2
V_CUSTOM_JUNC,BUS_TYPE_2
V_CUSTOM_REL,BUS_TYPE
V_CUSTOM_REL,REL_BUS_TYPE
V_DIVISION,ID
V_DOC_CATALOG,ID
V_DOC_CATEGORY,ID
V_DOC_SENT,ID
V_DOC_TYPE,ID
V_DOC_TYPE,DOC_CATGRY_ID
V_DUPLICATES,ID
V_DUPLICATES,TYPE
V_DUPLICATES,TYPE_ID
V_EMP_MATRIX,EMP_ID
V_EMP_MATRIX,RESOURCE_ID
V_EMPLOYEE,ID
V_EVENT,ID
V_EVENT_ATTENDEE,ID
V_EVENT_ATTENDEE,EVENT_ID
V_EVENT_ATTENDEE,CONTACT_ID
V_EVENT_STAGE,ID
V_EXP_CODE,ID
V_FILTER,ID
V_GRID_LAYOUT,BUS_TYPE
V_GRID_LAYOUT,FIELD_NAME
V_HISTORY,ID
V_HISTORY_CATEGORY,ID
V_HISTORY_TYPE,ID
V_INDUSTRY_CODES,ID
V_INDUSTRY_CODES,TYPE
V_INST,ID
V_INST,INST_TYPE
V_INST_LINE,INSTALLMENT_ID
V_INST_LINE,INST_TYPE
V_INST_LINE,INST_NO
V_INV_BINARY,INVOICE_ID
V_INV_BINARY,TYPE
V_INV_LN_BINARY,INVOICE_ID
V_INV_LN_BINARY,LINE_NO
V_INVOICE,ID
V_INVOICE_LINE,INVOICE_ID
V_INVOICE_LINE,LINE_NO
V_KEYWORD,ID
V_LBR_GROUP,ID
V_LBR_GRP_RATE,GROUP_ID
V_LBR_GRP_RATE,RESOURCE_ID
V_LBR_GRP_RATE,EFF_DATE
V_LEAD_SOURCE,ID
V_LEASE_TYPE,ID
V_MAIL_NAVBAR,ID
V_MAIL_NAVBAR,USER_ID
V_MERGE_DOCS,ID
V_NAVBAR,ID
V_OPPORTUNITY,ID
V_OPTY_BINARY,OPTY_ID
V_OPTY_BINARY,TYPE
V_OPTY_COMPET,OPTY_ID
V_OPTY_COMPET,ACCT_ID
V_OPTY_CONTACT,OPTY_ID
V_OPTY_CONTACT,CONTACT_ID
V_OPTY_CURR,ID
V_OPTY_CURR,CURRENCY_ID
V_OPTY_ESTIMATE,EST_ID
V_OPTY_ESTIMATE,OPTY_ID
V_OPTY_ORDER,OPTY_ID
V_OPTY_ORDER,CUST_ORDER_ID
V_OPTY_PLAN,OPTY_ID
V_OPTY_PLAN,STAGE_ID
V_OPTY_PLAN,LINE_NO
V_OPTY_TYPE,ID
V_PAYABLE_DIST,ID
V_POSITION,ID
V_PRIORITY,ID
V_PROBABILITY,ID
V_QTE_LINE_BINARY,QUOTE_ID
V_QTE_LINE_BINARY,LINE_NO
V_QTE_LINE_BINARY,TYPE
V_QUOTA,REPORTING_TYPE
V_QUOTA,REPORTING_ID
V_QUOTA,STAGE_ID
V_QUOTA,YEAR
V_QUOTA,MONTH
V_QUOTE,ID
V_QUOTE_ATTRIB,QUOTE_ID
V_QUOTE_ATTRIB,LINE_NO
V_QUOTE_ATTRIB,PART_NO
V_QUOTE_ATTRIB,ATTRIB_NO
V_QUOTE_BINARY,QUOTE_ID
V_QUOTE_BINARY,TYPE
V_QUOTE_CONTACT,QUOTE_ID
V_QUOTE_CONTACT,CONTACT_ID
V_QUOTE_CURR,ID
V_QUOTE_CURR,CURRENCY_ID
V_QUOTE_ESTIMATE,EST_ID
V_QUOTE_ESTIMATE,QUOTE_ID
V_QUOTE_ESTIMATE,EST_LINE_NO
V_QUOTE_ESTIMATE,QUOTE_LINE_NO
V_QUOTE_LINE,QUOTE_ID
V_QUOTE_LINE,LINE_NO
V_QUOTE_ORDER,CUST_ORDER_ID
V_QUOTE_ORDER,ORDER_LINE_NO
V_QUOTE_ORDER,QUOTE_ID
V_QUOTE_ORDER,QUOTE_LINE_NO
V_QUOTE_PART,QUOTE_ID
V_QUOTE_PART,LINE_NO
V_QUOTE_PART,PART_NO
V_QUOTE_TYPE,ID
V_RECV_DIST,ID
V_RECV_DIST_LINE,DIST_ID
V_RECV_DIST_LINE,ENTRY_NBR
V_RIGHTS,ID
V_RIGHTS,VFO_USER_ID
V_RPT,ID
V_RPT_OPT,ID
V_RPT_USER_OPT,ID
V_SALES_ACTIVITY,PLAN_ID
V_SALES_ACTIVITY,STAGE_ID
V_SALES_ACTIVITY,SEQ_NO
V_SALES_ACTIVITY,LINE_NO
V_SALES_PLAN,ID
V_SALES_STAGE,ID
V_SHOP_RESOURCE,ID
V_SO_EXP_BINARY,SRVC_ORDER_ID
V_SO_EXP_BINARY,LINE_NO
V_SO_EXP_BINARY,TYPE
V_SO_LBR_BINARY,SRVC_ORDER_ID
V_SO_LBR_BINARY,LINE_NO
V_SO_LBR_BINARY,TYPE
V_SO_MTL_BINARY,SRVC_ORDER_ID
V_SO_MTL_BINARY,LINE_NO
V_SO_MTL_BINARY,TYPE
V_SO_OPR_BINARY,SRVC_ORDER_ID
V_SO_OPR_BINARY,LINE_NO
V_SO_OPR_BINARY,TYPE
V_SO_VND_BINARY,SRVC_ORDER_ID
V_SO_VND_BINARY,LINE_NO
V_SO_VND_BINARY,TYPE
V_SRVC_CALL,ID
V_SRVC_CODE,ID
V_SRVC_ORDER,ID
V_SRVC_TYPE,ID
V_SRVCORD_BINARY,SRVC_ORDER_ID
V_SRVCORD_BINARY,TYPE
V_SRVCORD_EXP,SRVC_ORDER_ID
V_SRVCORD_EXP,LINE_NO
V_SRVCORD_LBR,SRVC_ORDER_ID
V_SRVCORD_LBR,LINE_NO
V_SRVCORD_MTL,SRVC_ORDER_ID
V_SRVCORD_MTL,LINE_NO
V_SRVCORD_OPER,SRVC_ORDER_ID
V_SRVCORD_OPER,LINE_NO
V_SRVCORD_VNDR,SRVC_ORDER_ID
V_SRVCORD_VNDR,LINE_NO
V_SUB_AREA,ID
V_SUB_AREA,AREA_ID
V_SYNC_USER,ID
V_TASK,ID
V_TASK_ACTIVITY_TYPE,ID
V_TASK_BINARY,TASK_ID
V_TASK_BINARY,TYPE
V_TASK_CATEGORY,ID
V_TASK_CONTACT,TASK_ID
V_TASK_CONTACT,CONTACT_ID
V_USER,ID
V_USER_AUTH,USER_ID
V_USER_AUTH,PROCESS
V_USER_DEF_LIST,BUS_TYPE
V_USER_DEF_LIST,FIELD_NAME
V_USER_DEF_LIST,CODE
V_USER_DEFINED,BUS_TYPE
V_USER_DEFINED,FIELD_NAME
V_USER_SALESREP,USER_ID
V_USER_SALESREP,SALESREP_ID
V_USER_TYPE,ID
V_VERSION,COMPANY
VAT,CODE
VAT,effective_date
VAT_BOOK,CODE
VAT_BOOK,YEAR
VAT_BOOK,ENTITY_ID
VAT_CATEGORY,id
VEND_BANK_ACCOUNT,ID
VEND_CONTACT,VENDOR_ID
VEND_CONTACT,CONTACT_ID
VEND_GROUP_RELATION,GROUP_ID
VEND_GROUP_RELATION,VENDOR_ID
VENDOR,ID
VENDOR_ADDRESS,VENDOR_ID
VENDOR_ADDRESS,ADDR_NO
VENDOR_BANK,VENDOR_ID
VENDOR_BANK,BANK_ID
VENDOR_BINARY,VENDOR_ID
VENDOR_BINARY,TYPE
VENDOR_BUYER,VENDOR_ID
VENDOR_BUYER,BUYER_ID
VENDOR_CONTACT,VENDOR_ID
VENDOR_CONTACT,CONTACT_NO
VENDOR_ENTITY,ENTITY_ID
VENDOR_ENTITY,VENDOR_ID
VENDOR_GROUP,ID
VENDOR_REMIT_ADDR,VENDOR_ID
VENDOR_REMIT_ADDR,ADDR_NO
VENDOR_SERVICE,SITE_ID
VENDOR_SERVICE,SERVICE_ID
VENDOR_SERVICE,VENDOR_ID
VENDOR_SYNC,EVENT_ID
VMDI_ACK_CODES,ACK_ID
VMDI_ASSOC,LAYOUT_KEY
VMDI_ASSOC,LAYOUT_VERSION
VMDI_ASSOC,LAYOUT_DIRECTION
VMDI_ASSOC,TABLE_NAME
VMDI_ASSOC,TABLE_KEY
VMDI_CSH_HDR,CUSTOMER_ID
VMDI_CSH_HDR,CHECK_ID
VMDI_CSH_LINE,CUSTOMER_ID
VMDI_CSH_LINE,CHECK_ID
VMDI_CSH_LINE,LINE_NO
VMDI_DATA,LAYOUT_KEY
VMDI_DATA,LAYOUT_VERSION
VMDI_DATA,LAYOUT_DIRECTION
VMDI_DATA,SEGMENT_TYPE
VMDI_DATA,TABLE_NAME
VMDI_DATA,COLUMN_NAME
VMDI_LAYOUT,KEY
VMDI_LAYOUT,VERSION
VMDI_LAYOUT,DIRECTION
VMDI_SPECIAL_COLS,LAYOUT_KEY
VMDI_SPECIAL_COLS,TABLE_NAME
VMDI_SPECIAL_COLS,COLUMN_NAME
VMDI_TABLE,LAYOUT_KEY
VMDI_TABLE,LAYOUT_VERSION
VMDI_TABLE,LAYOUT_DIRECTION
VMDI_TABLE,SEGMENT_TYPE
VMDI_TABLE,TABLE_NAME
VMQUERY_ITEM_AUTHORITY,USER_ID
VMQUERY_ITEM_AUTHORITY,ITEM_ID
VR_ANALYTIC_CONFIG,ID
VR_ANALYTIC_CONFIG_PROP,ANALYTIC_CONFIG_ID
VR_ANALYTIC_CONFIG_PROP,PROPERTY_NAME
VR_DATA_SOURCE,ID
VR_DATA_SOURCE_COLUMN,DATA_SOURCE_ID
VR_DATA_SOURCE_COLUMN,NAME
VR_DATA_SOURCE_TABLE,DATA_SOURCE_ID
VR_DATA_SOURCE_TABLE,ALIAS
VR_DATA_SRC_DRILLTO_PARAM,DATA_SOURCE_ID
VR_DATA_SRC_DRILLTO_PARAM,DATA_SOURCE_COLUMN_NAME
VR_DATA_SRC_DRILLTO_PARAM,SEQUENCE_NO
VR_GRID_CONFIG,ID
VR_GRID_CONFIG_COLUMN,GRID_CONFIG_ID
VR_GRID_CONFIG_COLUMN,NAME
VR_MENU,ID
VR_MENU,LOCALE
VR_MENU_NODE,MENU_ID
VR_MENU_NODE,NODE_ID
VR_MENU_NODE,LOCALE
WAREHOUSE,ID
WAREHOUSE_ADDRESS,WAREHOUSE_ID
WAREHOUSE_ADDRESS,ADDR_NO
WAREHOUSE_WIP_VAS,WAREHOUSE_ID
WAREHOUSE_WIP_VAS,PART_ID
WAREHOUSE_WIP_VAS,WIP_VAS_ID
WBS,CODE
WBS,PROJECT_ID
WBS_BILLABLE_TYPE,CODE
WEB_SESSION,USER_ID
WEB_SESSION,APPLICATION_ID
WH_SHIP_ADVICE,ID
WIP_BALANCE,WORKORDER_TYPE
WIP_BALANCE,WORKORDER_BASE_ID
WIP_BALANCE,WORKORDER_LOT_ID
WIP_BALANCE,WORKORDER_SPLIT_ID
WIP_BALANCE,WORKORDER_SUB_ID
WIP_BALANCE,POSTING_DATE
WIP_BALANCE,CURRENCY_ID
WIP_ISSUE_DETAIL,WORKORDER_TYPE
WIP_ISSUE_DETAIL,WORKORDER_BASE_ID
WIP_ISSUE_DETAIL,WORKORDER_LOT_ID
WIP_ISSUE_DETAIL,WORKORDER_SPLIT_ID
WIP_ISSUE_DETAIL,WORKORDER_SUB_ID
WIP_ISSUE_DETAIL,DIST_NO
WIP_ISSUE_DETAIL,TRANSACTION_ID
WIP_ISSUE_DETAIL,CURRENCY_ID
WIP_ISSUE_DIST,WORKORDER_TYPE
WIP_ISSUE_DIST,WORKORDER_BASE_ID
WIP_ISSUE_DIST,WORKORDER_LOT_ID
WIP_ISSUE_DIST,WORKORDER_SPLIT_ID
WIP_ISSUE_DIST,WORKORDER_SUB_ID
WIP_ISSUE_DIST,DIST_NO
WIP_ISSUE_DIST,ENTRY_NO
WIP_ISSUE_DIST,CURRENCY_ID
WIP_LABOR_DETAIL,WORKORDER_TYPE
WIP_LABOR_DETAIL,WORKORDER_BASE_ID
WIP_LABOR_DETAIL,WORKORDER_LOT_ID
WIP_LABOR_DETAIL,WORKORDER_SPLIT_ID
WIP_LABOR_DETAIL,WORKORDER_SUB_ID
WIP_LABOR_DETAIL,DIST_NO
WIP_LABOR_DETAIL,TRANSACTION_ID
WIP_LABOR_DETAIL,CURRENCY_ID
WIP_PAYB_DETAIL,WORKORDER_TYPE
WIP_PAYB_DETAIL,WORKORDER_BASE_ID
WIP_PAYB_DETAIL,WORKORDER_LOT_ID
WIP_PAYB_DETAIL,WORKORDER_SPLIT_ID
WIP_PAYB_DETAIL,WORKORDER_SUB_ID
WIP_PAYB_DETAIL,DIST_NO
WIP_PAYB_DETAIL,VOUCHER_ID
WIP_PAYB_DETAIL,VOUCHER_LINE_NO
WIP_PAYB_DETAIL,CURRENCY_ID
WIP_RECEIPT_DETAIL,WORKORDER_TYPE
WIP_RECEIPT_DETAIL,WORKORDER_BASE_ID
WIP_RECEIPT_DETAIL,WORKORDER_LOT_ID
WIP_RECEIPT_DETAIL,WORKORDER_SPLIT_ID
WIP_RECEIPT_DETAIL,WORKORDER_SUB_ID
WIP_RECEIPT_DETAIL,DIST_NO
WIP_RECEIPT_DETAIL,TRANSACTION_ID
WIP_RECEIPT_DETAIL,CURRENCY_ID
WIP_RECEIPT_DIST,WORKORDER_TYPE
WIP_RECEIPT_DIST,WORKORDER_BASE_ID
WIP_RECEIPT_DIST,WORKORDER_LOT_ID
WIP_RECEIPT_DIST,WORKORDER_SPLIT_ID
WIP_RECEIPT_DIST,WORKORDER_SUB_ID
WIP_RECEIPT_DIST,DIST_NO
WIP_RECEIPT_DIST,ENTRY_NO
WIP_RECEIPT_DIST,CURRENCY_ID
WIP_SERVICE_DETAIL,WORKORDER_TYPE
WIP_SERVICE_DETAIL,WORKORDER_BASE_ID
WIP_SERVICE_DETAIL,WORKORDER_LOT_ID
WIP_SERVICE_DETAIL,WORKORDER_SPLIT_ID
WIP_SERVICE_DETAIL,WORKORDER_SUB_ID
WIP_SERVICE_DETAIL,DIST_NO
WIP_SERVICE_DETAIL,TRANSACTION_ID
WIP_SERVICE_DETAIL,CURRENCY_ID
WIP_SPLIT_DETAIL,WORKORDER_TYPE
WIP_SPLIT_DETAIL,WORKORDER_BASE_ID
WIP_SPLIT_DETAIL,WORKORDER_LOT_ID
WIP_SPLIT_DETAIL,WORKORDER_SPLIT_ID
WIP_SPLIT_DETAIL,WORKORDER_SUB_ID
WIP_SPLIT_DETAIL,DIST_NO
WIP_SPLIT_DETAIL,TRANSACTION_ID
WIP_SPLIT_DETAIL,CURRENCY_ID
WIP_VAS,WIP_VAS_ID
WIP_VAS_SYNC,EVENT_ID
WITHHOLDING,CODE
WO_SCH_PRIORITY,SCHEDULE_ID
WO_SCH_PRIORITY,WORKORDER_TYPE
WO_SCH_PRIORITY,WORKORDER_BASE_ID
WO_SCH_PRIORITY,WORKORDER_LOT_ID
WO_SCH_PRIORITY,WORKORDER_SPLIT_ID
WO_SCH_PRIORITY,WORKORDER_SUB_ID
WO_SETUP_ATTRIB,WORKORDER_TYPE
WO_SETUP_ATTRIB,WORKORDER_BASE_ID
WO_SETUP_ATTRIB,WORKORDER_LOT_ID
WO_SETUP_ATTRIB,WORKORDER_SPLIT_ID
WO_SETUP_ATTRIB,WORKORDER_SUB_ID
WO_SETUP_ATTRIB,ATTRIBUTE_ID
WORK_ORDER,TYPE
WORK_ORDER,BASE_ID
WORK_ORDER,LOT_ID
WORK_ORDER,SPLIT_ID
WORK_ORDER,SUB_ID
WORK_ORDER_SCHED,SCHEDULE_ID
WORK_ORDER_SCHED,WORKORDER_TYPE
WORK_ORDER_SCHED,WORKORDER_BASE_ID
WORK_ORDER_SCHED,WORKORDER_LOT_ID
WORK_ORDER_SCHED,WORKORDER_SPLIT_ID
WORK_ORDER_SCHED,WORKORDER_SUB_ID
WORK_ORDER_SYNC,EVENT_ID
WORKFLOW,TYPE
WORKFLOW,APPLICATION_AREA
WORKFLOW,TEMPLATE_NAME
WORKFLOW,REFERENCE
WORKFLOW_EVENT,CREATE_DATE
WORKORD_MILESTONE,WORKORDER_TYPE
WORKORD_MILESTONE,WORKORDER_BASE_ID
WORKORD_MILESTONE,WORKORDER_LOT_ID
WORKORD_MILESTONE,WORKORDER_SPLIT_ID
WORKORD_MILESTONE,WORKORDER_SUB_ID
WORKORD_MILESTONE,MILESTONE_ID
WORKORDER_AUDIT,SCHEDULE_ID
WORKORDER_AUDIT,WORKORDER_TYPE
WORKORDER_AUDIT,WORKORDER_BASE_ID
WORKORDER_AUDIT,WORKORDER_LOT_ID
WORKORDER_AUDIT,WORKORDER_SPLIT_ID
WORKORDER_AUDIT,PASS_NO
WORKORDER_BINARY,WORKORDER_TYPE
WORKORDER_BINARY,WORKORDER_BASE_ID
WORKORDER_BINARY,WORKORDER_LOT_ID
WORKORDER_BINARY,WORKORDER_SPLIT_ID
WORKORDER_BINARY,WORKORDER_SUB_ID
WORKORDER_BINARY,TYPE
WORKORDER_SUMMARY,SPID
WORKORDER_SUMMARY,WORKORDER_TYPE
WORKORDER_SUMMARY,WORKORDER_BASE_ID
WORKORDER_SUMMARY,WORKORDER_LOT_ID
WORKORDER_SUMMARY,WORKORDER_SPLIT_ID
WORKORDER_SUMMARY,WORKORDER_SUB_ID
WORKORDER_TRC_CTL,WORKORDER_TYPE
WORKORDER_TRC_CTL,WORKORDER_BASE_ID
WORKORDER_TRC_CTL,WORKORDER_LOT_ID
WORKORDER_TRC_CTL,WORKORDER_SPLIT_ID
WORKORDER_TRC_CTL,WORKORDER_SUB_ID